title,address,distance,link,beds,baths,price,sqft,availability,lease_terms,amenities,per bedroom pricing,call for rent,price_avg,dishwasher,washer/dryer in unit,has balcony,gym,internet,pool,near bus stop,furnished,parking,laundry available,pet friendly,individual lease,disability access
The Bennett,"8005 Russell Rd, Charlottesville, VA 22903",0.5,https://offgroundshousing.student.virginia.edu/housing/property/the-bennett/krp5ngb,1.0,1.0,Call for Rent,621,Not Available,"12 month lease, 3 Month lease, 6 Month lease, 8 Month, 9 month lease, Flexible/Other lease, Short-Term lease","Clubhouse, Community Lounge, Elevator, Fitness Room, Full-time Maintenance Staff, Manager on Site, Outdoor Rec Space, Pool, Property Manager On-Site, Walking/Jogging Trails, Furnished, Kitchen, Patio, Balcony, Porch or Deck, Refrigerator, Stove, Balconies in select residences*, EV Car Charging Stations, Full size GE™ washer/dryer, Golf Simulator, Micromarket, Outdoor social spaces with fire pits, hammocks, trellis swings and amphitheater seating, Pickleball Court, Stainless steel GE appliances, Tot lots, Two clubhouses with co-working lounges, Two resort-style swimming pools and grilling stations, Two state-of-the-art fitness centers and yoga studios, Walking trails with on-property access to Rivanna Trail",0,1,,0,0,1,1,0,1,0,1,0,0,0,0,0
The Bennett,"8005 Russell Rd, Charlottesville, VA 22903",0.5,https://offgroundshousing.student.virginia.edu/housing/property/the-bennett/krp5ngb,1.0,1.0,Call for Rent,667,Not Available,"12 month lease, 3 Month lease, 6 Month lease, 8 Month, 9 month lease, Flexible/Other lease, Short-Term lease","Clubhouse, Community Lounge, Elevator, Fitness Room, Full-time Maintenance Staff, Manager on Site, Outdoor Rec Space, Pool, Property Manager On-Site, Walking/Jogging Trails, Furnished, Kitchen, Patio, Balcony, Porch or Deck, Refrigerator, Stove, Balconies in select residences*, EV Car Charging Stations, Full size GE™ washer/dryer, Golf Simulator, Micromarket, Outdoor social spaces with fire pits, hammocks, trellis swings and amphitheater seating, Pickleball Court, Stainless steel GE appliances, Tot lots, Two clubhouses with co-working lounges, Two resort-style swimming pools and grilling stations, Two state-of-the-art fitness centers and yoga studios, Walking trails with on-property access to Rivanna Trail",0,1,,0,0,1,1,0,1,0,1,0,0,0,0,0
Sunset Avenue 2BR Duplex - Luxurious living for an affordable price!,"106 Sunset Avenue, Charlottesville, VA 22903",0.5,https://offgroundshousing.student.virginia.edu/housing/property/sunset-avenue-2br-duplex-luxurious-living-for-an-affordable-price/ocp8dy97l2,2.0,1.0,"$2,025
Plus Fees
12 Month Lease",892,7/1/26,12 month lease,"Air Conditioning, Dishwasher, Hardwood Floors, Patio, Balcony, Porch or Deck, Fitness Room, International Student Friendly, Washer/Dryer in Unit",0,0,2025.0,1,1,1,1,0,0,0,0,0,0,0,0,0
Sunset Avenue 2BR Duplex - Luxurious living for an affordable price!,"106 Sunset Avenue, Charlottesville, VA 22903",0.5,https://offgroundshousing.student.virginia.edu/housing/property/sunset-avenue-2br-duplex-luxurious-living-for-an-affordable-price/ocp8dy97l2,2.0,1.0,"$2,025
Plus Fees
12 Month Lease",892,8/15/26,12 month lease,"Air Conditioning, Dishwasher, Hardwood Floors, Patio, Balcony, Porch or Deck, Fitness Room, International Student Friendly, Washer/Dryer in Unit",0,0,2025.0,1,1,1,1,0,0,0,0,0,0,0,0,0
Altoview Apartment Homes,"310 Fisher St, Charlottesville, VA 22911",4.1,https://offgroundshousing.student.virginia.edu/housing/property/altoview-apartment-homes/k98sgs8,1.0,1.0,"Total Monthly Price
$1,967 - $2,272",714,Available Now,"12 month lease, Flexible/Other lease","Air Conditioning, Carpet, Ceiling Fans, Dining Room, Dishwasher, Extra Storage, Garbage Disposal, Granite Countertops, Heat - Central, Heat - Floor/Wall, Heating, Kitchen, Laminate Floors, Microwave, Patio, Balcony, Porch or Deck, BBQ/BBQ Area, Business Center, Clubhouse, Community Lounge, Conference Room, Elevator, Fitness Room, Full-time Maintenance Staff, Manager on Site, Outdoor Rec Space, Pool, Property Manager On-Site, Walking/Jogging Trails, Washer/Dryer in Unit, 1st Floor Premium, 24/7 Amazon Hub, Cozy fire pit, Cyber cafe, Detached garages available, Elevator Building, Grilling Area, Outdoor cooking & dining area, Pet Spa, Resort style swimming pool, Top Floor, Yoga/aerobic studio",0,0,2119.5,1,1,1,1,0,1,0,0,1,0,1,0,0
Altoview Apartment Homes,"310 Fisher St, Charlottesville, VA 22911",4.1,https://offgroundshousing.student.virginia.edu/housing/property/altoview-apartment-homes/k98sgs8,1.0,1.0,"Total Monthly Price
$2,038 - $2,297",896,Available Now,"12 month lease, Flexible/Other lease","Air Conditioning, Carpet, Ceiling Fans, Dining Room, Dishwasher, Extra Storage, Garbage Disposal, Granite Countertops, Heat - Central, Heat - Floor/Wall, Heating, Kitchen, Laminate Floors, Microwave, Patio, Balcony, Porch or Deck, BBQ/BBQ Area, Business Center, Clubhouse, Community Lounge, Conference Room, Elevator, Fitness Room, Full-time Maintenance Staff, Manager on Site, Outdoor Rec Space, Pool, Property Manager On-Site, Walking/Jogging Trails, Washer/Dryer in Unit, 1st Floor Premium, 24/7 Amazon Hub, Cozy fire pit, Cyber cafe, Detached garages available, Elevator Building, Grilling Area, Outdoor cooking & dining area, Pet Spa, Resort style swimming pool, Top Floor, Yoga/aerobic studio",0,0,2167.5,1,1,1,1,0,1,0,0,1,0,1,0,0
Altoview Apartment Homes,"310 Fisher St, Charlottesville, VA 22911",4.1,https://offgroundshousing.student.virginia.edu/housing/property/altoview-apartment-homes/k98sgs8,1.0,1.0,"Total Monthly Price
$2,037",645,4/14/26,"12 month lease, Flexible/Other lease","Air Conditioning, Carpet, Ceiling Fans, Dining Room, Dishwasher, Extra Storage, Garbage Disposal, Granite Countertops, Heat - Central, Heat - Floor/Wall, Heating, Kitchen, Laminate Floors, Microwave, Patio, Balcony, Porch or Deck, BBQ/BBQ Area, Business Center, Clubhouse, Community Lounge, Conference Room, Elevator, Fitness Room, Full-time Maintenance Staff, Manager on Site, Outdoor Rec Space, Pool, Property Manager On-Site, Walking/Jogging Trails, Washer/Dryer in Unit, 1st Floor Premium, 24/7 Amazon Hub, Cozy fire pit, Cyber cafe, Detached garages available, Elevator Building, Grilling Area, Outdoor cooking & dining area, Pet Spa, Resort style swimming pool, Top Floor, Yoga/aerobic studio",0,0,2037.0,1,1,1,1,0,1,0,0,1,0,1,0,0
Altoview Apartment Homes,"310 Fisher St, Charlottesville, VA 22911",4.1,https://offgroundshousing.student.virginia.edu/housing/property/altoview-apartment-homes/k98sgs8,2.0,2.0,"Total Monthly Price
$2,372 - $2,522","1,153",4/8/26,"12 month lease, Flexible/Other lease","Air Conditioning, Carpet, Ceiling Fans, Dining Room, Dishwasher, Extra Storage, Garbage Disposal, Granite Countertops, Heat - Central, Heat - Floor/Wall, Heating, Kitchen, Laminate Floors, Microwave, Patio, Balcony, Porch or Deck, BBQ/BBQ Area, Business Center, Clubhouse, Community Lounge, Conference Room, Elevator, Fitness Room, Full-time Maintenance Staff, Manager on Site, Outdoor Rec Space, Pool, Property Manager On-Site, Walking/Jogging Trails, Washer/Dryer in Unit, 1st Floor Premium, 24/7 Amazon Hub, Cozy fire pit, Cyber cafe, Detached garages available, Elevator Building, Grilling Area, Outdoor cooking & dining area, Pet Spa, Resort style swimming pool, Top Floor, Yoga/aerobic studio",0,0,2447.0,1,1,1,1,0,1,0,0,1,0,1,0,0
Altoview Apartment Homes,"310 Fisher St, Charlottesville, VA 22911",4.1,https://offgroundshousing.student.virginia.edu/housing/property/altoview-apartment-homes/k98sgs8,2.0,2.0,"Total Monthly Price
$2,257","1,036",Not Available,"12 month lease, Flexible/Other lease","Air Conditioning, Carpet, Ceiling Fans, Dining Room, Dishwasher, Extra Storage, Garbage Disposal, Granite Countertops, Heat - Central, Heat - Floor/Wall, Heating, Kitchen, Laminate Floors, Microwave, Patio, Balcony, Porch or Deck, BBQ/BBQ Area, Business Center, Clubhouse, Community Lounge, Conference Room, Elevator, Fitness Room, Full-time Maintenance Staff, Manager on Site, Outdoor Rec Space, Pool, Property Manager On-Site, Walking/Jogging Trails, Washer/Dryer in Unit, 1st Floor Premium, 24/7 Amazon Hub, Cozy fire pit, Cyber cafe, Detached garages available, Elevator Building, Grilling Area, Outdoor cooking & dining area, Pet Spa, Resort style swimming pool, Top Floor, Yoga/aerobic studio",0,0,2257.0,1,1,1,1,0,1,0,0,1,0,1,0,0
Altoview Apartment Homes,"310 Fisher St, Charlottesville, VA 22911",4.1,https://offgroundshousing.student.virginia.edu/housing/property/altoview-apartment-homes/k98sgs8,2.0,2.0,"Total Monthly Price
$2,552","1,218",Not Available,"12 month lease, Flexible/Other lease","Air Conditioning, Carpet, Ceiling Fans, Dining Room, Dishwasher, Extra Storage, Garbage Disposal, Granite Countertops, Heat - Central, Heat - Floor/Wall, Heating, Kitchen, Laminate Floors, Microwave, Patio, Balcony, Porch or Deck, BBQ/BBQ Area, Business Center, Clubhouse, Community Lounge, Conference Room, Elevator, Fitness Room, Full-time Maintenance Staff, Manager on Site, Outdoor Rec Space, Pool, Property Manager On-Site, Walking/Jogging Trails, Washer/Dryer in Unit, 1st Floor Premium, 24/7 Amazon Hub, Cozy fire pit, Cyber cafe, Detached garages available, Elevator Building, Grilling Area, Outdoor cooking & dining area, Pet Spa, Resort style swimming pool, Top Floor, Yoga/aerobic studio",0,0,2552.0,1,1,1,1,0,1,0,0,1,0,1,0,0
Altoview Apartment Homes,"310 Fisher St, Charlottesville, VA 22911",4.1,https://offgroundshousing.student.virginia.edu/housing/property/altoview-apartment-homes/k98sgs8,3.0,3.0,"Total Monthly Price
$2,909 - $2,942","1,452",4/14/26,"12 month lease, Flexible/Other lease","Air Conditioning, Carpet, Ceiling Fans, Dining Room, Dishwasher, Extra Storage, Garbage Disposal, Granite Countertops, Heat - Central, Heat - Floor/Wall, Heating, Kitchen, Laminate Floors, Microwave, Patio, Balcony, Porch or Deck, BBQ/BBQ Area, Business Center, Clubhouse, Community Lounge, Conference Room, Elevator, Fitness Room, Full-time Maintenance Staff, Manager on Site, Outdoor Rec Space, Pool, Property Manager On-Site, Walking/Jogging Trails, Washer/Dryer in Unit, 1st Floor Premium, 24/7 Amazon Hub, Cozy fire pit, Cyber cafe, Detached garages available, Elevator Building, Grilling Area, Outdoor cooking & dining area, Pet Spa, Resort style swimming pool, Top Floor, Yoga/aerobic studio",0,0,2925.5,1,1,1,1,0,1,0,0,1,0,1,0,0
Altoview Apartment Homes,"310 Fisher St, Charlottesville, VA 22911",4.1,https://offgroundshousing.student.virginia.edu/housing/property/altoview-apartment-homes/k98sgs8,3.0,3.0,"Total Monthly Price
$2,717","1,387",Not Available,"12 month lease, Flexible/Other lease","Air Conditioning, Carpet, Ceiling Fans, Dining Room, Dishwasher, Extra Storage, Garbage Disposal, Granite Countertops, Heat - Central, Heat - Floor/Wall, Heating, Kitchen, Laminate Floors, Microwave, Patio, Balcony, Porch or Deck, BBQ/BBQ Area, Business Center, Clubhouse, Community Lounge, Conference Room, Elevator, Fitness Room, Full-time Maintenance Staff, Manager on Site, Outdoor Rec Space, Pool, Property Manager On-Site, Walking/Jogging Trails, Washer/Dryer in Unit, 1st Floor Premium, 24/7 Amazon Hub, Cozy fire pit, Cyber cafe, Detached garages available, Elevator Building, Grilling Area, Outdoor cooking & dining area, Pet Spa, Resort style swimming pool, Top Floor, Yoga/aerobic studio",0,0,2717.0,1,1,1,1,0,1,0,0,1,0,1,0,0
MSC Managed Condo at Walker Square!,"700 Walker Square, Charlottesville, VA 22903",1.0,https://offgroundshousing.student.virginia.edu/housing/property/msc-managed-condo-at-walker-square/ocpdm7py7l,1.0,1.0,"$1,700
12 Month Lease",785,7/1/26,12 Month Lease,"Air Conditioning, Dishwasher, Hardwood Floors, High-Speed Internet Available, Fitness Room, International Student Friendly, Near Bus Stop, Pool, Washer/Dryer in Unit",0,0,1700.0,1,1,0,1,1,1,1,0,0,0,0,0,0
10th & Dairy,"400 10th St NW, Charlottesville, VA 22903",0.8,https://offgroundshousing.student.virginia.edu/housing/property/10th-and-dairy/x0yb9rm,1.0,1.0,"Total Monthly Price
$2,003 - $2,717",667,5/23/26,,"Air Conditioning, Carpet, Dishwasher, Extra Storage, Heat - Central, Heat - Floor/Wall, Heating, High-Speed Internet Available, Kitchen, Laminate Floors, Microwave, Patio, Balcony, Porch or Deck, Refrigerator, Stainless Steel Appliances, Storage for Additional Cost, Bike Racks, Clubhouse, Community Lounge, Conference Room, Elevator, Fitness Room, Full-time Maintenance Staff, Manager on Site, Pool, Property Manager On-Site, Secure bike storage, Study Lounges, Walk to campus, Washer/Dryer in Unit, Air Conditioner, BBQ/Picnic Area, Bike Racks, Cardio room, Ceiling Fan, Coffee bar, Conference room, Coworking lounge, Each apartment features granite countertops, Each apartment is wifi ready, Large Closets, lounge pool and common area wifi, Moveable kitchen island, Off Street Parking, Resident lounge",0,0,2360.0,1,1,1,1,1,1,0,0,1,0,1,0,0
10th & Dairy,"400 10th St NW, Charlottesville, VA 22903",0.8,https://offgroundshousing.student.virginia.edu/housing/property/10th-and-dairy/x0yb9rm,1.0,1.0,"Total Monthly Price
$2,038 - $2,696",763,6/1/26,,"Air Conditioning, Carpet, Dishwasher, Extra Storage, Heat - Central, Heat - Floor/Wall, Heating, High-Speed Internet Available, Kitchen, Laminate Floors, Microwave, Patio, Balcony, Porch or Deck, Refrigerator, Stainless Steel Appliances, Storage for Additional Cost, Bike Racks, Clubhouse, Community Lounge, Conference Room, Elevator, Fitness Room, Full-time Maintenance Staff, Manager on Site, Pool, Property Manager On-Site, Secure bike storage, Study Lounges, Walk to campus, Washer/Dryer in Unit, Air Conditioner, BBQ/Picnic Area, Bike Racks, Cardio room, Ceiling Fan, Coffee bar, Conference room, Coworking lounge, Each apartment features granite countertops, Each apartment is wifi ready, Large Closets, lounge pool and common area wifi, Moveable kitchen island, Off Street Parking, Resident lounge",0,0,2367.0,1,1,1,1,1,1,0,0,1,0,1,0,0
10th & Dairy,"400 10th St NW, Charlottesville, VA 22903",0.8,https://offgroundshousing.student.virginia.edu/housing/property/10th-and-dairy/x0yb9rm,1.0,1.0,"Total Monthly Price
$2,057 - $2,785",735,6/18/26,,"Air Conditioning, Carpet, Dishwasher, Extra Storage, Heat - Central, Heat - Floor/Wall, Heating, High-Speed Internet Available, Kitchen, Laminate Floors, Microwave, Patio, Balcony, Porch or Deck, Refrigerator, Stainless Steel Appliances, Storage for Additional Cost, Bike Racks, Clubhouse, Community Lounge, Conference Room, Elevator, Fitness Room, Full-time Maintenance Staff, Manager on Site, Pool, Property Manager On-Site, Secure bike storage, Study Lounges, Walk to campus, Washer/Dryer in Unit, Air Conditioner, BBQ/Picnic Area, Bike Racks, Cardio room, Ceiling Fan, Coffee bar, Conference room, Coworking lounge, Each apartment features granite countertops, Each apartment is wifi ready, Large Closets, lounge pool and common area wifi, Moveable kitchen island, Off Street Parking, Resident lounge",0,0,2421.0,1,1,1,1,1,1,0,0,1,0,1,0,0
10th & Dairy,"400 10th St NW, Charlottesville, VA 22903",0.8,https://offgroundshousing.student.virginia.edu/housing/property/10th-and-dairy/x0yb9rm,1.0,1.0,"Total Monthly Price
$1,887 - $2,759",648,Available Now,,"Air Conditioning, Carpet, Dishwasher, Extra Storage, Heat - Central, Heat - Floor/Wall, Heating, High-Speed Internet Available, Kitchen, Laminate Floors, Microwave, Patio, Balcony, Porch or Deck, Refrigerator, Stainless Steel Appliances, Storage for Additional Cost, Bike Racks, Clubhouse, Community Lounge, Conference Room, Elevator, Fitness Room, Full-time Maintenance Staff, Manager on Site, Pool, Property Manager On-Site, Secure bike storage, Study Lounges, Walk to campus, Washer/Dryer in Unit, Air Conditioner, BBQ/Picnic Area, Bike Racks, Cardio room, Ceiling Fan, Coffee bar, Conference room, Coworking lounge, Each apartment features granite countertops, Each apartment is wifi ready, Large Closets, lounge pool and common area wifi, Moveable kitchen island, Off Street Parking, Resident lounge",0,0,2323.0,1,1,1,1,1,1,0,0,1,0,1,0,0
10th & Dairy,"400 10th St NW, Charlottesville, VA 22903",0.8,https://offgroundshousing.student.virginia.edu/housing/property/10th-and-dairy/x0yb9rm,1.0,1.0,"Total Monthly Price
$2,009 - $2,891",672,4/6/26,,"Air Conditioning, Carpet, Dishwasher, Extra Storage, Heat - Central, Heat - Floor/Wall, Heating, High-Speed Internet Available, Kitchen, Laminate Floors, Microwave, Patio, Balcony, Porch or Deck, Refrigerator, Stainless Steel Appliances, Storage for Additional Cost, Bike Racks, Clubhouse, Community Lounge, Conference Room, Elevator, Fitness Room, Full-time Maintenance Staff, Manager on Site, Pool, Property Manager On-Site, Secure bike storage, Study Lounges, Walk to campus, Washer/Dryer in Unit, Air Conditioner, BBQ/Picnic Area, Bike Racks, Cardio room, Ceiling Fan, Coffee bar, Conference room, Coworking lounge, Each apartment features granite countertops, Each apartment is wifi ready, Large Closets, lounge pool and common area wifi, Moveable kitchen island, Off Street Parking, Resident lounge",0,0,2450.0,1,1,1,1,1,1,0,0,1,0,1,0,0
10th & Dairy,"400 10th St NW, Charlottesville, VA 22903",0.8,https://offgroundshousing.student.virginia.edu/housing/property/10th-and-dairy/x0yb9rm,1.0,1.0,"Total Monthly Price
$2,017 - $2,667",667,6/8/26,,"Air Conditioning, Carpet, Dishwasher, Extra Storage, Heat - Central, Heat - Floor/Wall, Heating, High-Speed Internet Available, Kitchen, Laminate Floors, Microwave, Patio, Balcony, Porch or Deck, Refrigerator, Stainless Steel Appliances, Storage for Additional Cost, Bike Racks, Clubhouse, Community Lounge, Conference Room, Elevator, Fitness Room, Full-time Maintenance Staff, Manager on Site, Pool, Property Manager On-Site, Secure bike storage, Study Lounges, Walk to campus, Washer/Dryer in Unit, Air Conditioner, BBQ/Picnic Area, Bike Racks, Cardio room, Ceiling Fan, Coffee bar, Conference room, Coworking lounge, Each apartment features granite countertops, Each apartment is wifi ready, Large Closets, lounge pool and common area wifi, Moveable kitchen island, Off Street Parking, Resident lounge",0,0,2342.0,1,1,1,1,1,1,0,0,1,0,1,0,0
10th & Dairy,"400 10th St NW, Charlottesville, VA 22903",0.8,https://offgroundshousing.student.virginia.edu/housing/property/10th-and-dairy/x0yb9rm,1.0,1.0,"Total Monthly Price
$2,023 - $2,675",716,6/23/26,,"Air Conditioning, Carpet, Dishwasher, Extra Storage, Heat - Central, Heat - Floor/Wall, Heating, High-Speed Internet Available, Kitchen, Laminate Floors, Microwave, Patio, Balcony, Porch or Deck, Refrigerator, Stainless Steel Appliances, Storage for Additional Cost, Bike Racks, Clubhouse, Community Lounge, Conference Room, Elevator, Fitness Room, Full-time Maintenance Staff, Manager on Site, Pool, Property Manager On-Site, Secure bike storage, Study Lounges, Walk to campus, Washer/Dryer in Unit, Air Conditioner, BBQ/Picnic Area, Bike Racks, Cardio room, Ceiling Fan, Coffee bar, Conference room, Coworking lounge, Each apartment features granite countertops, Each apartment is wifi ready, Large Closets, lounge pool and common area wifi, Moveable kitchen island, Off Street Parking, Resident lounge",0,0,2349.0,1,1,1,1,1,1,0,0,1,0,1,0,0
10th & Dairy,"400 10th St NW, Charlottesville, VA 22903",0.8,https://offgroundshousing.student.virginia.edu/housing/property/10th-and-dairy/x0yb9rm,1.0,1.0,"Total Monthly Price
$2,027 - $2,745",735,6/29/26,,"Air Conditioning, Carpet, Dishwasher, Extra Storage, Heat - Central, Heat - Floor/Wall, Heating, High-Speed Internet Available, Kitchen, Laminate Floors, Microwave, Patio, Balcony, Porch or Deck, Refrigerator, Stainless Steel Appliances, Storage for Additional Cost, Bike Racks, Clubhouse, Community Lounge, Conference Room, Elevator, Fitness Room, Full-time Maintenance Staff, Manager on Site, Pool, Property Manager On-Site, Secure bike storage, Study Lounges, Walk to campus, Washer/Dryer in Unit, Air Conditioner, BBQ/Picnic Area, Bike Racks, Cardio room, Ceiling Fan, Coffee bar, Conference room, Coworking lounge, Each apartment features granite countertops, Each apartment is wifi ready, Large Closets, lounge pool and common area wifi, Moveable kitchen island, Off Street Parking, Resident lounge",0,0,2386.0,1,1,1,1,1,1,0,0,1,0,1,0,0
10th & Dairy,"400 10th St NW, Charlottesville, VA 22903",0.8,https://offgroundshousing.student.virginia.edu/housing/property/10th-and-dairy/x0yb9rm,2.0,2.0,"Total Monthly Price
$2,411 - $3,540",980,Available Now,,"Air Conditioning, Carpet, Dishwasher, Extra Storage, Heat - Central, Heat - Floor/Wall, Heating, High-Speed Internet Available, Kitchen, Laminate Floors, Microwave, Patio, Balcony, Porch or Deck, Refrigerator, Stainless Steel Appliances, Storage for Additional Cost, Bike Racks, Clubhouse, Community Lounge, Conference Room, Elevator, Fitness Room, Full-time Maintenance Staff, Manager on Site, Pool, Property Manager On-Site, Secure bike storage, Study Lounges, Walk to campus, Washer/Dryer in Unit, Air Conditioner, BBQ/Picnic Area, Bike Racks, Cardio room, Ceiling Fan, Coffee bar, Conference room, Coworking lounge, Each apartment features granite countertops, Each apartment is wifi ready, Large Closets, lounge pool and common area wifi, Moveable kitchen island, Off Street Parking, Resident lounge",0,0,2975.5,1,1,1,1,1,1,0,0,1,0,1,0,0
10th & Dairy,"400 10th St NW, Charlottesville, VA 22903",0.8,https://offgroundshousing.student.virginia.edu/housing/property/10th-and-dairy/x0yb9rm,2.0,2.0,"Total Monthly Price
$2,536 - $3,815","1,146",Available Now,,"Air Conditioning, Carpet, Dishwasher, Extra Storage, Heat - Central, Heat - Floor/Wall, Heating, High-Speed Internet Available, Kitchen, Laminate Floors, Microwave, Patio, Balcony, Porch or Deck, Refrigerator, Stainless Steel Appliances, Storage for Additional Cost, Bike Racks, Clubhouse, Community Lounge, Conference Room, Elevator, Fitness Room, Full-time Maintenance Staff, Manager on Site, Pool, Property Manager On-Site, Secure bike storage, Study Lounges, Walk to campus, Washer/Dryer in Unit, Air Conditioner, BBQ/Picnic Area, Bike Racks, Cardio room, Ceiling Fan, Coffee bar, Conference room, Coworking lounge, Each apartment features granite countertops, Each apartment is wifi ready, Large Closets, lounge pool and common area wifi, Moveable kitchen island, Off Street Parking, Resident lounge",0,0,3175.5,1,1,1,1,1,1,0,0,1,0,1,0,0
Hemlock Lane - Quaint Home Available in August!,"932 Hemlock Ln, Charlottesville, VA 22903",0.7,https://offgroundshousing.student.virginia.edu/housing/property/hemlock-lane-quaint-home-available-in-august/ocpz1ps10w,2.0,1.0,"$1,975
Plus Fees
12 Month Lease",921,7/17/26,12 Month Lease,"Air Conditioning, Hardwood Floors, High-Speed Internet Available, Patio, Balcony, Porch or Deck, International Student Friendly, Washer/Dryer Hookups, Washer/Dryer in Unit",0,0,1975.0,0,1,1,0,1,0,0,0,0,0,0,0,0
Six hundred West Main,"600 W Main St, Charlottesville, VA 22903",0.4,https://offgroundshousing.student.virginia.edu/housing/property/six-hundred-west-main/8z0s1t2,1.0,1.0,"Total Monthly Price
$2,617",661,6/8/26,,"Dishwasher, Extra Storage, Garbage Disposal, Microwave, Refrigerator, Storage for Additional Cost, Apartment home-interior features: custom roller window shades, Black Matte Appliances, Community Bike Storage, Complimentary Resident Bikes, Courtyard Fireplace, Discounted ACAC Membership, Glass Top Range, Matte Black Fixtures, oversized walk-in closets, Secured Covered Parking, Stoarge Garage, Valet Trash, Waterfall Quartz Kitchen Island",0,0,2617.0,1,0,0,0,0,0,0,0,1,0,0,0,0
Six hundred West Main,"600 W Main St, Charlottesville, VA 22903",0.4,https://offgroundshousing.student.virginia.edu/housing/property/six-hundred-west-main/8z0s1t2,1.0,1.0,"Total Monthly Price
$2,423",652,8/29/26,,"Dishwasher, Extra Storage, Garbage Disposal, Microwave, Refrigerator, Storage for Additional Cost, Apartment home-interior features: custom roller window shades, Black Matte Appliances, Community Bike Storage, Complimentary Resident Bikes, Courtyard Fireplace, Discounted ACAC Membership, Glass Top Range, Matte Black Fixtures, oversized walk-in closets, Secured Covered Parking, Stoarge Garage, Valet Trash, Waterfall Quartz Kitchen Island",0,0,2423.0,1,0,0,0,0,0,0,0,1,0,0,0,0
Six hundred West Main,"600 W Main St, Charlottesville, VA 22903",0.4,https://offgroundshousing.student.virginia.edu/housing/property/six-hundred-west-main/8z0s1t2,1.0,1.0,"Total Monthly Price
$2,467",671,6/6/26,,"Dishwasher, Extra Storage, Garbage Disposal, Microwave, Refrigerator, Storage for Additional Cost, Apartment home-interior features: custom roller window shades, Black Matte Appliances, Community Bike Storage, Complimentary Resident Bikes, Courtyard Fireplace, Discounted ACAC Membership, Glass Top Range, Matte Black Fixtures, oversized walk-in closets, Secured Covered Parking, Stoarge Garage, Valet Trash, Waterfall Quartz Kitchen Island",0,0,2467.0,1,0,0,0,0,0,0,0,1,0,0,0,0
Six hundred West Main,"600 W Main St, Charlottesville, VA 22903",0.4,https://offgroundshousing.student.virginia.edu/housing/property/six-hundred-west-main/8z0s1t2,1.0,1.0,"Total Monthly Price
$2,514",662,Available Now,,"Dishwasher, Extra Storage, Garbage Disposal, Microwave, Refrigerator, Storage for Additional Cost, Apartment home-interior features: custom roller window shades, Black Matte Appliances, Community Bike Storage, Complimentary Resident Bikes, Courtyard Fireplace, Discounted ACAC Membership, Glass Top Range, Matte Black Fixtures, oversized walk-in closets, Secured Covered Parking, Stoarge Garage, Valet Trash, Waterfall Quartz Kitchen Island",0,0,2514.0,1,0,0,0,0,0,0,0,1,0,0,0,0
Six hundred West Main,"600 W Main St, Charlottesville, VA 22903",0.4,https://offgroundshousing.student.virginia.edu/housing/property/six-hundred-west-main/8z0s1t2,1.0,1.0,"Total Monthly Price
$2,687",671,Available Now,,"Dishwasher, Extra Storage, Garbage Disposal, Microwave, Refrigerator, Storage for Additional Cost, Apartment home-interior features: custom roller window shades, Black Matte Appliances, Community Bike Storage, Complimentary Resident Bikes, Courtyard Fireplace, Discounted ACAC Membership, Glass Top Range, Matte Black Fixtures, oversized walk-in closets, Secured Covered Parking, Stoarge Garage, Valet Trash, Waterfall Quartz Kitchen Island",0,0,2687.0,1,0,0,0,0,0,0,0,1,0,0,0,0
Six hundred West Main,"600 W Main St, Charlottesville, VA 22903",0.4,https://offgroundshousing.student.virginia.edu/housing/property/six-hundred-west-main/8z0s1t2,1.0,1.0,"Total Monthly Price
$4,329",812,6/10/26,,"Dishwasher, Extra Storage, Garbage Disposal, Microwave, Refrigerator, Storage for Additional Cost, Apartment home-interior features: custom roller window shades, Black Matte Appliances, Community Bike Storage, Complimentary Resident Bikes, Courtyard Fireplace, Discounted ACAC Membership, Glass Top Range, Matte Black Fixtures, oversized walk-in closets, Secured Covered Parking, Stoarge Garage, Valet Trash, Waterfall Quartz Kitchen Island",0,0,4329.0,1,0,0,0,0,0,0,0,1,0,0,0,0
Six hundred West Main,"600 W Main St, Charlottesville, VA 22903",0.4,https://offgroundshousing.student.virginia.edu/housing/property/six-hundred-west-main/8z0s1t2,3.0,2.0,"Total Monthly Price
$5,660","1,922",5/10/26,,"Dishwasher, Extra Storage, Garbage Disposal, Microwave, Refrigerator, Storage for Additional Cost, Apartment home-interior features: custom roller window shades, Black Matte Appliances, Community Bike Storage, Complimentary Resident Bikes, Courtyard Fireplace, Discounted ACAC Membership, Glass Top Range, Matte Black Fixtures, oversized walk-in closets, Secured Covered Parking, Stoarge Garage, Valet Trash, Waterfall Quartz Kitchen Island",0,0,5660.0,1,0,0,0,0,0,0,0,1,0,0,0,0
The Barringer,"428 Monroe Lane, Charlottesville, VA 22903",0.0,https://offgroundshousing.student.virginia.edu/housing/property/the-barringer/ocp4l52z2h,1.0,1.0,"$2,290
12 Month Lease",600,6/5/26,12 month lease,"Air Conditioning, Carpet, Dishwasher, Hardwood Floors, Patio, Balcony, Porch or Deck, Near Bus Stop, Washer/Dryer in Unit",0,0,2290.0,1,1,1,0,0,0,1,0,0,0,1,0,0
The Barringer,"428 Monroe Lane, Charlottesville, VA 22903",0.0,https://offgroundshousing.student.virginia.edu/housing/property/the-barringer/ocp4l52z2h,2.0,1.0,"$2,800
12 Month Lease",796,7/9/26,12 month lease,"Air Conditioning, Carpet, Dishwasher, Hardwood Floors, Patio, Balcony, Porch or Deck, Near Bus Stop, Washer/Dryer in Unit",0,0,2800.0,1,1,1,0,0,0,1,0,0,0,1,0,0
The Barringer,"428 Monroe Lane, Charlottesville, VA 22903",0.0,https://offgroundshousing.student.virginia.edu/housing/property/the-barringer/ocp4l52z2h,2.0,2.5,"$3,115
12 Month Lease","1,314",6/5/26,12 month lease,"Air Conditioning, Carpet, Dishwasher, Hardwood Floors, Patio, Balcony, Porch or Deck, Near Bus Stop, Washer/Dryer in Unit",0,0,3115.0,1,1,1,0,0,0,1,0,0,0,1,0,0
The Arrowood,"4010 Entrada Dr, Charlottesville, VA 22901",3.4,https://offgroundshousing.student.virginia.edu/housing/property/the-arrowood/chrkb2g,,1.0,"Total Monthly Price
$1,951",503,Available Now,"12 month lease, Flexible/Other lease","Air Conditioning, Dishwasher, Garbage Disposal, Kitchen, Laminate Floors, Microwave, Patio, Balcony, Porch or Deck, Refrigerator, Stainless Steel Appliances, Stove, Clubhouse, Elevator, Fitness Room, Full-time Maintenance Staff, Outdoor Rec Space, Playground, Playground On-Site, Pool, Washer/Dryer in Unit, ADA Handicap Access, App W/D, Appliances Stainless, Bark Park, Base Level, BBQ Grill, Closet Walk-in, Clubroom, Co-work Space, Decorative Open Kitchen Shelving, Electronic Key Entry, Flooring Hardwood, Level 01, Location End Unit, LuxerOne Package Room",0,0,1951.0,1,1,1,1,0,1,0,0,0,0,1,0,0
The Arrowood,"4010 Entrada Dr, Charlottesville, VA 22901",3.4,https://offgroundshousing.student.virginia.edu/housing/property/the-arrowood/chrkb2g,,1.0,"Total Monthly Price
$1,678",503,Available Now,"12 month lease, Flexible/Other lease","Air Conditioning, Dishwasher, Garbage Disposal, Kitchen, Laminate Floors, Microwave, Patio, Balcony, Porch or Deck, Refrigerator, Stainless Steel Appliances, Stove, Clubhouse, Elevator, Fitness Room, Full-time Maintenance Staff, Outdoor Rec Space, Playground, Playground On-Site, Pool, Washer/Dryer in Unit, ADA Handicap Access, App W/D, Appliances Stainless, Bark Park, Base Level, BBQ Grill, Closet Walk-in, Clubroom, Co-work Space, Decorative Open Kitchen Shelving, Electronic Key Entry, Flooring Hardwood, Level 01, Location End Unit, LuxerOne Package Room",0,0,1678.0,1,1,1,1,0,1,0,0,0,0,1,0,0
The Arrowood,"4010 Entrada Dr, Charlottesville, VA 22901",3.4,https://offgroundshousing.student.virginia.edu/housing/property/the-arrowood/chrkb2g,,1.0,"Total Monthly Price
$1,929",431,7/17/26,"12 month lease, Flexible/Other lease","Air Conditioning, Dishwasher, Garbage Disposal, Kitchen, Laminate Floors, Microwave, Patio, Balcony, Porch or Deck, Refrigerator, Stainless Steel Appliances, Stove, Clubhouse, Elevator, Fitness Room, Full-time Maintenance Staff, Outdoor Rec Space, Playground, Playground On-Site, Pool, Washer/Dryer in Unit, ADA Handicap Access, App W/D, Appliances Stainless, Bark Park, Base Level, BBQ Grill, Closet Walk-in, Clubroom, Co-work Space, Decorative Open Kitchen Shelving, Electronic Key Entry, Flooring Hardwood, Level 01, Location End Unit, LuxerOne Package Room",0,0,1929.0,1,1,1,1,0,1,0,0,0,0,1,0,0
The Arrowood,"4010 Entrada Dr, Charlottesville, VA 22901",3.4,https://offgroundshousing.student.virginia.edu/housing/property/the-arrowood/chrkb2g,1.0,1.0,"Total Monthly Price
$2,130 - $2,182",696,4/3/26,"12 month lease, Flexible/Other lease","Air Conditioning, Dishwasher, Garbage Disposal, Kitchen, Laminate Floors, Microwave, Patio, Balcony, Porch or Deck, Refrigerator, Stainless Steel Appliances, Stove, Clubhouse, Elevator, Fitness Room, Full-time Maintenance Staff, Outdoor Rec Space, Playground, Playground On-Site, Pool, Washer/Dryer in Unit, ADA Handicap Access, App W/D, Appliances Stainless, Bark Park, Base Level, BBQ Grill, Closet Walk-in, Clubroom, Co-work Space, Decorative Open Kitchen Shelving, Electronic Key Entry, Flooring Hardwood, Level 01, Location End Unit, LuxerOne Package Room",0,0,2156.0,1,1,1,1,0,1,0,0,0,0,1,0,0
The Arrowood,"4010 Entrada Dr, Charlottesville, VA 22901",3.4,https://offgroundshousing.student.virginia.edu/housing/property/the-arrowood/chrkb2g,1.0,1.0,"Total Monthly Price
$2,429 - $2,454",864,7/17/26,"12 month lease, Flexible/Other lease","Air Conditioning, Dishwasher, Garbage Disposal, Kitchen, Laminate Floors, Microwave, Patio, Balcony, Porch or Deck, Refrigerator, Stainless Steel Appliances, Stove, Clubhouse, Elevator, Fitness Room, Full-time Maintenance Staff, Outdoor Rec Space, Playground, Playground On-Site, Pool, Washer/Dryer in Unit, ADA Handicap Access, App W/D, Appliances Stainless, Bark Park, Base Level, BBQ Grill, Closet Walk-in, Clubroom, Co-work Space, Decorative Open Kitchen Shelving, Electronic Key Entry, Flooring Hardwood, Level 01, Location End Unit, LuxerOne Package Room",0,0,2441.5,1,1,1,1,0,1,0,0,0,0,1,0,0
The Arrowood,"4010 Entrada Dr, Charlottesville, VA 22901",3.4,https://offgroundshousing.student.virginia.edu/housing/property/the-arrowood/chrkb2g,1.0,1.0,"Total Monthly Price
$2,155 - $2,180",741,7/17/26,"12 month lease, Flexible/Other lease","Air Conditioning, Dishwasher, Garbage Disposal, Kitchen, Laminate Floors, Microwave, Patio, Balcony, Porch or Deck, Refrigerator, Stainless Steel Appliances, Stove, Clubhouse, Elevator, Fitness Room, Full-time Maintenance Staff, Outdoor Rec Space, Playground, Playground On-Site, Pool, Washer/Dryer in Unit, ADA Handicap Access, App W/D, Appliances Stainless, Bark Park, Base Level, BBQ Grill, Closet Walk-in, Clubroom, Co-work Space, Decorative Open Kitchen Shelving, Electronic Key Entry, Flooring Hardwood, Level 01, Location End Unit, LuxerOne Package Room",0,0,2167.5,1,1,1,1,0,1,0,0,0,0,1,0,0
The Arrowood,"4010 Entrada Dr, Charlottesville, VA 22901",3.4,https://offgroundshousing.student.virginia.edu/housing/property/the-arrowood/chrkb2g,1.0,1.0,"Total Monthly Price
$2,373 - $2,413",797,Available Now,"12 month lease, Flexible/Other lease","Air Conditioning, Dishwasher, Garbage Disposal, Kitchen, Laminate Floors, Microwave, Patio, Balcony, Porch or Deck, Refrigerator, Stainless Steel Appliances, Stove, Clubhouse, Elevator, Fitness Room, Full-time Maintenance Staff, Outdoor Rec Space, Playground, Playground On-Site, Pool, Washer/Dryer in Unit, ADA Handicap Access, App W/D, Appliances Stainless, Bark Park, Base Level, BBQ Grill, Closet Walk-in, Clubroom, Co-work Space, Decorative Open Kitchen Shelving, Electronic Key Entry, Flooring Hardwood, Level 01, Location End Unit, LuxerOne Package Room",0,0,2393.0,1,1,1,1,0,1,0,0,0,0,1,0,0
The Arrowood,"4010 Entrada Dr, Charlottesville, VA 22901",3.4,https://offgroundshousing.student.virginia.edu/housing/property/the-arrowood/chrkb2g,1.0,1.0,"Total Monthly Price
$2,140 - $2,155",696,7/17/26,"12 month lease, Flexible/Other lease","Air Conditioning, Dishwasher, Garbage Disposal, Kitchen, Laminate Floors, Microwave, Patio, Balcony, Porch or Deck, Refrigerator, Stainless Steel Appliances, Stove, Clubhouse, Elevator, Fitness Room, Full-time Maintenance Staff, Outdoor Rec Space, Playground, Playground On-Site, Pool, Washer/Dryer in Unit, ADA Handicap Access, App W/D, Appliances Stainless, Bark Park, Base Level, BBQ Grill, Closet Walk-in, Clubroom, Co-work Space, Decorative Open Kitchen Shelving, Electronic Key Entry, Flooring Hardwood, Level 01, Location End Unit, LuxerOne Package Room",0,0,2147.5,1,1,1,1,0,1,0,0,0,0,1,0,0
The Arrowood,"4010 Entrada Dr, Charlottesville, VA 22901",3.4,https://offgroundshousing.student.virginia.edu/housing/property/the-arrowood/chrkb2g,1.0,1.0,"Total Monthly Price
$1,929 - $2,275",751,Available Now,"12 month lease, Flexible/Other lease","Air Conditioning, Dishwasher, Garbage Disposal, Kitchen, Laminate Floors, Microwave, Patio, Balcony, Porch or Deck, Refrigerator, Stainless Steel Appliances, Stove, Clubhouse, Elevator, Fitness Room, Full-time Maintenance Staff, Outdoor Rec Space, Playground, Playground On-Site, Pool, Washer/Dryer in Unit, ADA Handicap Access, App W/D, Appliances Stainless, Bark Park, Base Level, BBQ Grill, Closet Walk-in, Clubroom, Co-work Space, Decorative Open Kitchen Shelving, Electronic Key Entry, Flooring Hardwood, Level 01, Location End Unit, LuxerOne Package Room",0,0,2102.0,1,1,1,1,0,1,0,0,0,0,1,0,0
The Arrowood,"4010 Entrada Dr, Charlottesville, VA 22901",3.4,https://offgroundshousing.student.virginia.edu/housing/property/the-arrowood/chrkb2g,1.0,1.0,"Total Monthly Price
$2,112 - $2,413",797,Available Now,"12 month lease, Flexible/Other lease","Air Conditioning, Dishwasher, Garbage Disposal, Kitchen, Laminate Floors, Microwave, Patio, Balcony, Porch or Deck, Refrigerator, Stainless Steel Appliances, Stove, Clubhouse, Elevator, Fitness Room, Full-time Maintenance Staff, Outdoor Rec Space, Playground, Playground On-Site, Pool, Washer/Dryer in Unit, ADA Handicap Access, App W/D, Appliances Stainless, Bark Park, Base Level, BBQ Grill, Closet Walk-in, Clubroom, Co-work Space, Decorative Open Kitchen Shelving, Electronic Key Entry, Flooring Hardwood, Level 01, Location End Unit, LuxerOne Package Room",0,0,2262.5,1,1,1,1,0,1,0,0,0,0,1,0,0
The Woods | Reduced Rate! Newly Renovated 2 Bedroom,"Woodburn Court, Charlottesville, VA 22901",4.3,https://offgroundshousing.student.virginia.edu/housing/property/the-woods-reduced-rate-newly-renovated-2-bedroom/ocp31jw15g,2.0,1.5,"$1,700
Plus Fees
12 Month Lease",900,Available Now,12 Month Lease,"Air Conditioning, Carpet, Dishwasher, Fireplace, Hardwood Floors, Patio, Balcony, Porch or Deck, Smoke-Free, International Student Friendly, Washer/Dryer in Unit",0,0,1700.0,1,1,1,0,0,0,0,0,0,0,1,0,0
Maximilian at Stonefield,"2105 Bond St, Charlottesville, VA 22901",1.8,https://offgroundshousing.student.virginia.edu/housing/property/maximilian-at-stonefield/f3fwt5v,,1.0,"$2,116
Plus Fees",549,7/18/26,"12 month lease, 3 Month lease, 6 Month lease, 8 Month, 9 month lease, Flexible/Other lease, Short-Term lease","Bike Racks, Business Center, Clubhouse, Community Lounge, Elevator, Fitness Room, Full-time Maintenance Staff, Manager on Site, Pool, Property Manager On-Site, Secure bike storage, High-Speed Internet Available, Laundry Access, Laundry Room in Community, Bike Storage Solutions, Co-Working Space, Co-working Space (Open & Private), Coffee Bar, Community Bark Park, Corner, Coworking Lounge, Curated Resident Lounge, Elegant Community Clubhouse, Elite CrossFit-Inspired Gym, Fenced-In Dog Walk, Fitness & Yoga Studio, Fourth Floor View, Garage Parking, Golf Simulator Room",0,0,2116.0,0,0,0,1,1,1,0,0,1,1,1,0,0
Maximilian at Stonefield,"2105 Bond St, Charlottesville, VA 22901",1.8,https://offgroundshousing.student.virginia.edu/housing/property/maximilian-at-stonefield/f3fwt5v,,1.0,"$1,995 - $2,135
Plus Fees",445,Not Available,"12 month lease, 3 Month lease, 6 Month lease, 8 Month, 9 month lease, Flexible/Other lease, Short-Term lease","Bike Racks, Business Center, Clubhouse, Community Lounge, Elevator, Fitness Room, Full-time Maintenance Staff, Manager on Site, Pool, Property Manager On-Site, Secure bike storage, High-Speed Internet Available, Laundry Access, Laundry Room in Community, Bike Storage Solutions, Co-Working Space, Co-working Space (Open & Private), Coffee Bar, Community Bark Park, Corner, Coworking Lounge, Curated Resident Lounge, Elegant Community Clubhouse, Elite CrossFit-Inspired Gym, Fenced-In Dog Walk, Fitness & Yoga Studio, Fourth Floor View, Garage Parking, Golf Simulator Room",0,0,2065.0,0,0,0,1,1,1,0,0,1,1,1,0,0
Maximilian at Stonefield,"2105 Bond St, Charlottesville, VA 22901",1.8,https://offgroundshousing.student.virginia.edu/housing/property/maximilian-at-stonefield/f3fwt5v,1.0,1.0,"$2,271 - $2,346
Plus Fees",697,4/11/26,"12 month lease, 3 Month lease, 6 Month lease, 8 Month, 9 month lease, Flexible/Other lease, Short-Term lease","Bike Racks, Business Center, Clubhouse, Community Lounge, Elevator, Fitness Room, Full-time Maintenance Staff, Manager on Site, Pool, Property Manager On-Site, Secure bike storage, High-Speed Internet Available, Laundry Access, Laundry Room in Community, Bike Storage Solutions, Co-Working Space, Co-working Space (Open & Private), Coffee Bar, Community Bark Park, Corner, Coworking Lounge, Curated Resident Lounge, Elegant Community Clubhouse, Elite CrossFit-Inspired Gym, Fenced-In Dog Walk, Fitness & Yoga Studio, Fourth Floor View, Garage Parking, Golf Simulator Room",0,0,2308.5,0,0,0,1,1,1,0,0,1,1,1,0,0
Maximilian at Stonefield,"2105 Bond St, Charlottesville, VA 22901",1.8,https://offgroundshousing.student.virginia.edu/housing/property/maximilian-at-stonefield/f3fwt5v,1.0,1.0,"$2,306
Plus Fees",704,6/5/26,"12 month lease, 3 Month lease, 6 Month lease, 8 Month, 9 month lease, Flexible/Other lease, Short-Term lease","Bike Racks, Business Center, Clubhouse, Community Lounge, Elevator, Fitness Room, Full-time Maintenance Staff, Manager on Site, Pool, Property Manager On-Site, Secure bike storage, High-Speed Internet Available, Laundry Access, Laundry Room in Community, Bike Storage Solutions, Co-Working Space, Co-working Space (Open & Private), Coffee Bar, Community Bark Park, Corner, Coworking Lounge, Curated Resident Lounge, Elegant Community Clubhouse, Elite CrossFit-Inspired Gym, Fenced-In Dog Walk, Fitness & Yoga Studio, Fourth Floor View, Garage Parking, Golf Simulator Room",0,0,2306.0,0,0,0,1,1,1,0,0,1,1,1,0,0
Maximilian at Stonefield,"2105 Bond St, Charlottesville, VA 22901",1.8,https://offgroundshousing.student.virginia.edu/housing/property/maximilian-at-stonefield/f3fwt5v,1.0,1.0,"$2,306
Plus Fees",704,7/7/26,"12 month lease, 3 Month lease, 6 Month lease, 8 Month, 9 month lease, Flexible/Other lease, Short-Term lease","Bike Racks, Business Center, Clubhouse, Community Lounge, Elevator, Fitness Room, Full-time Maintenance Staff, Manager on Site, Pool, Property Manager On-Site, Secure bike storage, High-Speed Internet Available, Laundry Access, Laundry Room in Community, Bike Storage Solutions, Co-Working Space, Co-working Space (Open & Private), Coffee Bar, Community Bark Park, Corner, Coworking Lounge, Curated Resident Lounge, Elegant Community Clubhouse, Elite CrossFit-Inspired Gym, Fenced-In Dog Walk, Fitness & Yoga Studio, Fourth Floor View, Garage Parking, Golf Simulator Room",0,0,2306.0,0,0,0,1,1,1,0,0,1,1,1,0,0
Maximilian at Stonefield,"2105 Bond St, Charlottesville, VA 22901",1.8,https://offgroundshousing.student.virginia.edu/housing/property/maximilian-at-stonefield/f3fwt5v,1.0,1.0,"$2,441
Plus Fees",752,4/9/26,"12 month lease, 3 Month lease, 6 Month lease, 8 Month, 9 month lease, Flexible/Other lease, Short-Term lease","Bike Racks, Business Center, Clubhouse, Community Lounge, Elevator, Fitness Room, Full-time Maintenance Staff, Manager on Site, Pool, Property Manager On-Site, Secure bike storage, High-Speed Internet Available, Laundry Access, Laundry Room in Community, Bike Storage Solutions, Co-Working Space, Co-working Space (Open & Private), Coffee Bar, Community Bark Park, Corner, Coworking Lounge, Curated Resident Lounge, Elegant Community Clubhouse, Elite CrossFit-Inspired Gym, Fenced-In Dog Walk, Fitness & Yoga Studio, Fourth Floor View, Garage Parking, Golf Simulator Room",0,0,2441.0,0,0,0,1,1,1,0,0,1,1,1,0,0
Maximilian at Stonefield,"2105 Bond St, Charlottesville, VA 22901",1.8,https://offgroundshousing.student.virginia.edu/housing/property/maximilian-at-stonefield/f3fwt5v,1.0,1.0,"$2,466
Plus Fees",787,6/26/26,"12 month lease, 3 Month lease, 6 Month lease, 8 Month, 9 month lease, Flexible/Other lease, Short-Term lease","Bike Racks, Business Center, Clubhouse, Community Lounge, Elevator, Fitness Room, Full-time Maintenance Staff, Manager on Site, Pool, Property Manager On-Site, Secure bike storage, High-Speed Internet Available, Laundry Access, Laundry Room in Community, Bike Storage Solutions, Co-Working Space, Co-working Space (Open & Private), Coffee Bar, Community Bark Park, Corner, Coworking Lounge, Curated Resident Lounge, Elegant Community Clubhouse, Elite CrossFit-Inspired Gym, Fenced-In Dog Walk, Fitness & Yoga Studio, Fourth Floor View, Garage Parking, Golf Simulator Room",0,0,2466.0,0,0,0,1,1,1,0,0,1,1,1,0,0
Maximilian at Stonefield,"2105 Bond St, Charlottesville, VA 22901",1.8,https://offgroundshousing.student.virginia.edu/housing/property/maximilian-at-stonefield/f3fwt5v,1.0,1.0,"$2,286 - $2,431
Plus Fees",681,Not Available,"12 month lease, 3 Month lease, 6 Month lease, 8 Month, 9 month lease, Flexible/Other lease, Short-Term lease","Bike Racks, Business Center, Clubhouse, Community Lounge, Elevator, Fitness Room, Full-time Maintenance Staff, Manager on Site, Pool, Property Manager On-Site, Secure bike storage, High-Speed Internet Available, Laundry Access, Laundry Room in Community, Bike Storage Solutions, Co-Working Space, Co-working Space (Open & Private), Coffee Bar, Community Bark Park, Corner, Coworking Lounge, Curated Resident Lounge, Elegant Community Clubhouse, Elite CrossFit-Inspired Gym, Fenced-In Dog Walk, Fitness & Yoga Studio, Fourth Floor View, Garage Parking, Golf Simulator Room",0,0,2358.5,0,0,0,1,1,1,0,0,1,1,1,0,0
Maximilian at Stonefield,"2105 Bond St, Charlottesville, VA 22901",1.8,https://offgroundshousing.student.virginia.edu/housing/property/maximilian-at-stonefield/f3fwt5v,1.0,1.0,"$2,336 - $2,391
Plus Fees",798,Not Available,"12 month lease, 3 Month lease, 6 Month lease, 8 Month, 9 month lease, Flexible/Other lease, Short-Term lease","Bike Racks, Business Center, Clubhouse, Community Lounge, Elevator, Fitness Room, Full-time Maintenance Staff, Manager on Site, Pool, Property Manager On-Site, Secure bike storage, High-Speed Internet Available, Laundry Access, Laundry Room in Community, Bike Storage Solutions, Co-Working Space, Co-working Space (Open & Private), Coffee Bar, Community Bark Park, Corner, Coworking Lounge, Curated Resident Lounge, Elegant Community Clubhouse, Elite CrossFit-Inspired Gym, Fenced-In Dog Walk, Fitness & Yoga Studio, Fourth Floor View, Garage Parking, Golf Simulator Room",0,0,2363.5,0,0,0,1,1,1,0,0,1,1,1,0,0
Maximilian at Stonefield,"2105 Bond St, Charlottesville, VA 22901",1.8,https://offgroundshousing.student.virginia.edu/housing/property/maximilian-at-stonefield/f3fwt5v,1.0,1.0,"$2,521 - $2,636
Plus Fees",861,Not Available,"12 month lease, 3 Month lease, 6 Month lease, 8 Month, 9 month lease, Flexible/Other lease, Short-Term lease","Bike Racks, Business Center, Clubhouse, Community Lounge, Elevator, Fitness Room, Full-time Maintenance Staff, Manager on Site, Pool, Property Manager On-Site, Secure bike storage, High-Speed Internet Available, Laundry Access, Laundry Room in Community, Bike Storage Solutions, Co-Working Space, Co-working Space (Open & Private), Coffee Bar, Community Bark Park, Corner, Coworking Lounge, Curated Resident Lounge, Elegant Community Clubhouse, Elite CrossFit-Inspired Gym, Fenced-In Dog Walk, Fitness & Yoga Studio, Fourth Floor View, Garage Parking, Golf Simulator Room",0,0,2578.5,0,0,0,1,1,1,0,0,1,1,1,0,0
Ash Tree Townhomes,,0.5,https://offgroundshousing.student.virginia.edu/housing/property/ash-tree-townhomes/ocpw03cfyl,2.0,1.0,"$1,945
Plus Fees
12 Month Lease","1,137",7/17/26,12 month lease,"Air Conditioning, Carpet, Dishwasher, Fireplace, Hardwood Floors, High-Speed Internet Available, Patio, Balcony, Porch or Deck, Smoke-Free, Fitness Room, International Student Friendly, Near Bus Stop, Pool, Washer/Dryer in Unit",0,0,1945.0,1,1,1,1,1,1,1,0,0,0,1,0,0
Ash Tree Townhomes,,0.5,https://offgroundshousing.student.virginia.edu/housing/property/ash-tree-townhomes/ocpw03cfyl,2.0,1.5,"$2,025
Plus Fees
12 Month Lease","1,137",6/9/26,12 month lease,"Air Conditioning, Carpet, Dishwasher, Fireplace, Hardwood Floors, High-Speed Internet Available, Patio, Balcony, Porch or Deck, Smoke-Free, Fitness Room, International Student Friendly, Near Bus Stop, Pool, Washer/Dryer in Unit",0,0,2025.0,1,1,1,1,1,1,1,0,0,0,1,0,0
Ash Tree Townhomes,,0.5,https://offgroundshousing.student.virginia.edu/housing/property/ash-tree-townhomes/ocpw03cfyl,3.0,1.5,"$2,575
Plus Fees
12 Month Lease","1,400",6/16/26,12 month lease,"Air Conditioning, Carpet, Dishwasher, Fireplace, Hardwood Floors, High-Speed Internet Available, Patio, Balcony, Porch or Deck, Smoke-Free, Fitness Room, International Student Friendly, Near Bus Stop, Pool, Washer/Dryer in Unit",0,0,2575.0,1,1,1,1,1,1,1,0,0,0,1,0,0
The Meriwether,"1000 East Market St., Charlottesville, VA 22903",1.3,https://offgroundshousing.student.virginia.edu/housing/property/the-meriwether/ocp81dfxq1,1.0,1.0,"Total Monthly Price
$1,675
12 Month Lease",550,6/11/26,12 month lease,"Air Conditioning, Dishwasher, Hardwood Floors, Patio, Balcony, Porch or Deck, Near Bus Stop, Washer/Dryer in Unit",0,0,1675.0,1,1,1,0,0,0,1,0,0,0,0,0,0
The Meriwether,"1000 East Market St., Charlottesville, VA 22903",1.3,https://offgroundshousing.student.virginia.edu/housing/property/the-meriwether/ocp81dfxq1,1.0,1.0,"Total Monthly Price
$1,695
12 Month Lease",550,5/15/26,12 month lease,"Air Conditioning, Dishwasher, Hardwood Floors, Patio, Balcony, Porch or Deck, Near Bus Stop, Washer/Dryer in Unit",0,0,1695.0,1,1,1,0,0,0,1,0,0,0,0,0,0
Cambridge Square Townhomes - Only 15 Units Left!,"814 Cabell Avenue, Charlottesville, VA 22903",0.6,https://offgroundshousing.student.virginia.edu/housing/property/cambridge-square-townhomes-only-15-units-left/ocpx7h9jfp,2.0,1.5,"$838 - $845 / Bedroom
Plus Fees
12 Month Lease",911,6/20/26,12 Month Lease,"Air Conditioning, Carpet, Dishwasher, Fireplace, Hardwood Floors, Patio, Balcony, Porch or Deck, Smoke-Free, Fitness Room, International Student Friendly, Near Bus Stop, Pool, Laundry Room in Community, Washer/Dryer in Unit",1,0,841.5,1,1,1,1,0,1,1,0,0,1,1,0,0
Cambridge Square Townhomes - Only 15 Units Left!,"814 Cabell Avenue, Charlottesville, VA 22903",0.6,https://offgroundshousing.student.virginia.edu/housing/property/cambridge-square-townhomes-only-15-units-left/ocpx7h9jfp,2.0,1.5,"$925 / Bedroom
Plus Fees
12 Month Lease",911,6/20/26,12 Month Lease,"Air Conditioning, Carpet, Dishwasher, Fireplace, Hardwood Floors, Patio, Balcony, Porch or Deck, Smoke-Free, Fitness Room, International Student Friendly, Near Bus Stop, Pool, Laundry Room in Community, Washer/Dryer in Unit",1,0,925.0,1,1,1,1,0,1,1,0,0,1,1,0,0
Cambridge Square Townhomes - Only 15 Units Left!,"814 Cabell Avenue, Charlottesville, VA 22903",0.6,https://offgroundshousing.student.virginia.edu/housing/property/cambridge-square-townhomes-only-15-units-left/ocpx7h9jfp,2.0,1.5,"$948 - $988 / Bedroom
Plus Fees
12 Month Lease",911,6/20/26,12 Month Lease,"Air Conditioning, Carpet, Dishwasher, Fireplace, Hardwood Floors, Patio, Balcony, Porch or Deck, Smoke-Free, Fitness Room, International Student Friendly, Near Bus Stop, Pool, Laundry Room in Community, Washer/Dryer in Unit",1,0,968.0,1,1,1,1,0,1,1,0,0,1,1,0,0
Cambridge Square Townhomes - Only 15 Units Left!,"814 Cabell Avenue, Charlottesville, VA 22903",0.6,https://offgroundshousing.student.virginia.edu/housing/property/cambridge-square-townhomes-only-15-units-left/ocpx7h9jfp,3.0,1.5,"$850 / Bedroom
Plus Fees
12 Month Lease","1,062",6/26/26,12 Month Lease,"Air Conditioning, Carpet, Dishwasher, Fireplace, Hardwood Floors, Patio, Balcony, Porch or Deck, Smoke-Free, Fitness Room, International Student Friendly, Near Bus Stop, Pool, Laundry Room in Community, Washer/Dryer in Unit",1,0,850.0,1,1,1,1,0,1,1,0,0,1,1,0,0
The Ridge at North Pointe,"5025 Huntly Ridge St, Charlottesville, VA 22911",9.3,https://offgroundshousing.student.virginia.edu/housing/property/the-ridge-at-north-pointe/8kw4h32,1.0,1.0,"Total Monthly Price
$1,924 - $2,124",780,Available Now,"12 month lease, 3 Month lease, 6 Month lease, 8 Month, 9 month lease, Flexible/Other lease, Short-Term lease","Air Conditioning, Carpet, Ceiling Fans, Dishwasher, Extra Storage, Garbage Disposal, Heat - Central, Heat - Floor/Wall, Heating, Kitchen, Laminate Floors, Microwave, Patio, Balcony, Porch or Deck, Refrigerator, Smoke-Free, BBQ/BBQ Area, Business Center, Clubhouse, Conference Room, Fitness Room, Full-time Maintenance Staff, Manager on Site, Outdoor Rec Space, Playground, Playground On-Site, Property Manager On-Site, Washer/Dryer in Unit, 24 Hour Club Inspired Fitness & Yoga Studio, 24/7 Luxer Package Room, 24/7 Maintenance Available, 9 FT Ceilings, ADA Accessible Apartment, BBQ/Picnic Area, Built-In Desk, Built-In Pantry, Carpet In Bedroom And Closet, Ceiling Fan Master Bedroom, Ceiling Fan Second Bedroom, Ceiling Fan Third Bedroom, Center Island/Kitchen Sink, Co-Working Spaces & Private Pods, Co-working Spaces And Private Pods",0,0,2024.0,1,1,1,1,0,0,0,0,0,0,1,0,0
The Ridge at North Pointe,"5025 Huntly Ridge St, Charlottesville, VA 22911",9.3,https://offgroundshousing.student.virginia.edu/housing/property/the-ridge-at-north-pointe/8kw4h32,1.0,1.0,"Total Monthly Price
$1,904 - $2,068",754,Available Now,"12 month lease, 3 Month lease, 6 Month lease, 8 Month, 9 month lease, Flexible/Other lease, Short-Term lease","Air Conditioning, Carpet, Ceiling Fans, Dishwasher, Extra Storage, Garbage Disposal, Heat - Central, Heat - Floor/Wall, Heating, Kitchen, Laminate Floors, Microwave, Patio, Balcony, Porch or Deck, Refrigerator, Smoke-Free, BBQ/BBQ Area, Business Center, Clubhouse, Conference Room, Fitness Room, Full-time Maintenance Staff, Manager on Site, Outdoor Rec Space, Playground, Playground On-Site, Property Manager On-Site, Washer/Dryer in Unit, 24 Hour Club Inspired Fitness & Yoga Studio, 24/7 Luxer Package Room, 24/7 Maintenance Available, 9 FT Ceilings, ADA Accessible Apartment, BBQ/Picnic Area, Built-In Desk, Built-In Pantry, Carpet In Bedroom And Closet, Ceiling Fan Master Bedroom, Ceiling Fan Second Bedroom, Ceiling Fan Third Bedroom, Center Island/Kitchen Sink, Co-Working Spaces & Private Pods, Co-working Spaces And Private Pods",0,0,1986.0,1,1,1,1,0,0,0,0,0,0,1,0,0
The Ridge at North Pointe,"5025 Huntly Ridge St, Charlottesville, VA 22911",9.3,https://offgroundshousing.student.virginia.edu/housing/property/the-ridge-at-north-pointe/8kw4h32,1.0,1.0,"Total Monthly Price
$1,924 - $2,088",748,Available Now,"12 month lease, 3 Month lease, 6 Month lease, 8 Month, 9 month lease, Flexible/Other lease, Short-Term lease","Air Conditioning, Carpet, Ceiling Fans, Dishwasher, Extra Storage, Garbage Disposal, Heat - Central, Heat - Floor/Wall, Heating, Kitchen, Laminate Floors, Microwave, Patio, Balcony, Porch or Deck, Refrigerator, Smoke-Free, BBQ/BBQ Area, Business Center, Clubhouse, Conference Room, Fitness Room, Full-time Maintenance Staff, Manager on Site, Outdoor Rec Space, Playground, Playground On-Site, Property Manager On-Site, Washer/Dryer in Unit, 24 Hour Club Inspired Fitness & Yoga Studio, 24/7 Luxer Package Room, 24/7 Maintenance Available, 9 FT Ceilings, ADA Accessible Apartment, BBQ/Picnic Area, Built-In Desk, Built-In Pantry, Carpet In Bedroom And Closet, Ceiling Fan Master Bedroom, Ceiling Fan Second Bedroom, Ceiling Fan Third Bedroom, Center Island/Kitchen Sink, Co-Working Spaces & Private Pods, Co-working Spaces And Private Pods",0,0,2006.0,1,1,1,1,0,0,0,0,0,0,1,0,0
The Ridge at North Pointe,"5025 Huntly Ridge St, Charlottesville, VA 22911",9.3,https://offgroundshousing.student.virginia.edu/housing/property/the-ridge-at-north-pointe/8kw4h32,1.0,1.0,"Total Monthly Price
$2,100",750,5/29/26,"12 month lease, 3 Month lease, 6 Month lease, 8 Month, 9 month lease, Flexible/Other lease, Short-Term lease","Air Conditioning, Carpet, Ceiling Fans, Dishwasher, Extra Storage, Garbage Disposal, Heat - Central, Heat - Floor/Wall, Heating, Kitchen, Laminate Floors, Microwave, Patio, Balcony, Porch or Deck, Refrigerator, Smoke-Free, BBQ/BBQ Area, Business Center, Clubhouse, Conference Room, Fitness Room, Full-time Maintenance Staff, Manager on Site, Outdoor Rec Space, Playground, Playground On-Site, Property Manager On-Site, Washer/Dryer in Unit, 24 Hour Club Inspired Fitness & Yoga Studio, 24/7 Luxer Package Room, 24/7 Maintenance Available, 9 FT Ceilings, ADA Accessible Apartment, BBQ/Picnic Area, Built-In Desk, Built-In Pantry, Carpet In Bedroom And Closet, Ceiling Fan Master Bedroom, Ceiling Fan Second Bedroom, Ceiling Fan Third Bedroom, Center Island/Kitchen Sink, Co-Working Spaces & Private Pods, Co-working Spaces And Private Pods",0,0,2100.0,1,1,1,1,0,0,0,0,0,0,1,0,0
The Ridge at North Pointe,"5025 Huntly Ridge St, Charlottesville, VA 22911",9.3,https://offgroundshousing.student.virginia.edu/housing/property/the-ridge-at-north-pointe/8kw4h32,1.0,1.0,"Total Monthly Price
$2,167",904,6/7/26,"12 month lease, 3 Month lease, 6 Month lease, 8 Month, 9 month lease, Flexible/Other lease, Short-Term lease","Air Conditioning, Carpet, Ceiling Fans, Dishwasher, Extra Storage, Garbage Disposal, Heat - Central, Heat - Floor/Wall, Heating, Kitchen, Laminate Floors, Microwave, Patio, Balcony, Porch or Deck, Refrigerator, Smoke-Free, BBQ/BBQ Area, Business Center, Clubhouse, Conference Room, Fitness Room, Full-time Maintenance Staff, Manager on Site, Outdoor Rec Space, Playground, Playground On-Site, Property Manager On-Site, Washer/Dryer in Unit, 24 Hour Club Inspired Fitness & Yoga Studio, 24/7 Luxer Package Room, 24/7 Maintenance Available, 9 FT Ceilings, ADA Accessible Apartment, BBQ/Picnic Area, Built-In Desk, Built-In Pantry, Carpet In Bedroom And Closet, Ceiling Fan Master Bedroom, Ceiling Fan Second Bedroom, Ceiling Fan Third Bedroom, Center Island/Kitchen Sink, Co-Working Spaces & Private Pods, Co-working Spaces And Private Pods",0,0,2167.0,1,1,1,1,0,0,0,0,0,0,1,0,0
The Ridge at North Pointe,"5025 Huntly Ridge St, Charlottesville, VA 22911",9.3,https://offgroundshousing.student.virginia.edu/housing/property/the-ridge-at-north-pointe/8kw4h32,1.0,1.0,Call for Rent,904,Not Available,"12 month lease, 3 Month lease, 6 Month lease, 8 Month, 9 month lease, Flexible/Other lease, Short-Term lease","Air Conditioning, Carpet, Ceiling Fans, Dishwasher, Extra Storage, Garbage Disposal, Heat - Central, Heat - Floor/Wall, Heating, Kitchen, Laminate Floors, Microwave, Patio, Balcony, Porch or Deck, Refrigerator, Smoke-Free, BBQ/BBQ Area, Business Center, Clubhouse, Conference Room, Fitness Room, Full-time Maintenance Staff, Manager on Site, Outdoor Rec Space, Playground, Playground On-Site, Property Manager On-Site, Washer/Dryer in Unit, 24 Hour Club Inspired Fitness & Yoga Studio, 24/7 Luxer Package Room, 24/7 Maintenance Available, 9 FT Ceilings, ADA Accessible Apartment, BBQ/Picnic Area, Built-In Desk, Built-In Pantry, Carpet In Bedroom And Closet, Ceiling Fan Master Bedroom, Ceiling Fan Second Bedroom, Ceiling Fan Third Bedroom, Center Island/Kitchen Sink, Co-Working Spaces & Private Pods, Co-working Spaces And Private Pods",0,1,,1,1,1,1,0,0,0,0,0,0,1,0,0
The Ridge at North Pointe,"5025 Huntly Ridge St, Charlottesville, VA 22911",9.3,https://offgroundshousing.student.virginia.edu/housing/property/the-ridge-at-north-pointe/8kw4h32,1.0,1.0,Call for Rent,748,Not Available,"12 month lease, 3 Month lease, 6 Month lease, 8 Month, 9 month lease, Flexible/Other lease, Short-Term lease","Air Conditioning, Carpet, Ceiling Fans, Dishwasher, Extra Storage, Garbage Disposal, Heat - Central, Heat - Floor/Wall, Heating, Kitchen, Laminate Floors, Microwave, Patio, Balcony, Porch or Deck, Refrigerator, Smoke-Free, BBQ/BBQ Area, Business Center, Clubhouse, Conference Room, Fitness Room, Full-time Maintenance Staff, Manager on Site, Outdoor Rec Space, Playground, Playground On-Site, Property Manager On-Site, Washer/Dryer in Unit, 24 Hour Club Inspired Fitness & Yoga Studio, 24/7 Luxer Package Room, 24/7 Maintenance Available, 9 FT Ceilings, ADA Accessible Apartment, BBQ/Picnic Area, Built-In Desk, Built-In Pantry, Carpet In Bedroom And Closet, Ceiling Fan Master Bedroom, Ceiling Fan Second Bedroom, Ceiling Fan Third Bedroom, Center Island/Kitchen Sink, Co-Working Spaces & Private Pods, Co-working Spaces And Private Pods",0,1,,1,1,1,1,0,0,0,0,0,0,1,0,0
The Ridge at North Pointe,"5025 Huntly Ridge St, Charlottesville, VA 22911",9.3,https://offgroundshousing.student.virginia.edu/housing/property/the-ridge-at-north-pointe/8kw4h32,2.0,2.0,"Total Monthly Price
$2,472 - $2,567","1,130",Available Now,"12 month lease, 3 Month lease, 6 Month lease, 8 Month, 9 month lease, Flexible/Other lease, Short-Term lease","Air Conditioning, Carpet, Ceiling Fans, Dishwasher, Extra Storage, Garbage Disposal, Heat - Central, Heat - Floor/Wall, Heating, Kitchen, Laminate Floors, Microwave, Patio, Balcony, Porch or Deck, Refrigerator, Smoke-Free, BBQ/BBQ Area, Business Center, Clubhouse, Conference Room, Fitness Room, Full-time Maintenance Staff, Manager on Site, Outdoor Rec Space, Playground, Playground On-Site, Property Manager On-Site, Washer/Dryer in Unit, 24 Hour Club Inspired Fitness & Yoga Studio, 24/7 Luxer Package Room, 24/7 Maintenance Available, 9 FT Ceilings, ADA Accessible Apartment, BBQ/Picnic Area, Built-In Desk, Built-In Pantry, Carpet In Bedroom And Closet, Ceiling Fan Master Bedroom, Ceiling Fan Second Bedroom, Ceiling Fan Third Bedroom, Center Island/Kitchen Sink, Co-Working Spaces & Private Pods, Co-working Spaces And Private Pods",0,0,2519.5,1,1,1,1,0,0,0,0,0,0,1,0,0
The Ridge at North Pointe,"5025 Huntly Ridge St, Charlottesville, VA 22911",9.3,https://offgroundshousing.student.virginia.edu/housing/property/the-ridge-at-north-pointe/8kw4h32,2.0,2.0,"Total Monthly Price
$2,151 - $2,563","1,147",Available Now,"12 month lease, 3 Month lease, 6 Month lease, 8 Month, 9 month lease, Flexible/Other lease, Short-Term lease","Air Conditioning, Carpet, Ceiling Fans, Dishwasher, Extra Storage, Garbage Disposal, Heat - Central, Heat - Floor/Wall, Heating, Kitchen, Laminate Floors, Microwave, Patio, Balcony, Porch or Deck, Refrigerator, Smoke-Free, BBQ/BBQ Area, Business Center, Clubhouse, Conference Room, Fitness Room, Full-time Maintenance Staff, Manager on Site, Outdoor Rec Space, Playground, Playground On-Site, Property Manager On-Site, Washer/Dryer in Unit, 24 Hour Club Inspired Fitness & Yoga Studio, 24/7 Luxer Package Room, 24/7 Maintenance Available, 9 FT Ceilings, ADA Accessible Apartment, BBQ/Picnic Area, Built-In Desk, Built-In Pantry, Carpet In Bedroom And Closet, Ceiling Fan Master Bedroom, Ceiling Fan Second Bedroom, Ceiling Fan Third Bedroom, Center Island/Kitchen Sink, Co-Working Spaces & Private Pods, Co-working Spaces And Private Pods",0,0,2357.0,1,1,1,1,0,0,0,0,0,0,1,0,0
The Ridge at North Pointe,"5025 Huntly Ridge St, Charlottesville, VA 22911",9.3,https://offgroundshousing.student.virginia.edu/housing/property/the-ridge-at-north-pointe/8kw4h32,2.0,2.0,"Total Monthly Price
$2,527 - $2,552","1,232",Available Now,"12 month lease, 3 Month lease, 6 Month lease, 8 Month, 9 month lease, Flexible/Other lease, Short-Term lease","Air Conditioning, Carpet, Ceiling Fans, Dishwasher, Extra Storage, Garbage Disposal, Heat - Central, Heat - Floor/Wall, Heating, Kitchen, Laminate Floors, Microwave, Patio, Balcony, Porch or Deck, Refrigerator, Smoke-Free, BBQ/BBQ Area, Business Center, Clubhouse, Conference Room, Fitness Room, Full-time Maintenance Staff, Manager on Site, Outdoor Rec Space, Playground, Playground On-Site, Property Manager On-Site, Washer/Dryer in Unit, 24 Hour Club Inspired Fitness & Yoga Studio, 24/7 Luxer Package Room, 24/7 Maintenance Available, 9 FT Ceilings, ADA Accessible Apartment, BBQ/Picnic Area, Built-In Desk, Built-In Pantry, Carpet In Bedroom And Closet, Ceiling Fan Master Bedroom, Ceiling Fan Second Bedroom, Ceiling Fan Third Bedroom, Center Island/Kitchen Sink, Co-Working Spaces & Private Pods, Co-working Spaces And Private Pods",0,0,2539.5,1,1,1,1,0,0,0,0,0,0,1,0,0
Various Condos Available at Walker Square!,"745 Walker Square Apt 3B, Charlottesville, VA 22903",0.5,https://offgroundshousing.student.virginia.edu/housing/property/various-condos-available-at-walker-square/ocptz2rq7b,1.0,1.0,"Total Monthly Price
$1,700 - $1,785
12 Month Lease",625,7/7/26,12 Month Lease,"Air Conditioning, Carpet, Dishwasher, High-Speed Internet Available, Smoke-Free, Fitness Room, Pool, Washer/Dryer in Unit",0,0,1742.5,1,1,0,1,1,1,0,0,0,0,1,0,0
Rio Point,"7010 Bo St, Charlottesville, VA 22901",3.4,https://offgroundshousing.student.virginia.edu/housing/property/rio-point/bez84h9,,1.0,"Total Monthly Price
$1,901 - $1,951",643,5/7/26,"12 month lease, 6 Month lease, 8 Month, 9 month lease, Flexible/Other lease","Air Conditioning, Dishwasher, Garbage Disposal, Kitchen, Microwave, Patio, Balcony, Porch or Deck, Stainless Steel Appliances, Stove, Clubhouse, Fitness Room, Full-time Maintenance Staff, Manager on Site, Outdoor Rec Space, Pool, Property Manager On-Site, Walking/Jogging Trails, Washer/Dryer in Unit, Appliances Stainless, Bark Park, BBQ Grill, Closet Walk-in, Clubroom, Co-work Space, Electronic Key Entry, Flooring Hardwood, Kitchen islands available in 2-bedroom residences, LuxerOne Package Room, Online Rent Payments, Quartz Counters, Smart Home System, Storage, Svc Air Conditioning",0,0,1926.0,1,1,1,1,0,1,0,0,0,0,0,0,0
Rio Point,"7010 Bo St, Charlottesville, VA 22901",3.4,https://offgroundshousing.student.virginia.edu/housing/property/rio-point/bez84h9,,1.0,"Total Monthly Price
$1,899",643,Available Now,"12 month lease, 6 Month lease, 8 Month, 9 month lease, Flexible/Other lease","Air Conditioning, Dishwasher, Garbage Disposal, Kitchen, Microwave, Patio, Balcony, Porch or Deck, Stainless Steel Appliances, Stove, Clubhouse, Fitness Room, Full-time Maintenance Staff, Manager on Site, Outdoor Rec Space, Pool, Property Manager On-Site, Walking/Jogging Trails, Washer/Dryer in Unit, Appliances Stainless, Bark Park, BBQ Grill, Closet Walk-in, Clubroom, Co-work Space, Electronic Key Entry, Flooring Hardwood, Kitchen islands available in 2-bedroom residences, LuxerOne Package Room, Online Rent Payments, Quartz Counters, Smart Home System, Storage, Svc Air Conditioning",0,0,1899.0,1,1,1,1,0,1,0,0,0,0,0,0,0
Rio Point,"7010 Bo St, Charlottesville, VA 22901",3.4,https://offgroundshousing.student.virginia.edu/housing/property/rio-point/bez84h9,1.0,1.0,"Total Monthly Price
$2,189 - $2,264",752,Available Now,"12 month lease, 6 Month lease, 8 Month, 9 month lease, Flexible/Other lease","Air Conditioning, Dishwasher, Garbage Disposal, Kitchen, Microwave, Patio, Balcony, Porch or Deck, Stainless Steel Appliances, Stove, Clubhouse, Fitness Room, Full-time Maintenance Staff, Manager on Site, Outdoor Rec Space, Pool, Property Manager On-Site, Walking/Jogging Trails, Washer/Dryer in Unit, Appliances Stainless, Bark Park, BBQ Grill, Closet Walk-in, Clubroom, Co-work Space, Electronic Key Entry, Flooring Hardwood, Kitchen islands available in 2-bedroom residences, LuxerOne Package Room, Online Rent Payments, Quartz Counters, Smart Home System, Storage, Svc Air Conditioning",0,0,2226.5,1,1,1,1,0,1,0,0,0,0,0,0,0
Rio Point,"7010 Bo St, Charlottesville, VA 22901",3.4,https://offgroundshousing.student.virginia.edu/housing/property/rio-point/bez84h9,1.0,1.0,"Total Monthly Price
$2,199 - $2,264",752,Available Now,"12 month lease, 6 Month lease, 8 Month, 9 month lease, Flexible/Other lease","Air Conditioning, Dishwasher, Garbage Disposal, Kitchen, Microwave, Patio, Balcony, Porch or Deck, Stainless Steel Appliances, Stove, Clubhouse, Fitness Room, Full-time Maintenance Staff, Manager on Site, Outdoor Rec Space, Pool, Property Manager On-Site, Walking/Jogging Trails, Washer/Dryer in Unit, Appliances Stainless, Bark Park, BBQ Grill, Closet Walk-in, Clubroom, Co-work Space, Electronic Key Entry, Flooring Hardwood, Kitchen islands available in 2-bedroom residences, LuxerOne Package Room, Online Rent Payments, Quartz Counters, Smart Home System, Storage, Svc Air Conditioning",0,0,2231.5,1,1,1,1,0,1,0,0,0,0,0,0,0
Rio Point,"7010 Bo St, Charlottesville, VA 22901",3.4,https://offgroundshousing.student.virginia.edu/housing/property/rio-point/bez84h9,1.0,1.0,"Total Monthly Price
$2,184 - $2,410",787,Available Now,"12 month lease, 6 Month lease, 8 Month, 9 month lease, Flexible/Other lease","Air Conditioning, Dishwasher, Garbage Disposal, Kitchen, Microwave, Patio, Balcony, Porch or Deck, Stainless Steel Appliances, Stove, Clubhouse, Fitness Room, Full-time Maintenance Staff, Manager on Site, Outdoor Rec Space, Pool, Property Manager On-Site, Walking/Jogging Trails, Washer/Dryer in Unit, Appliances Stainless, Bark Park, BBQ Grill, Closet Walk-in, Clubroom, Co-work Space, Electronic Key Entry, Flooring Hardwood, Kitchen islands available in 2-bedroom residences, LuxerOne Package Room, Online Rent Payments, Quartz Counters, Smart Home System, Storage, Svc Air Conditioning",0,0,2297.0,1,1,1,1,0,1,0,0,0,0,0,0,0
Rio Point,"7010 Bo St, Charlottesville, VA 22901",3.4,https://offgroundshousing.student.virginia.edu/housing/property/rio-point/bez84h9,1.0,1.0,"Total Monthly Price
$2,335 - $2,398",787,Available Now,"12 month lease, 6 Month lease, 8 Month, 9 month lease, Flexible/Other lease","Air Conditioning, Dishwasher, Garbage Disposal, Kitchen, Microwave, Patio, Balcony, Porch or Deck, Stainless Steel Appliances, Stove, Clubhouse, Fitness Room, Full-time Maintenance Staff, Manager on Site, Outdoor Rec Space, Pool, Property Manager On-Site, Walking/Jogging Trails, Washer/Dryer in Unit, Appliances Stainless, Bark Park, BBQ Grill, Closet Walk-in, Clubroom, Co-work Space, Electronic Key Entry, Flooring Hardwood, Kitchen islands available in 2-bedroom residences, LuxerOne Package Room, Online Rent Payments, Quartz Counters, Smart Home System, Storage, Svc Air Conditioning",0,0,2366.5,1,1,1,1,0,1,0,0,0,0,0,0,0
Rio Point,"7010 Bo St, Charlottesville, VA 22901",3.4,https://offgroundshousing.student.virginia.edu/housing/property/rio-point/bez84h9,1.0,1.0,"Total Monthly Price
$2,335 - $2,395",787,Available Now,"12 month lease, 6 Month lease, 8 Month, 9 month lease, Flexible/Other lease","Air Conditioning, Dishwasher, Garbage Disposal, Kitchen, Microwave, Patio, Balcony, Porch or Deck, Stainless Steel Appliances, Stove, Clubhouse, Fitness Room, Full-time Maintenance Staff, Manager on Site, Outdoor Rec Space, Pool, Property Manager On-Site, Walking/Jogging Trails, Washer/Dryer in Unit, Appliances Stainless, Bark Park, BBQ Grill, Closet Walk-in, Clubroom, Co-work Space, Electronic Key Entry, Flooring Hardwood, Kitchen islands available in 2-bedroom residences, LuxerOne Package Room, Online Rent Payments, Quartz Counters, Smart Home System, Storage, Svc Air Conditioning",0,0,2365.0,1,1,1,1,0,1,0,0,0,0,0,0,0
Rio Point,"7010 Bo St, Charlottesville, VA 22901",3.4,https://offgroundshousing.student.virginia.edu/housing/property/rio-point/bez84h9,1.0,1.0,"Total Monthly Price
$1,946 - $1,986",643,Available Now,"12 month lease, 6 Month lease, 8 Month, 9 month lease, Flexible/Other lease","Air Conditioning, Dishwasher, Garbage Disposal, Kitchen, Microwave, Patio, Balcony, Porch or Deck, Stainless Steel Appliances, Stove, Clubhouse, Fitness Room, Full-time Maintenance Staff, Manager on Site, Outdoor Rec Space, Pool, Property Manager On-Site, Walking/Jogging Trails, Washer/Dryer in Unit, Appliances Stainless, Bark Park, BBQ Grill, Closet Walk-in, Clubroom, Co-work Space, Electronic Key Entry, Flooring Hardwood, Kitchen islands available in 2-bedroom residences, LuxerOne Package Room, Online Rent Payments, Quartz Counters, Smart Home System, Storage, Svc Air Conditioning",0,0,1966.0,1,1,1,1,0,1,0,0,0,0,0,0,0
4 Bedroom Duplex Available Near UVA!,"101 Bollingwood Road, Charlottesville, VA 22903",0.3,https://offgroundshousing.student.virginia.edu/housing/property/4-bedroom-duplex-available-near-uva/ocpr9ddmm2,4.0,2.5,"Total Monthly Price
$3,500
12 Month Lease",,6/24/26,12 month lease,"Air Conditioning, Hardwood Floors, Patio, Balcony, Porch or Deck, Smoke-Free, Near Bus Stop, Washer/Dryer in Unit",0,0,3500.0,0,1,1,0,0,0,1,0,0,0,0,0,0
507 16th Street Apartments,"507 16th Street Northwest, Charlottesville, VA 22903",0.2,https://offgroundshousing.student.virginia.edu/housing/property/507-16th-street-apartments/ocpcp8e67f,1.0,1.0,"Total Monthly Price
$1,475 - $1,500
12 Month Lease",550,6/1/26,12 Month Lease,"Air Conditioning, Dishwasher, Hardwood Floors, Fitness Room, International Student Friendly, Near Bus Stop, Laundry Room in Community",0,0,1487.5,1,0,0,1,0,0,1,0,0,1,0,0,0
507 16th Street Apartments,"507 16th Street Northwest, Charlottesville, VA 22903",0.2,https://offgroundshousing.student.virginia.edu/housing/property/507-16th-street-apartments/ocpcp8e67f,2.0,1.0,"Total Monthly Price
$1,864 - $1,915
12 Month Lease",700,7/8/26,12 Month Lease,"Air Conditioning, Dishwasher, Hardwood Floors, Fitness Room, International Student Friendly, Near Bus Stop, Laundry Room in Community",0,0,1889.5,1,0,0,1,0,0,1,0,0,1,0,0,0
507 16th Street Apartments,"507 16th Street Northwest, Charlottesville, VA 22903",0.2,https://offgroundshousing.student.virginia.edu/housing/property/507-16th-street-apartments/ocpcp8e67f,2.0,1.0,"Total Monthly Price
$1,864
12 Month Lease",700,7/14/26,12 Month Lease,"Air Conditioning, Dishwasher, Hardwood Floors, Fitness Room, International Student Friendly, Near Bus Stop, Laundry Room in Community",0,0,1864.0,1,0,0,1,0,0,1,0,0,1,0,0,0
Charming Home Available Near UVA,"2001 Ivy Road, Charlottesville, VA 22903",0.3,https://offgroundshousing.student.virginia.edu/housing/property/charming-home-available-near-uva/ocpe5c1dfn,3.0,3.5,"$3,700
12 Month Lease",,8/19/26,12 month lease,"Air Conditioning, Dishwasher, Fireplace, Hardwood Floors, Patio, Balcony, Porch or Deck, Smoke-Free, Washer/Dryer in Unit",0,0,3700.0,1,1,1,0,0,0,0,0,0,0,0,0,0
104 Kent Terrace,"104 Kent Terrace, Charlottesville, VA 22903",0.0,https://offgroundshousing.student.virginia.edu/housing/property/104-kent-terrace/ocpsbh7et7,1.0,1.0,"Total Monthly Price
$1,505
12 Month Lease",560,6/8/26,12 Month Lease,"Air Conditioning, Carpet, Fitness Room, International Student Friendly, Laundry Room in Community",0,0,1505.0,0,0,0,1,0,0,0,0,0,1,1,0,0
Arlington Park Townhomes,"2102 Arlington Boulevard, Charlottesville, VA 22903",0.2,https://offgroundshousing.student.virginia.edu/housing/property/arlington-park-townhomes/ocpdxjby3k,2.0,1.0,"$1,865
12 Month Lease","1,000",7/7/26,12 Month Lease,"Air Conditioning, Hardwood Floors, Patio, Balcony, Porch or Deck, Smoke-Free, Washer/Dryer in Unit",0,0,1865.0,0,1,1,0,0,0,0,0,0,0,0,0,0
Arlington Park Townhomes,"2102 Arlington Boulevard, Charlottesville, VA 22903",0.2,https://offgroundshousing.student.virginia.edu/housing/property/arlington-park-townhomes/ocpdxjby3k,2.0,1.0,"$2,100
12 Month Lease","1,000",6/30/26,12 Month Lease,"Air Conditioning, Hardwood Floors, Patio, Balcony, Porch or Deck, Smoke-Free, Washer/Dryer in Unit",0,0,2100.0,0,1,1,0,0,0,0,0,0,0,0,0,0
The 12 Twelve,"1212 Cedars Court, Charlottesville, VA 22903",0.8,https://offgroundshousing.student.virginia.edu/housing/property/the-12-twelve/ocp83cq0m2,1.0,1.0,"Total Monthly Price
$1,995
12 Month Lease",574,8/10/26,12 month lease,"Air Conditioning, Dishwasher, Hardwood Floors, High-Speed Internet Available, Patio, Balcony, Porch or Deck, Smoke-Free, Fitness Room, International Student Friendly, Pool, Washer/Dryer in Unit",0,0,1995.0,1,1,1,1,1,1,0,0,0,0,0,0,0
The 12 Twelve,"1212 Cedars Court, Charlottesville, VA 22903",0.8,https://offgroundshousing.student.virginia.edu/housing/property/the-12-twelve/ocp83cq0m2,1.0,1.0,"Total Monthly Price
$2,155 - $2,215
12 Month Lease",795,6/2/26,12 month lease,"Air Conditioning, Dishwasher, Hardwood Floors, High-Speed Internet Available, Patio, Balcony, Porch or Deck, Smoke-Free, Fitness Room, International Student Friendly, Pool, Washer/Dryer in Unit",0,0,2185.0,1,1,1,1,1,1,0,0,0,0,0,0,0
The 12 Twelve,"1212 Cedars Court, Charlottesville, VA 22903",0.8,https://offgroundshousing.student.virginia.edu/housing/property/the-12-twelve/ocp83cq0m2,2.0,2.0,"Total Monthly Price
$2,630 - $2,670
12 Month Lease",975,6/13/26,12 month lease,"Air Conditioning, Dishwasher, Hardwood Floors, High-Speed Internet Available, Patio, Balcony, Porch or Deck, Smoke-Free, Fitness Room, International Student Friendly, Pool, Washer/Dryer in Unit",0,0,2650.0,1,1,1,1,1,1,0,0,0,0,0,0,0
1 Month FREE! Various Houses and Townhouses Available Now!,"Mimosa Court, Charlottesville, VA 22903",0.3,https://offgroundshousing.student.virginia.edu/housing/property/1-month-free-various-houses-and-townhouses-available-now/ocpj4j9xl6,3.0,1.5,"$1,750 - $1,900
Plus Fees
12 Month Lease",,Available Now,"12 month lease, Flexible/Other lease","Air Conditioning, Dishwasher, Hardwood Floors, Patio, Balcony, Porch or Deck, Smoke-Free, Near Bus Stop, Washer/Dryer in Unit",0,0,1825.0,1,1,1,0,0,0,1,0,0,0,0,0,0
1 Month FREE! Various Houses and Townhouses Available Now!,"Mimosa Court, Charlottesville, VA 22903",0.3,https://offgroundshousing.student.virginia.edu/housing/property/1-month-free-various-houses-and-townhouses-available-now/ocpj4j9xl6,3.0,1.5,"$1,995
Plus Fees
12 Month Lease",,Available Now,"12 month lease, Flexible/Other lease","Air Conditioning, Dishwasher, Hardwood Floors, Patio, Balcony, Porch or Deck, Smoke-Free, Near Bus Stop, Washer/Dryer in Unit",0,0,1995.0,1,1,1,0,0,0,1,0,0,0,0,0,0
525 Ridge Street | Luxury Living,"525 Ridge Street, Charlottesville, VA 22902",1.2,https://offgroundshousing.student.virginia.edu/housing/property/525-ridge-street-luxury-living/ocpfgl7f7t,1.0,1.0,"$2,165 - $2,215
Plus Fees
12 Month Lease",912,6/27/26,12 month lease,"Air Conditioning, Disability Accessible, Dishwasher, Hardwood Floors, High-Speed Internet Available, Patio, Balcony, Porch or Deck, Smoke-Free, International Student Friendly, Near Bus Stop, Washer/Dryer in Unit",0,0,2190.0,1,1,1,0,1,0,1,0,0,0,0,0,0
525 Ridge Street | Luxury Living,"525 Ridge Street, Charlottesville, VA 22902",1.2,https://offgroundshousing.student.virginia.edu/housing/property/525-ridge-street-luxury-living/ocpfgl7f7t,2.0,2.0,"$2,620 - $2,675
Plus Fees
12 Month Lease","1,052",6/13/26,12 month lease,"Air Conditioning, Disability Accessible, Dishwasher, Hardwood Floors, High-Speed Internet Available, Patio, Balcony, Porch or Deck, Smoke-Free, International Student Friendly, Near Bus Stop, Washer/Dryer in Unit",0,0,2647.5,1,1,1,0,1,0,1,0,0,0,0,0,0
Grove Street Townhouse,"1102A Grove Street, Charlottesville, VA 22903",0.8,https://offgroundshousing.student.virginia.edu/housing/property/grove-street-townhouse/ocpgpwkysz,3.0,1.5,"$1,825
Plus Fees
12 Month Lease",,Available Now,12 Month Lease,"Air Conditioning, Carpet, Dishwasher, High-Speed Internet Available, Patio, Balcony, Porch or Deck, Washer/Dryer in Unit",0,0,1825.0,1,1,1,0,1,0,0,0,0,0,1,0,0
Preston Square Apartments- Only 7 Units Left!,"1111 Preston Avenue, Charlottesville, VA 22903",0.7,https://offgroundshousing.student.virginia.edu/housing/property/preston-square-apartments-only-7-units-left/ocp8evzxm0,2.0,2.0,"$899 - $975 / Bedroom
Plus Fees
12 Month Lease",970,6/19/26,12 Month Lease,"Air Conditioning, Carpet, Dishwasher, Fireplace, Hardwood Floors, High-Speed Internet Available, Fitness Room, International Student Friendly, Near Bus Stop, Pool, Laundry Access, Washer/Dryer in Unit",1,0,937.0,1,1,0,1,1,1,1,0,0,0,1,0,0
Preston Square Apartments- Only 7 Units Left!,"1111 Preston Avenue, Charlottesville, VA 22903",0.7,https://offgroundshousing.student.virginia.edu/housing/property/preston-square-apartments-only-7-units-left/ocp8evzxm0,2.0,2.0,"$1,000 / Bedroom
Plus Fees
12 Month Lease",970,6/17/26,12 Month Lease,"Air Conditioning, Carpet, Dishwasher, Fireplace, Hardwood Floors, High-Speed Internet Available, Fitness Room, International Student Friendly, Near Bus Stop, Pool, Laundry Access, Washer/Dryer in Unit",1,0,1000.0,1,1,0,1,1,1,1,0,0,0,1,0,0
2 Bedroom Duplex Available Now! 1/2 Off Deposit,"1103 River Court, Charlottesville, VA 22901",2.7,https://offgroundshousing.student.virginia.edu/housing/property/2-bedroom-duplex-available-now-1-2-off-deposit/ocpws91m2l,2.0,1.0,"$1,395
Plus Fees
12 Month Lease",878,Available Now,12 month lease,"Air Conditioning, Carpet, Smoke-Free, Washer/Dryer in Unit",0,0,1395.0,0,1,0,0,0,0,0,0,0,0,1,0,0
The Vue,"3000 Vue Ave, Crozet, VA 22932",11.0,https://offgroundshousing.student.virginia.edu/housing/property/the-vue/pj3lypt,1.0,1.0,"$1,576 - $2,120
Plus Fees",760 - 854,Available Now,,"Air Conditioning, Carpet, Ceiling Fans, Dishwasher, Extra Storage, Granite Countertops, Heat - Central, Heat - Floor/Wall, Heating, Laminate Floors, Microwave, Patio, Balcony, Porch or Deck, Refrigerator, Stainless Steel Appliances, Storage Space Included, BBQ/BBQ Area, Clubhouse, Coffee Bar, Fitness Room, Full-time Maintenance Staff, Manager on Site, Pool, Property Manager On-Site, Washer/Dryer in Unit",0,0,1848.0,1,1,1,1,0,1,0,0,0,0,1,0,0
The Vue,"3000 Vue Ave, Crozet, VA 22932",11.0,https://offgroundshousing.student.virginia.edu/housing/property/the-vue/pj3lypt,2.0,2.0,"$1,851 - $2,484
Plus Fees","1,009",Available Now,,"Air Conditioning, Carpet, Ceiling Fans, Dishwasher, Extra Storage, Granite Countertops, Heat - Central, Heat - Floor/Wall, Heating, Laminate Floors, Microwave, Patio, Balcony, Porch or Deck, Refrigerator, Stainless Steel Appliances, Storage Space Included, BBQ/BBQ Area, Clubhouse, Coffee Bar, Fitness Room, Full-time Maintenance Staff, Manager on Site, Pool, Property Manager On-Site, Washer/Dryer in Unit",0,0,2167.5,1,1,1,1,0,1,0,0,0,0,1,0,0
The Vue,"3000 Vue Ave, Crozet, VA 22932",11.0,https://offgroundshousing.student.virginia.edu/housing/property/the-vue/pj3lypt,2.0,2.0,"$1,960 - $2,598
Plus Fees","1,206",Available Now,,"Air Conditioning, Carpet, Ceiling Fans, Dishwasher, Extra Storage, Granite Countertops, Heat - Central, Heat - Floor/Wall, Heating, Laminate Floors, Microwave, Patio, Balcony, Porch or Deck, Refrigerator, Stainless Steel Appliances, Storage Space Included, BBQ/BBQ Area, Clubhouse, Coffee Bar, Fitness Room, Full-time Maintenance Staff, Manager on Site, Pool, Property Manager On-Site, Washer/Dryer in Unit",0,0,2279.0,1,1,1,1,0,1,0,0,0,0,1,0,0
The Vue,"3000 Vue Ave, Crozet, VA 22932",11.0,https://offgroundshousing.student.virginia.edu/housing/property/the-vue/pj3lypt,2.0,2.0,Call for Rent,"1,490",Not Available,,"Air Conditioning, Carpet, Ceiling Fans, Dishwasher, Extra Storage, Granite Countertops, Heat - Central, Heat - Floor/Wall, Heating, Laminate Floors, Microwave, Patio, Balcony, Porch or Deck, Refrigerator, Stainless Steel Appliances, Storage Space Included, BBQ/BBQ Area, Clubhouse, Coffee Bar, Fitness Room, Full-time Maintenance Staff, Manager on Site, Pool, Property Manager On-Site, Washer/Dryer in Unit",0,1,,1,1,1,1,0,1,0,0,0,0,1,0,0
The Vue,"3000 Vue Ave, Crozet, VA 22932",11.0,https://offgroundshousing.student.virginia.edu/housing/property/the-vue/pj3lypt,2.0,2.0,Call for Rent,"1,463",Not Available,,"Air Conditioning, Carpet, Ceiling Fans, Dishwasher, Extra Storage, Granite Countertops, Heat - Central, Heat - Floor/Wall, Heating, Laminate Floors, Microwave, Patio, Balcony, Porch or Deck, Refrigerator, Stainless Steel Appliances, Storage Space Included, BBQ/BBQ Area, Clubhouse, Coffee Bar, Fitness Room, Full-time Maintenance Staff, Manager on Site, Pool, Property Manager On-Site, Washer/Dryer in Unit",0,1,,1,1,1,1,0,1,0,0,0,0,1,0,0
All UTILITIES INCLUDED! Leasing By The Room 1 bedroom: Available NOW!,"1100 Preston Avenue, Charlottesville, VA 22903",0.6,https://offgroundshousing.student.virginia.edu/housing/property/all-utilities-included-leasing-by-the-room-1-bedroom-available-now/ocp16qqlr5,1.0,3.0,"Total Monthly Price
$895 / Bedroom
6 Month Lease","1,681",Available Now,"12 month lease, Flexible/Other lease, Short-Term lease","Air Conditioning, Dishwasher, Hardwood Floors, High-Speed Internet Available, Patio, Balcony, Porch or Deck, Smoke-Free, Near Bus Stop, Washer/Dryer in Unit",1,0,895.0,1,1,1,0,1,0,1,0,0,0,0,0,0
Crestline Charlottesville,"108 10th St NW, Charlottesville, VA 22903",0.7,https://offgroundshousing.student.virginia.edu/housing/property/crestline-charlottesville/ztyqz1x,2.0,2.0,"$849 - $895
Plus Fees
11 Month Lease",,Available Now,"By the Bed Leasing, Flexible/Other lease","Air Conditioning, Disability Accessible, Dishwasher, Furnished, Granite Countertops, Heat - Central, Heat - Floor/Wall, Heating, Patio, Balcony, Porch or Deck, Refrigerator, Stainless Steel Appliances, Wheelchair Accessible, Clubhouse, Community Lounge, Fitness Room, Full-time Maintenance Staff, Individual Leases, Manager on Site, Pool, Property Manager On-Site, Roommate Matching, Sauna, Washer/Dryer in Unit, 24 Hour Fitness Gym, Air Conditioner, Cable/Satellite, Club House, Dryer, Fitness Center 2, Fitness Center 3, Fitness Center 4, Fitness Center 5, Free Internet, Golf Simulator, On-site maintenance, Rooftop Resident Lounge, Study Area, Study Room 1",0,0,872.0,1,1,1,1,0,1,0,1,0,0,0,1,0
Crestline Charlottesville,"108 10th St NW, Charlottesville, VA 22903",0.7,https://offgroundshousing.student.virginia.edu/housing/property/crestline-charlottesville/ztyqz1x,2.0,2.0,"$875 - $920
Plus Fees
11 Month Lease",,Available Now,"By the Bed Leasing, Flexible/Other lease","Air Conditioning, Disability Accessible, Dishwasher, Furnished, Granite Countertops, Heat - Central, Heat - Floor/Wall, Heating, Patio, Balcony, Porch or Deck, Refrigerator, Stainless Steel Appliances, Wheelchair Accessible, Clubhouse, Community Lounge, Fitness Room, Full-time Maintenance Staff, Individual Leases, Manager on Site, Pool, Property Manager On-Site, Roommate Matching, Sauna, Washer/Dryer in Unit, 24 Hour Fitness Gym, Air Conditioner, Cable/Satellite, Club House, Dryer, Fitness Center 2, Fitness Center 3, Fitness Center 4, Fitness Center 5, Free Internet, Golf Simulator, On-site maintenance, Rooftop Resident Lounge, Study Area, Study Room 1",0,0,897.5,1,1,1,1,0,1,0,1,0,0,0,1,0
Crestline Charlottesville,"108 10th St NW, Charlottesville, VA 22903",0.7,https://offgroundshousing.student.virginia.edu/housing/property/crestline-charlottesville/ztyqz1x,2.0,2.0,"$1,249 - $1,460 / Bedroom
Plus Fees
11 Month Lease",751,Available Now,"By the Bed Leasing, Flexible/Other lease","Air Conditioning, Disability Accessible, Dishwasher, Furnished, Granite Countertops, Heat - Central, Heat - Floor/Wall, Heating, Patio, Balcony, Porch or Deck, Refrigerator, Stainless Steel Appliances, Wheelchair Accessible, Clubhouse, Community Lounge, Fitness Room, Full-time Maintenance Staff, Individual Leases, Manager on Site, Pool, Property Manager On-Site, Roommate Matching, Sauna, Washer/Dryer in Unit, 24 Hour Fitness Gym, Air Conditioner, Cable/Satellite, Club House, Dryer, Fitness Center 2, Fitness Center 3, Fitness Center 4, Fitness Center 5, Free Internet, Golf Simulator, On-site maintenance, Rooftop Resident Lounge, Study Area, Study Room 1",1,0,1354.5,1,1,1,1,0,1,0,1,0,0,0,1,0
Crestline Charlottesville,"108 10th St NW, Charlottesville, VA 22903",0.7,https://offgroundshousing.student.virginia.edu/housing/property/crestline-charlottesville/ztyqz1x,2.0,2.0,"$1,249 - $1,460
Plus Fees
11 Month Lease",,Available Now,"By the Bed Leasing, Flexible/Other lease","Air Conditioning, Disability Accessible, Dishwasher, Furnished, Granite Countertops, Heat - Central, Heat - Floor/Wall, Heating, Patio, Balcony, Porch or Deck, Refrigerator, Stainless Steel Appliances, Wheelchair Accessible, Clubhouse, Community Lounge, Fitness Room, Full-time Maintenance Staff, Individual Leases, Manager on Site, Pool, Property Manager On-Site, Roommate Matching, Sauna, Washer/Dryer in Unit, 24 Hour Fitness Gym, Air Conditioner, Cable/Satellite, Club House, Dryer, Fitness Center 2, Fitness Center 3, Fitness Center 4, Fitness Center 5, Free Internet, Golf Simulator, On-site maintenance, Rooftop Resident Lounge, Study Area, Study Room 1",0,0,1354.5,1,1,1,1,0,1,0,1,0,0,0,1,0
Crestline Charlottesville,"108 10th St NW, Charlottesville, VA 22903",0.7,https://offgroundshousing.student.virginia.edu/housing/property/crestline-charlottesville/ztyqz1x,2.0,2.0,"$1,329 - $1,440 / Bedroom
Plus Fees
11 Month Lease",905,Available Now,"By the Bed Leasing, Flexible/Other lease","Air Conditioning, Disability Accessible, Dishwasher, Furnished, Granite Countertops, Heat - Central, Heat - Floor/Wall, Heating, Patio, Balcony, Porch or Deck, Refrigerator, Stainless Steel Appliances, Wheelchair Accessible, Clubhouse, Community Lounge, Fitness Room, Full-time Maintenance Staff, Individual Leases, Manager on Site, Pool, Property Manager On-Site, Roommate Matching, Sauna, Washer/Dryer in Unit, 24 Hour Fitness Gym, Air Conditioner, Cable/Satellite, Club House, Dryer, Fitness Center 2, Fitness Center 3, Fitness Center 4, Fitness Center 5, Free Internet, Golf Simulator, On-site maintenance, Rooftop Resident Lounge, Study Area, Study Room 1",1,0,1384.5,1,1,1,1,0,1,0,1,0,0,0,1,0
Crestline Charlottesville,"108 10th St NW, Charlottesville, VA 22903",0.7,https://offgroundshousing.student.virginia.edu/housing/property/crestline-charlottesville/ztyqz1x,2.0,2.0,"$1,390 - $1,505 / Bedroom
Plus Fees
11 Month Lease",860,Available Now,"By the Bed Leasing, Flexible/Other lease","Air Conditioning, Disability Accessible, Dishwasher, Furnished, Granite Countertops, Heat - Central, Heat - Floor/Wall, Heating, Patio, Balcony, Porch or Deck, Refrigerator, Stainless Steel Appliances, Wheelchair Accessible, Clubhouse, Community Lounge, Fitness Room, Full-time Maintenance Staff, Individual Leases, Manager on Site, Pool, Property Manager On-Site, Roommate Matching, Sauna, Washer/Dryer in Unit, 24 Hour Fitness Gym, Air Conditioner, Cable/Satellite, Club House, Dryer, Fitness Center 2, Fitness Center 3, Fitness Center 4, Fitness Center 5, Free Internet, Golf Simulator, On-site maintenance, Rooftop Resident Lounge, Study Area, Study Room 1",1,0,1447.5,1,1,1,1,0,1,0,1,0,0,0,1,0
Crestline Charlottesville,"108 10th St NW, Charlottesville, VA 22903",0.7,https://offgroundshousing.student.virginia.edu/housing/property/crestline-charlottesville/ztyqz1x,2.0,2.0,"$1,420 - $1,570 / Bedroom
Plus Fees
11 Month Lease",994,Available Now,"By the Bed Leasing, Flexible/Other lease","Air Conditioning, Disability Accessible, Dishwasher, Furnished, Granite Countertops, Heat - Central, Heat - Floor/Wall, Heating, Patio, Balcony, Porch or Deck, Refrigerator, Stainless Steel Appliances, Wheelchair Accessible, Clubhouse, Community Lounge, Fitness Room, Full-time Maintenance Staff, Individual Leases, Manager on Site, Pool, Property Manager On-Site, Roommate Matching, Sauna, Washer/Dryer in Unit, 24 Hour Fitness Gym, Air Conditioner, Cable/Satellite, Club House, Dryer, Fitness Center 2, Fitness Center 3, Fitness Center 4, Fitness Center 5, Free Internet, Golf Simulator, On-site maintenance, Rooftop Resident Lounge, Study Area, Study Room 1",1,0,1495.0,1,1,1,1,0,1,0,1,0,0,0,1,0
Crestline Charlottesville,"108 10th St NW, Charlottesville, VA 22903",0.7,https://offgroundshousing.student.virginia.edu/housing/property/crestline-charlottesville/ztyqz1x,2.0,2.0,"$1,429 - $1,490 / Bedroom
Plus Fees
11 Month Lease",890,Available Now,"By the Bed Leasing, Flexible/Other lease","Air Conditioning, Disability Accessible, Dishwasher, Furnished, Granite Countertops, Heat - Central, Heat - Floor/Wall, Heating, Patio, Balcony, Porch or Deck, Refrigerator, Stainless Steel Appliances, Wheelchair Accessible, Clubhouse, Community Lounge, Fitness Room, Full-time Maintenance Staff, Individual Leases, Manager on Site, Pool, Property Manager On-Site, Roommate Matching, Sauna, Washer/Dryer in Unit, 24 Hour Fitness Gym, Air Conditioner, Cable/Satellite, Club House, Dryer, Fitness Center 2, Fitness Center 3, Fitness Center 4, Fitness Center 5, Free Internet, Golf Simulator, On-site maintenance, Rooftop Resident Lounge, Study Area, Study Room 1",1,0,1459.5,1,1,1,1,0,1,0,1,0,0,0,1,0
Crestline Charlottesville,"108 10th St NW, Charlottesville, VA 22903",0.7,https://offgroundshousing.student.virginia.edu/housing/property/crestline-charlottesville/ztyqz1x,2.0,2.0,"$1,445 - $1,510 / Bedroom
Plus Fees
11 Month Lease",817,Available Now,"By the Bed Leasing, Flexible/Other lease","Air Conditioning, Disability Accessible, Dishwasher, Furnished, Granite Countertops, Heat - Central, Heat - Floor/Wall, Heating, Patio, Balcony, Porch or Deck, Refrigerator, Stainless Steel Appliances, Wheelchair Accessible, Clubhouse, Community Lounge, Fitness Room, Full-time Maintenance Staff, Individual Leases, Manager on Site, Pool, Property Manager On-Site, Roommate Matching, Sauna, Washer/Dryer in Unit, 24 Hour Fitness Gym, Air Conditioner, Cable/Satellite, Club House, Dryer, Fitness Center 2, Fitness Center 3, Fitness Center 4, Fitness Center 5, Free Internet, Golf Simulator, On-site maintenance, Rooftop Resident Lounge, Study Area, Study Room 1",1,0,1477.5,1,1,1,1,0,1,0,1,0,0,0,1,0
Crestline Charlottesville,"108 10th St NW, Charlottesville, VA 22903",0.7,https://offgroundshousing.student.virginia.edu/housing/property/crestline-charlottesville/ztyqz1x,2.0,2.0,"$1,450 - $1,550 / Bedroom
Plus Fees
11 Month Lease",904,Available Now,"By the Bed Leasing, Flexible/Other lease","Air Conditioning, Disability Accessible, Dishwasher, Furnished, Granite Countertops, Heat - Central, Heat - Floor/Wall, Heating, Patio, Balcony, Porch or Deck, Refrigerator, Stainless Steel Appliances, Wheelchair Accessible, Clubhouse, Community Lounge, Fitness Room, Full-time Maintenance Staff, Individual Leases, Manager on Site, Pool, Property Manager On-Site, Roommate Matching, Sauna, Washer/Dryer in Unit, 24 Hour Fitness Gym, Air Conditioner, Cable/Satellite, Club House, Dryer, Fitness Center 2, Fitness Center 3, Fitness Center 4, Fitness Center 5, Free Internet, Golf Simulator, On-site maintenance, Rooftop Resident Lounge, Study Area, Study Room 1",1,0,1500.0,1,1,1,1,0,1,0,1,0,0,0,1,0
2026-2027 School Year ALL UTILITES INCLUDED By The Room on 14th St,"463 14th Street Northwest, Charlottesville, VA 22903",0.7,https://offgroundshousing.student.virginia.edu/housing/property/2026-2027-school-year-all-utilites-included-by-the-room-on-14th-st/ocpqgd4dfz,1.0,5.0,"Total Monthly Price
$1,225 / Bedroom
12 Month Lease",,6/25/26,12 Month Lease,"Air Conditioning, Carpet, Dishwasher, Hardwood Floors, High-Speed Internet Available, Patio, Balcony, Porch or Deck, Smoke-Free, Individual Leases, Near Bus Stop, Washer/Dryer in Unit",1,0,1225.0,1,1,1,0,1,0,1,0,0,0,1,1,0
Ash Tree Apartments,"611- 621 Madison Avenue, Charlottesville, VA 22903",0.4,https://offgroundshousing.student.virginia.edu/housing/property/ash-tree-apartments/ocpsjsr4j7,1.0,1.0,"$1,725 - $1,775 / Bedroom
Plus Fees
12 Month Lease",850,6/30/26,12 month lease,"Air Conditioning, Carpet, Dishwasher, Fireplace, Hardwood Floors, High-Speed Internet Available, Patio, Balcony, Porch or Deck, Fitness Room, International Student Friendly, Near Bus Stop, Pool, Laundry Access, Laundry Room in Community, Washer/Dryer in Unit",1,0,1750.0,1,1,1,1,1,1,1,0,0,1,1,0,0
Ash Tree Apartments,"611- 621 Madison Avenue, Charlottesville, VA 22903",0.4,https://offgroundshousing.student.virginia.edu/housing/property/ash-tree-apartments/ocpsjsr4j7,2.0,1.0,"$925 - $1,000 / Bedroom
Plus Fees
12 Month Lease","1,050",6/19/26,12 month lease,"Air Conditioning, Carpet, Dishwasher, Fireplace, Hardwood Floors, High-Speed Internet Available, Patio, Balcony, Porch or Deck, Fitness Room, International Student Friendly, Near Bus Stop, Pool, Laundry Access, Laundry Room in Community, Washer/Dryer in Unit",1,0,962.5,1,1,1,1,1,1,1,0,0,1,1,0,0
Ash Tree Apartments,"611- 621 Madison Avenue, Charlottesville, VA 22903",0.4,https://offgroundshousing.student.virginia.edu/housing/property/ash-tree-apartments/ocpsjsr4j7,2.0,1.0,"$2,025
Plus Fees
12 Month Lease","1,050",6/11/26,12 month lease,"Air Conditioning, Carpet, Dishwasher, Fireplace, Hardwood Floors, High-Speed Internet Available, Patio, Balcony, Porch or Deck, Fitness Room, International Student Friendly, Near Bus Stop, Pool, Laundry Access, Laundry Room in Community, Washer/Dryer in Unit",0,0,2025.0,1,1,1,1,1,1,1,0,0,1,1,0,0
Ash Tree Apartments,"611- 621 Madison Avenue, Charlottesville, VA 22903",0.4,https://offgroundshousing.student.virginia.edu/housing/property/ash-tree-apartments/ocpsjsr4j7,2.0,1.0,"$2,050
Plus Fees
12 Month Lease",840,6/30/26,12 month lease,"Air Conditioning, Carpet, Dishwasher, Fireplace, Hardwood Floors, High-Speed Internet Available, Patio, Balcony, Porch or Deck, Fitness Room, International Student Friendly, Near Bus Stop, Pool, Laundry Access, Laundry Room in Community, Washer/Dryer in Unit",0,0,2050.0,1,1,1,1,1,1,1,0,0,1,1,0,0
Ash Tree Apartments,"611- 621 Madison Avenue, Charlottesville, VA 22903",0.4,https://offgroundshousing.student.virginia.edu/housing/property/ash-tree-apartments/ocpsjsr4j7,2.0,1.5,"$1,925 - $2,025
Plus Fees
12 Month Lease","1,137",6/11/26,12 month lease,"Air Conditioning, Carpet, Dishwasher, Fireplace, Hardwood Floors, High-Speed Internet Available, Patio, Balcony, Porch or Deck, Fitness Room, International Student Friendly, Near Bus Stop, Pool, Laundry Access, Laundry Room in Community, Washer/Dryer in Unit",0,0,1975.0,1,1,1,1,1,1,1,0,0,1,1,0,0
Ash Tree Apartments,"611- 621 Madison Avenue, Charlottesville, VA 22903",0.4,https://offgroundshousing.student.virginia.edu/housing/property/ash-tree-apartments/ocpsjsr4j7,2.0,2.0,"$2,050
Plus Fees
12 Month Lease",988,7/25/26,12 month lease,"Air Conditioning, Carpet, Dishwasher, Fireplace, Hardwood Floors, High-Speed Internet Available, Patio, Balcony, Porch or Deck, Fitness Room, International Student Friendly, Near Bus Stop, Pool, Laundry Access, Laundry Room in Community, Washer/Dryer in Unit",0,0,2050.0,1,1,1,1,1,1,1,0,0,1,1,0,0
Ash Tree Apartments,"611- 621 Madison Avenue, Charlottesville, VA 22903",0.4,https://offgroundshousing.student.virginia.edu/housing/property/ash-tree-apartments/ocpsjsr4j7,3.0,2.0,"$900 - $925 / Bedroom
Plus Fees
12 Month Lease","1,350",6/9/26,12 month lease,"Air Conditioning, Carpet, Dishwasher, Fireplace, Hardwood Floors, High-Speed Internet Available, Patio, Balcony, Porch or Deck, Fitness Room, International Student Friendly, Near Bus Stop, Pool, Laundry Access, Laundry Room in Community, Washer/Dryer in Unit",1,0,912.5,1,1,1,1,1,1,1,0,0,1,1,0,0
All UTILITIES INCLUDED! Leasing By The Room: Available NOW - Fall 2025 or Spring 2026 Terms,"502 14th Street Northwest, Charlottesville, VA 22903",0.6,https://offgroundshousing.student.virginia.edu/housing/property/all-utilities-included-leasing-by-the-room-available-now-fall-2025-or-spring-2026-terms/ocpnxejcrq,1.0,4.0,"Total Monthly Price
$1,175 / Bedroom
5 Month Lease",,Available Now,"Academic Year, Fall Sublet, Month-to-Month, Semester, Short-Term lease, Spring Sublet, Winter Sublet","Air Conditioning, Dishwasher, Hardwood Floors, High-Speed Internet Available, Patio, Balcony, Porch or Deck, Smoke-Free, Individual Leases, Near Bus Stop, Washer/Dryer in Unit",1,0,1175.0,1,1,1,0,1,0,1,0,0,0,0,1,0
Archer at Brookhill,"485 Crafton Cir, Charlottesville, VA 22911",5.5,https://offgroundshousing.student.virginia.edu/housing/property/archer-at-brookhill/t1xhcy8,1.0,1.0,"$1,805 - $1,860
Plus Fees",832,Available Now,"12 month lease, 3 Month lease, 6 Month lease, 8 Month, 9 month lease, Flexible/Other lease, Short-Term lease","Air Conditioning, Ceiling Fans, Dishwasher, Extra Storage, Garbage Disposal, Granite Countertops, Heat - Central, Heat - Floor/Wall, Heating, Kitchen, Microwave, Refrigerator, Smoke-Free, Stainless Steel Appliances, Storage for Additional Cost, Business Center, Clubhouse, Conference Room, Elevator, Fitness Room, Pool, Washer/Dryer in Unit, 24/7 Amazon Hub, Convenient elevator access, Corner Unit Premium, Cyber cafe, Elevator Building, Floor Premium, Grilling Area, Pet Spa, Resort style swimming pool, Yoga/aerobic studio",0,0,1832.5,1,1,0,1,0,1,0,0,0,0,1,0,0
Archer at Brookhill,"485 Crafton Cir, Charlottesville, VA 22911",5.5,https://offgroundshousing.student.virginia.edu/housing/property/archer-at-brookhill/t1xhcy8,1.0,1.0,"$1,655 - $1,749
Plus Fees",619,Available Now,"12 month lease, 3 Month lease, 6 Month lease, 8 Month, 9 month lease, Flexible/Other lease, Short-Term lease","Air Conditioning, Ceiling Fans, Dishwasher, Extra Storage, Garbage Disposal, Granite Countertops, Heat - Central, Heat - Floor/Wall, Heating, Kitchen, Microwave, Refrigerator, Smoke-Free, Stainless Steel Appliances, Storage for Additional Cost, Business Center, Clubhouse, Conference Room, Elevator, Fitness Room, Pool, Washer/Dryer in Unit, 24/7 Amazon Hub, Convenient elevator access, Corner Unit Premium, Cyber cafe, Elevator Building, Floor Premium, Grilling Area, Pet Spa, Resort style swimming pool, Yoga/aerobic studio",0,0,1702.0,1,1,0,1,0,1,0,0,0,0,1,0,0
Archer at Brookhill,"485 Crafton Cir, Charlottesville, VA 22911",5.5,https://offgroundshousing.student.virginia.edu/housing/property/archer-at-brookhill/t1xhcy8,1.0,1.0,"$1,764
Plus Fees",688,Not Available,"12 month lease, 3 Month lease, 6 Month lease, 8 Month, 9 month lease, Flexible/Other lease, Short-Term lease","Air Conditioning, Ceiling Fans, Dishwasher, Extra Storage, Garbage Disposal, Granite Countertops, Heat - Central, Heat - Floor/Wall, Heating, Kitchen, Microwave, Refrigerator, Smoke-Free, Stainless Steel Appliances, Storage for Additional Cost, Business Center, Clubhouse, Conference Room, Elevator, Fitness Room, Pool, Washer/Dryer in Unit, 24/7 Amazon Hub, Convenient elevator access, Corner Unit Premium, Cyber cafe, Elevator Building, Floor Premium, Grilling Area, Pet Spa, Resort style swimming pool, Yoga/aerobic studio",0,0,1764.0,1,1,0,1,0,1,0,0,0,0,1,0,0
Archer at Brookhill,"485 Crafton Cir, Charlottesville, VA 22911",5.5,https://offgroundshousing.student.virginia.edu/housing/property/archer-at-brookhill/t1xhcy8,1.0,1.0,"$1,964
Plus Fees",901,Not Available,"12 month lease, 3 Month lease, 6 Month lease, 8 Month, 9 month lease, Flexible/Other lease, Short-Term lease","Air Conditioning, Ceiling Fans, Dishwasher, Extra Storage, Garbage Disposal, Granite Countertops, Heat - Central, Heat - Floor/Wall, Heating, Kitchen, Microwave, Refrigerator, Smoke-Free, Stainless Steel Appliances, Storage for Additional Cost, Business Center, Clubhouse, Conference Room, Elevator, Fitness Room, Pool, Washer/Dryer in Unit, 24/7 Amazon Hub, Convenient elevator access, Corner Unit Premium, Cyber cafe, Elevator Building, Floor Premium, Grilling Area, Pet Spa, Resort style swimming pool, Yoga/aerobic studio",0,0,1964.0,1,1,0,1,0,1,0,0,0,0,1,0,0
Archer at Brookhill,"485 Crafton Cir, Charlottesville, VA 22911",5.5,https://offgroundshousing.student.virginia.edu/housing/property/archer-at-brookhill/t1xhcy8,2.0,2.0,"$2,217 - $2,246
Plus Fees","1,213",Available Now,"12 month lease, 3 Month lease, 6 Month lease, 8 Month, 9 month lease, Flexible/Other lease, Short-Term lease","Air Conditioning, Ceiling Fans, Dishwasher, Extra Storage, Garbage Disposal, Granite Countertops, Heat - Central, Heat - Floor/Wall, Heating, Kitchen, Microwave, Refrigerator, Smoke-Free, Stainless Steel Appliances, Storage for Additional Cost, Business Center, Clubhouse, Conference Room, Elevator, Fitness Room, Pool, Washer/Dryer in Unit, 24/7 Amazon Hub, Convenient elevator access, Corner Unit Premium, Cyber cafe, Elevator Building, Floor Premium, Grilling Area, Pet Spa, Resort style swimming pool, Yoga/aerobic studio",0,0,2231.5,1,1,0,1,0,1,0,0,0,0,1,0,0
Archer at Brookhill,"485 Crafton Cir, Charlottesville, VA 22911",5.5,https://offgroundshousing.student.virginia.edu/housing/property/archer-at-brookhill/t1xhcy8,2.0,2.0,"$1,939 - $2,009
Plus Fees","1,084",Available Now,"12 month lease, 3 Month lease, 6 Month lease, 8 Month, 9 month lease, Flexible/Other lease, Short-Term lease","Air Conditioning, Ceiling Fans, Dishwasher, Extra Storage, Garbage Disposal, Granite Countertops, Heat - Central, Heat - Floor/Wall, Heating, Kitchen, Microwave, Refrigerator, Smoke-Free, Stainless Steel Appliances, Storage for Additional Cost, Business Center, Clubhouse, Conference Room, Elevator, Fitness Room, Pool, Washer/Dryer in Unit, 24/7 Amazon Hub, Convenient elevator access, Corner Unit Premium, Cyber cafe, Elevator Building, Floor Premium, Grilling Area, Pet Spa, Resort style swimming pool, Yoga/aerobic studio",0,0,1974.0,1,1,0,1,0,1,0,0,0,0,1,0,0
Archer at Brookhill,"485 Crafton Cir, Charlottesville, VA 22911",5.5,https://offgroundshousing.student.virginia.edu/housing/property/archer-at-brookhill/t1xhcy8,2.0,2.0,"$1,979 - $1,993
Plus Fees",994,5/24/26,"12 month lease, 3 Month lease, 6 Month lease, 8 Month, 9 month lease, Flexible/Other lease, Short-Term lease","Air Conditioning, Ceiling Fans, Dishwasher, Extra Storage, Garbage Disposal, Granite Countertops, Heat - Central, Heat - Floor/Wall, Heating, Kitchen, Microwave, Refrigerator, Smoke-Free, Stainless Steel Appliances, Storage for Additional Cost, Business Center, Clubhouse, Conference Room, Elevator, Fitness Room, Pool, Washer/Dryer in Unit, 24/7 Amazon Hub, Convenient elevator access, Corner Unit Premium, Cyber cafe, Elevator Building, Floor Premium, Grilling Area, Pet Spa, Resort style swimming pool, Yoga/aerobic studio",0,0,1986.0,1,1,0,1,0,1,0,0,0,0,1,0,0
Archer at Brookhill,"485 Crafton Cir, Charlottesville, VA 22911",5.5,https://offgroundshousing.student.virginia.edu/housing/property/archer-at-brookhill/t1xhcy8,2.0,2.0,"$2,033
Plus Fees","1,087",5/25/26,"12 month lease, 3 Month lease, 6 Month lease, 8 Month, 9 month lease, Flexible/Other lease, Short-Term lease","Air Conditioning, Ceiling Fans, Dishwasher, Extra Storage, Garbage Disposal, Granite Countertops, Heat - Central, Heat - Floor/Wall, Heating, Kitchen, Microwave, Refrigerator, Smoke-Free, Stainless Steel Appliances, Storage for Additional Cost, Business Center, Clubhouse, Conference Room, Elevator, Fitness Room, Pool, Washer/Dryer in Unit, 24/7 Amazon Hub, Convenient elevator access, Corner Unit Premium, Cyber cafe, Elevator Building, Floor Premium, Grilling Area, Pet Spa, Resort style swimming pool, Yoga/aerobic studio",0,0,2033.0,1,1,0,1,0,1,0,0,0,0,1,0,0
Archer at Brookhill,"485 Crafton Cir, Charlottesville, VA 22911",5.5,https://offgroundshousing.student.virginia.edu/housing/property/archer-at-brookhill/t1xhcy8,3.0,3.0,"$2,707
Plus Fees","1,309",Not Available,"12 month lease, 3 Month lease, 6 Month lease, 8 Month, 9 month lease, Flexible/Other lease, Short-Term lease","Air Conditioning, Ceiling Fans, Dishwasher, Extra Storage, Garbage Disposal, Granite Countertops, Heat - Central, Heat - Floor/Wall, Heating, Kitchen, Microwave, Refrigerator, Smoke-Free, Stainless Steel Appliances, Storage for Additional Cost, Business Center, Clubhouse, Conference Room, Elevator, Fitness Room, Pool, Washer/Dryer in Unit, 24/7 Amazon Hub, Convenient elevator access, Corner Unit Premium, Cyber cafe, Elevator Building, Floor Premium, Grilling Area, Pet Spa, Resort style swimming pool, Yoga/aerobic studio",0,0,2707.0,1,1,0,1,0,1,0,0,0,0,1,0,0
Charming House,"1321 Willow Drive, Charlottesville, VA 22902",2.8,https://offgroundshousing.student.virginia.edu/housing/property/charming-house/ocpcncjpgd,2.0,1.0,"$2,100","1,048",Available Now,,"Dishwasher, Refrigerator, Stove, Washer/Dryer in Unit",0,0,2100.0,1,1,0,0,0,0,0,0,0,0,0,0,0
One Hundred Avon,"100 Avon Street, Charlottesville, VA 22902",1.9,https://offgroundshousing.student.virginia.edu/housing/property/one-hundred-avon/ocpmxplx1h,1.0,1.0,"$1,695 - $1,805
Plus Fees
12 Month Lease",510,Available Now,12 month lease,"Air Conditioning, Disability Accessible, Dishwasher, High-Speed Internet Available, Patio, Balcony, Porch or Deck, Individual Leases, Near Bus Stop, Washer/Dryer in Unit",0,0,1750.0,1,1,1,0,1,0,1,0,0,0,0,1,0
One Hundred Avon,"100 Avon Street, Charlottesville, VA 22902",1.9,https://offgroundshousing.student.virginia.edu/housing/property/one-hundred-avon/ocpmxplx1h,1.0,1.0,"$1,855
Plus Fees
12 Month Lease",570,6/7/26,12 month lease,"Air Conditioning, Disability Accessible, Dishwasher, High-Speed Internet Available, Patio, Balcony, Porch or Deck, Individual Leases, Near Bus Stop, Washer/Dryer in Unit",0,0,1855.0,1,1,1,0,1,0,1,0,0,0,0,1,0
One Hundred Avon,"100 Avon Street, Charlottesville, VA 22902",1.9,https://offgroundshousing.student.virginia.edu/housing/property/one-hundred-avon/ocpmxplx1h,1.0,1.0,"$1,870
Plus Fees
12 Month Lease",665,7/9/26,12 month lease,"Air Conditioning, Disability Accessible, Dishwasher, High-Speed Internet Available, Patio, Balcony, Porch or Deck, Individual Leases, Near Bus Stop, Washer/Dryer in Unit",0,0,1870.0,1,1,1,0,1,0,1,0,0,0,0,1,0
One Hundred Avon,"100 Avon Street, Charlottesville, VA 22902",1.9,https://offgroundshousing.student.virginia.edu/housing/property/one-hundred-avon/ocpmxplx1h,1.0,1.0,"$1,875
Plus Fees
12 Month Lease",750,5/15/26,12 month lease,"Air Conditioning, Disability Accessible, Dishwasher, High-Speed Internet Available, Patio, Balcony, Porch or Deck, Individual Leases, Near Bus Stop, Washer/Dryer in Unit",0,0,1875.0,1,1,1,0,1,0,1,0,0,0,0,1,0
One Hundred Avon,"100 Avon Street, Charlottesville, VA 22902",1.9,https://offgroundshousing.student.virginia.edu/housing/property/one-hundred-avon/ocpmxplx1h,1.0,1.0,"$1,885
Plus Fees
12 Month Lease",615,Available Now,12 month lease,"Air Conditioning, Disability Accessible, Dishwasher, High-Speed Internet Available, Patio, Balcony, Porch or Deck, Individual Leases, Near Bus Stop, Washer/Dryer in Unit",0,0,1885.0,1,1,1,0,1,0,1,0,0,0,0,1,0
One Hundred Avon,"100 Avon Street, Charlottesville, VA 22902",1.9,https://offgroundshousing.student.virginia.edu/housing/property/one-hundred-avon/ocpmxplx1h,1.0,1.0,"$1,975
Plus Fees
12 Month Lease",695,8/13/26,12 month lease,"Air Conditioning, Disability Accessible, Dishwasher, High-Speed Internet Available, Patio, Balcony, Porch or Deck, Individual Leases, Near Bus Stop, Washer/Dryer in Unit",0,0,1975.0,1,1,1,0,1,0,1,0,0,0,0,1,0
119 Chisholm Place,"119 Chisholm Place, Charlottesville, VA 22902",2.6,https://offgroundshousing.student.virginia.edu/housing/property/119-chisholm-place/ocpbyqfcd8,3.0,2.0,"$2,400","1,182",8/1/26,,"Dishwasher, Garden/Yard, Patio, Balcony, Porch or Deck, Refrigerator, Stove, Washer/Dryer in Unit, near downtown\/ UVA, Near Meade Park, None, One level Living, Private street with cul-de-sac and very little traffic, Wood Floors, Woolen Mills",0,0,2400.0,1,1,1,0,0,0,0,0,0,0,0,0,0
The Fred 4BR - One Month Free - Move-In Today!,"1207 Wertland Street, Charlottesville, VA 22903",0.6,https://offgroundshousing.student.virginia.edu/housing/property/the-fred-4br-one-month-free-move-in-today/ocp7rc5cvw,4.0,2.0,"$3,800
Plus Fees
6 Month Lease","1,100",Available Now,6 Month Lease,"Air Conditioning, Carpet, Dishwasher, Fireplace, Hardwood Floors, Patio, Balcony, Porch or Deck, Washer/Dryer in Unit",0,0,3800.0,1,1,1,0,0,0,0,0,0,0,1,0,0
Cozy 2-Bedroom Apartment in the Heart of Charlottesville,"816 Avon Street B, Charlottesville, VA 22902",1.8,https://offgroundshousing.student.virginia.edu/housing/property/cozy-2-bedroom-apartment-in-the-heart-of-charlottesville/ocpcw24h5g,2.0,1.0,"$1,985
Plus Fees
12 Month Lease",,Available Now,12 month lease,"Air Conditioning, Hardwood Floors, Patio, Balcony, Porch or Deck, Smoke-Free, Near Bus Stop, Washer/Dryer in Unit",0,0,1985.0,0,1,1,0,0,0,1,0,0,0,0,0,0
Avemore Apartment Homes,"1540 Avemore Ln, Charlottesville, VA 22911",3.3,https://offgroundshousing.student.virginia.edu/housing/property/avemore-apartment-homes/xn4ymrq,1.0,1.0,"$1,768 / Bedroom
Plus Fees",689,Available Now,"12 month lease, 3 Month lease, 6 Month lease, 8 Month, 9 month lease, Flexible/Other lease, Short-Term lease","Air Conditioning, Bright/natural lighting, Carpet, Ceiling Fans, Disability Accessible, Dishwasher, Extra Storage, Fireplace, Garbage Disposal, Granite Countertops, Heat - Central, Heat - Floor/Wall, Heating, High-Speed Internet Available, Kitchen, Business Center, Close to Public Transportation, Clubhouse, Conference Room, Fitness Room, Full-time Maintenance Staff, Manager on Site, Pool, Property Manager On-Site, Washer/Dryer in Unit, 24/7 Amazon Hub, Carriage Home, Floor Premium, Full Size Washer & Dryer, Grilling Area, Luxury Renovations, New Cabinets, New Countertops, New Flooring",1,0,1768.0,1,1,0,1,1,1,0,0,0,0,1,0,0
Avemore Apartment Homes,"1540 Avemore Ln, Charlottesville, VA 22911",3.3,https://offgroundshousing.student.virginia.edu/housing/property/avemore-apartment-homes/xn4ymrq,1.0,1.0,"$2,008
Plus Fees",886,5/7/26,"12 month lease, 3 Month lease, 6 Month lease, 8 Month, 9 month lease, Flexible/Other lease, Short-Term lease","Air Conditioning, Bright/natural lighting, Carpet, Ceiling Fans, Disability Accessible, Dishwasher, Extra Storage, Fireplace, Garbage Disposal, Granite Countertops, Heat - Central, Heat - Floor/Wall, Heating, High-Speed Internet Available, Kitchen, Business Center, Close to Public Transportation, Clubhouse, Conference Room, Fitness Room, Full-time Maintenance Staff, Manager on Site, Pool, Property Manager On-Site, Washer/Dryer in Unit, 24/7 Amazon Hub, Carriage Home, Floor Premium, Full Size Washer & Dryer, Grilling Area, Luxury Renovations, New Cabinets, New Countertops, New Flooring",0,0,2008.0,1,1,0,1,1,1,0,0,0,0,1,0,0
Avemore Apartment Homes,"1540 Avemore Ln, Charlottesville, VA 22911",3.3,https://offgroundshousing.student.virginia.edu/housing/property/avemore-apartment-homes/xn4ymrq,1.0,1.0,"$2,249
Plus Fees","1,061",4/4/26,"12 month lease, 3 Month lease, 6 Month lease, 8 Month, 9 month lease, Flexible/Other lease, Short-Term lease","Air Conditioning, Bright/natural lighting, Carpet, Ceiling Fans, Disability Accessible, Dishwasher, Extra Storage, Fireplace, Garbage Disposal, Granite Countertops, Heat - Central, Heat - Floor/Wall, Heating, High-Speed Internet Available, Kitchen, Business Center, Close to Public Transportation, Clubhouse, Conference Room, Fitness Room, Full-time Maintenance Staff, Manager on Site, Pool, Property Manager On-Site, Washer/Dryer in Unit, 24/7 Amazon Hub, Carriage Home, Floor Premium, Full Size Washer & Dryer, Grilling Area, Luxury Renovations, New Cabinets, New Countertops, New Flooring",0,0,2249.0,1,1,0,1,1,1,0,0,0,0,1,0,0
Avemore Apartment Homes,"1540 Avemore Ln, Charlottesville, VA 22911",3.3,https://offgroundshousing.student.virginia.edu/housing/property/avemore-apartment-homes/xn4ymrq,1.0,1.0,Call for Rent,649,Not Available,"12 month lease, 3 Month lease, 6 Month lease, 8 Month, 9 month lease, Flexible/Other lease, Short-Term lease","Air Conditioning, Bright/natural lighting, Carpet, Ceiling Fans, Disability Accessible, Dishwasher, Extra Storage, Fireplace, Garbage Disposal, Granite Countertops, Heat - Central, Heat - Floor/Wall, Heating, High-Speed Internet Available, Kitchen, Business Center, Close to Public Transportation, Clubhouse, Conference Room, Fitness Room, Full-time Maintenance Staff, Manager on Site, Pool, Property Manager On-Site, Washer/Dryer in Unit, 24/7 Amazon Hub, Carriage Home, Floor Premium, Full Size Washer & Dryer, Grilling Area, Luxury Renovations, New Cabinets, New Countertops, New Flooring",0,1,,1,1,0,1,1,1,0,0,0,0,1,0,0
Avemore Apartment Homes,"1540 Avemore Ln, Charlottesville, VA 22911",3.3,https://offgroundshousing.student.virginia.edu/housing/property/avemore-apartment-homes/xn4ymrq,1.0,1.0,Call for Rent,681,Not Available,"12 month lease, 3 Month lease, 6 Month lease, 8 Month, 9 month lease, Flexible/Other lease, Short-Term lease","Air Conditioning, Bright/natural lighting, Carpet, Ceiling Fans, Disability Accessible, Dishwasher, Extra Storage, Fireplace, Garbage Disposal, Granite Countertops, Heat - Central, Heat - Floor/Wall, Heating, High-Speed Internet Available, Kitchen, Business Center, Close to Public Transportation, Clubhouse, Conference Room, Fitness Room, Full-time Maintenance Staff, Manager on Site, Pool, Property Manager On-Site, Washer/Dryer in Unit, 24/7 Amazon Hub, Carriage Home, Floor Premium, Full Size Washer & Dryer, Grilling Area, Luxury Renovations, New Cabinets, New Countertops, New Flooring",0,1,,1,1,0,1,1,1,0,0,0,0,1,0,0
Avemore Apartment Homes,"1540 Avemore Ln, Charlottesville, VA 22911",3.3,https://offgroundshousing.student.virginia.edu/housing/property/avemore-apartment-homes/xn4ymrq,1.0,1.0,Call for Rent,935,Not Available,"12 month lease, 3 Month lease, 6 Month lease, 8 Month, 9 month lease, Flexible/Other lease, Short-Term lease","Air Conditioning, Bright/natural lighting, Carpet, Ceiling Fans, Disability Accessible, Dishwasher, Extra Storage, Fireplace, Garbage Disposal, Granite Countertops, Heat - Central, Heat - Floor/Wall, Heating, High-Speed Internet Available, Kitchen, Business Center, Close to Public Transportation, Clubhouse, Conference Room, Fitness Room, Full-time Maintenance Staff, Manager on Site, Pool, Property Manager On-Site, Washer/Dryer in Unit, 24/7 Amazon Hub, Carriage Home, Floor Premium, Full Size Washer & Dryer, Grilling Area, Luxury Renovations, New Cabinets, New Countertops, New Flooring",0,1,,1,1,0,1,1,1,0,0,0,0,1,0,0
Avemore Apartment Homes,"1540 Avemore Ln, Charlottesville, VA 22911",3.3,https://offgroundshousing.student.virginia.edu/housing/property/avemore-apartment-homes/xn4ymrq,1.0,1.0,Call for Rent,749,Not Available,"12 month lease, 3 Month lease, 6 Month lease, 8 Month, 9 month lease, Flexible/Other lease, Short-Term lease","Air Conditioning, Bright/natural lighting, Carpet, Ceiling Fans, Disability Accessible, Dishwasher, Extra Storage, Fireplace, Garbage Disposal, Granite Countertops, Heat - Central, Heat - Floor/Wall, Heating, High-Speed Internet Available, Kitchen, Business Center, Close to Public Transportation, Clubhouse, Conference Room, Fitness Room, Full-time Maintenance Staff, Manager on Site, Pool, Property Manager On-Site, Washer/Dryer in Unit, 24/7 Amazon Hub, Carriage Home, Floor Premium, Full Size Washer & Dryer, Grilling Area, Luxury Renovations, New Cabinets, New Countertops, New Flooring",0,1,,1,1,0,1,1,1,0,0,0,0,1,0,0
Avemore Apartment Homes,"1540 Avemore Ln, Charlottesville, VA 22911",3.3,https://offgroundshousing.student.virginia.edu/housing/property/avemore-apartment-homes/xn4ymrq,1.0,1.0,Call for Rent,581,Not Available,"12 month lease, 3 Month lease, 6 Month lease, 8 Month, 9 month lease, Flexible/Other lease, Short-Term lease","Air Conditioning, Bright/natural lighting, Carpet, Ceiling Fans, Disability Accessible, Dishwasher, Extra Storage, Fireplace, Garbage Disposal, Granite Countertops, Heat - Central, Heat - Floor/Wall, Heating, High-Speed Internet Available, Kitchen, Business Center, Close to Public Transportation, Clubhouse, Conference Room, Fitness Room, Full-time Maintenance Staff, Manager on Site, Pool, Property Manager On-Site, Washer/Dryer in Unit, 24/7 Amazon Hub, Carriage Home, Floor Premium, Full Size Washer & Dryer, Grilling Area, Luxury Renovations, New Cabinets, New Countertops, New Flooring",0,1,,1,1,0,1,1,1,0,0,0,0,1,0,0
"Heart of UVA 13th St 4 BR, 2.5 Bath Within Walking Distance of UVA","510 13th Street Northwest, Charlottesville, VA 22903",0.8,https://offgroundshousing.student.virginia.edu/housing/property/heart-of-uva-13th-st-4-br-2-5-bath-within-walking-distance-of-uva/ocp5f6sm8q,4.0,2.5,"$4,400
12 Month Lease",,6/1/26,12 Month Lease,"Air Conditioning, Dishwasher, Hardwood Floors, High-Speed Internet Available, Patio, Balcony, Porch or Deck, Smoke-Free, Near Bus Stop, Washer/Dryer in Unit",0,0,4400.0,1,1,1,0,1,0,1,0,0,0,0,0,0
Burnet on Elliott - 2BR Available,"114 Elliott Avenue, Charlottesville, VA 22902",0.6,https://offgroundshousing.student.virginia.edu/housing/property/burnet-on-elliott-2br-available/ocpwgw48nj,1.0,1.0,"$1,925 - $2,175
Plus Fees
12 Month Lease",,6/15/26,12 month lease,"Air Conditioning, Disability Accessible, Dishwasher, Hardwood Floors, High-Speed Internet Available, Patio, Balcony, Porch or Deck, International Student Friendly, Near Bus Stop, Washer/Dryer in Unit",0,0,2050.0,1,1,1,0,1,0,1,0,0,0,0,0,0
Burnet on Elliott - 2BR Available,"114 Elliott Avenue, Charlottesville, VA 22902",0.6,https://offgroundshousing.student.virginia.edu/housing/property/burnet-on-elliott-2br-available/ocpwgw48nj,2.0,2.0,"$2,525 - $2,575
Plus Fees
12 Month Lease",,6/7/26,12 month lease,"Air Conditioning, Disability Accessible, Dishwasher, Hardwood Floors, High-Speed Internet Available, Patio, Balcony, Porch or Deck, International Student Friendly, Near Bus Stop, Washer/Dryer in Unit",0,0,2550.0,1,1,1,0,1,0,1,0,0,0,0,0,0
1625 Center Avenue,"1625 Center Avenue, Charlottesville, VA 22903",0.6,https://offgroundshousing.student.virginia.edu/housing/property/1625-center-avenue/ocphb2ygb3,3.0,2.0,"$2,400","1,316",6/15/26,,"Dishwasher, Refrigerator, Stove, Washer/Dryer in Unit, one level, Perfect UVA location!, Shamrock Road area!, Shed",0,0,2400.0,1,1,0,0,0,0,0,0,0,0,1,0,0
1821 JPA,"1821 Jefferson Park Avenue, Charlottesville, VA 22903",0.1,https://offgroundshousing.student.virginia.edu/housing/property/1821-jpa/ocpv9sv6ze,1.0,1.0,"$1,500
Plus Fees
12 Month Lease",500,6/16/26,12 month lease,"Air Conditioning, Carpet, Loft, Patio, Balcony, Porch or Deck, Fitness Room, International Student Friendly, Near Bus Stop, Laundry Room in Community",0,0,1500.0,0,0,1,1,0,0,1,0,0,1,1,0,0
1821 JPA,"1821 Jefferson Park Avenue, Charlottesville, VA 22903",0.1,https://offgroundshousing.student.virginia.edu/housing/property/1821-jpa/ocpv9sv6ze,1.0,1.0,"$1,725
Plus Fees
12 Month Lease",600,7/29/26,12 month lease,"Air Conditioning, Carpet, Loft, Patio, Balcony, Porch or Deck, Fitness Room, International Student Friendly, Near Bus Stop, Laundry Room in Community",0,0,1725.0,0,0,1,1,0,0,1,0,0,1,1,0,0
Lewis Hills Subdivision in Ivy!,"2424 Holkham Drive Extd, Charlottesville, VA 22901",7.1,https://offgroundshousing.student.virginia.edu/housing/property/lewis-hills-subdivision-in-ivy/ocphhtpe10,4.0,2.5,"$3,750","2,477",7/1/26,,"Dishwasher, Refrigerator, Stove, Washer/Dryer in Unit, Lawn Mowing",0,0,3750.0,1,1,0,0,0,0,0,0,0,0,0,0,0
"Mosby Apartments located on 15th Street near UVA's Central Grounds. Lease now, only one room left!","510-512 15th Street Northwest, Charlottesville, VA 22903",0.3,https://offgroundshousing.student.virginia.edu/housing/property/mosby-apartments-located-on-15th-street-near-uvas-central-grounds-lease-now-only-one-room-left/ocp5d13mlq,1.0,1.0,"$1,315
Plus Fees
12 Month Lease",500,7/27/26,12 month lease,"Air Conditioning, Carpet, Fitness Room, International Student Friendly, Near Bus Stop, Laundry Room in Community",0,0,1315.0,0,0,0,1,0,0,1,0,0,1,1,0,0
Albemarle Townhouse,"270 Albert Court, Charlottesville, VA 22901",2.7,https://offgroundshousing.student.virginia.edu/housing/property/albemarle-townhouse/ocpmgy4pck,3.0,1.5,"$2,000
Plus Fees","1,260",Available Now,,"Dishwasher, Refrigerator, Stove, Convenient location, Driveway, duplex, fireplace, flat yard, None., Vinyl Plank Flooring",0,0,2000.0,1,0,0,0,0,0,0,0,0,0,1,0,0
The Woodlands of Charlottesville,"1720 Treetop Dr, Charlottesville, VA 22903",1.7,https://offgroundshousing.student.virginia.edu/housing/property/the-woodlands-of-charlottesville/q5c26lw,2.0,2.0,"$2,200 - $2,370
Plus Fees
12 Month Lease","1,120",Available Now,"12 month lease, 6 Month lease, 8 Month, 9 month lease, Flexible/Other lease","Air Conditioning, Carpet, Ceiling Fans, Dishwasher, Fireplace, Garbage Disposal, Garden/Yard, Granite Countertops, Hardwood Floors, Heat - Central, Heat - Floor/Wall, Heating, High-Speed Internet Available, Kitchen, Laminate Floors, BBQ/BBQ Area, Business Center, Clubhouse, Community Lounge, Conference Room, Fitness Room, Manager on Site, Outdoor Rec Space, Pool, Property Manager On-Site, Study Lounges, Tennis Court, Volleyball Courts, Washer/Dryer in Unit, 3 Tier Pool, Basketball Court, Dog Park, Fire Pit, Outdoor Amphitheater, Tennis Court, Vollyball",0,0,2285.0,1,1,0,1,1,1,0,0,0,0,1,0,0
The Woodlands of Charlottesville,"1720 Treetop Dr, Charlottesville, VA 22903",1.7,https://offgroundshousing.student.virginia.edu/housing/property/the-woodlands-of-charlottesville/q5c26lw,2.0,2.5,"$2,250 - $2,475
Plus Fees
12 Month Lease","1,150",Available Now,"12 month lease, 6 Month lease, 8 Month, 9 month lease, Flexible/Other lease","Air Conditioning, Carpet, Ceiling Fans, Dishwasher, Fireplace, Garbage Disposal, Garden/Yard, Granite Countertops, Hardwood Floors, Heat - Central, Heat - Floor/Wall, Heating, High-Speed Internet Available, Kitchen, Laminate Floors, BBQ/BBQ Area, Business Center, Clubhouse, Community Lounge, Conference Room, Fitness Room, Manager on Site, Outdoor Rec Space, Pool, Property Manager On-Site, Study Lounges, Tennis Court, Volleyball Courts, Washer/Dryer in Unit, 3 Tier Pool, Basketball Court, Dog Park, Fire Pit, Outdoor Amphitheater, Tennis Court, Vollyball",0,0,2362.5,1,1,0,1,1,1,0,0,0,0,1,0,0
The Woodlands of Charlottesville,"1720 Treetop Dr, Charlottesville, VA 22903",1.7,https://offgroundshousing.student.virginia.edu/housing/property/the-woodlands-of-charlottesville/q5c26lw,3.0,3.0,"$2,350 - $2,825
Plus Fees
12 Month Lease","1,362",Available Now,"12 month lease, 6 Month lease, 8 Month, 9 month lease, Flexible/Other lease","Air Conditioning, Carpet, Ceiling Fans, Dishwasher, Fireplace, Garbage Disposal, Garden/Yard, Granite Countertops, Hardwood Floors, Heat - Central, Heat - Floor/Wall, Heating, High-Speed Internet Available, Kitchen, Laminate Floors, BBQ/BBQ Area, Business Center, Clubhouse, Community Lounge, Conference Room, Fitness Room, Manager on Site, Outdoor Rec Space, Pool, Property Manager On-Site, Study Lounges, Tennis Court, Volleyball Courts, Washer/Dryer in Unit, 3 Tier Pool, Basketball Court, Dog Park, Fire Pit, Outdoor Amphitheater, Tennis Court, Vollyball",0,0,2587.5,1,1,0,1,1,1,0,0,0,0,1,0,0
The Woodlands of Charlottesville,"1720 Treetop Dr, Charlottesville, VA 22903",1.7,https://offgroundshousing.student.virginia.edu/housing/property/the-woodlands-of-charlottesville/q5c26lw,3.0,3.0,"$2,250 - $2,825
Plus Fees
12 Month Lease","1,369",Available Now,"12 month lease, 6 Month lease, 8 Month, 9 month lease, Flexible/Other lease","Air Conditioning, Carpet, Ceiling Fans, Dishwasher, Fireplace, Garbage Disposal, Garden/Yard, Granite Countertops, Hardwood Floors, Heat - Central, Heat - Floor/Wall, Heating, High-Speed Internet Available, Kitchen, Laminate Floors, BBQ/BBQ Area, Business Center, Clubhouse, Community Lounge, Conference Room, Fitness Room, Manager on Site, Outdoor Rec Space, Pool, Property Manager On-Site, Study Lounges, Tennis Court, Volleyball Courts, Washer/Dryer in Unit, 3 Tier Pool, Basketball Court, Dog Park, Fire Pit, Outdoor Amphitheater, Tennis Court, Vollyball",0,0,2537.5,1,1,0,1,1,1,0,0,0,0,1,0,0
Steps to UVA & The Corner – 463 14th St NW,"463 14th Street Northwest, Charlottesville, VA 22903",0.7,https://offgroundshousing.student.virginia.edu/housing/property/steps-to-uva-and-the-corner-463-14th-st-nw/ocpcb1h5be,10.0,5.0,"$10,800
Plus Fees
12 Month Lease",,6/25/26,12 Month Lease,"Air Conditioning, Carpet, Dishwasher, Hardwood Floors, High-Speed Internet Available, Patio, Balcony, Porch or Deck, Smoke-Free, Near Bus Stop, Washer/Dryer in Unit",0,0,10800.0,1,1,1,0,1,0,1,0,0,0,1,0,0
The Hudson - Available Now!,"901 River Road, Charlottesville, VA 22901",2.9,https://offgroundshousing.student.virginia.edu/housing/property/the-hudson-available-now/ocpdjqp59l,1.0,1.0,"$1,750 - $1,800
Plus Fees
6 Month Lease",804,Available Now,Short-Term lease,"Air Conditioning, Carpet, Dishwasher, Hardwood Floors, Patio, Balcony, Porch or Deck, Smoke-Free, International Student Friendly, Washer/Dryer in Unit",0,0,1775.0,1,1,1,0,0,0,0,0,0,0,1,0,0
The Hudson - Available Now!,"901 River Road, Charlottesville, VA 22901",2.9,https://offgroundshousing.student.virginia.edu/housing/property/the-hudson-available-now/ocpdjqp59l,1.0,1.0,"$1,840
Plus Fees
6 Month Lease",715,Available Now,Short-Term lease,"Air Conditioning, Carpet, Dishwasher, Hardwood Floors, Patio, Balcony, Porch or Deck, Smoke-Free, International Student Friendly, Washer/Dryer in Unit",0,0,1840.0,1,1,1,0,0,0,0,0,0,0,1,0,0
Downtown Condo,"511 N. 1st Street #203, Charlottesville, VA 22902",1.7,https://offgroundshousing.student.virginia.edu/housing/property/downtown-condo/ocpf2wsbkt,2.0,1.0,"$1,995",845,4/11/26,,"Dishwasher, Patio, Balcony, Porch or Deck, Refrigerator, Stove, Laundry In Building, Laundry Access, Laundry Room in Community, $100 utility fee includes electricity, $100 utility fee includes most utilities, Blocks to Downtown Mall, Downtown, gas, Laundry in Building, Spacious, Trash Collection, water\/sewer",0,0,1995.0,1,0,1,0,0,0,0,0,0,1,0,0,0
606 Gillespie,"606 Gillespie Avenue, Charlottesville, VA 22902",2.3,https://offgroundshousing.student.virginia.edu/housing/property/606-gillespie/ocpkm63qkb,1.0,1.0,"$1,300 - $1,350
Plus Fees
12 Month Lease",961,6/15/26,12 Month Lease,"Dishwasher, Hardwood Floors, Individual Leases, International Student Friendly, Washer/Dryer in Unit",0,0,1325.0,1,1,0,0,0,0,0,0,0,0,0,1,0
975 Green Murray Hill,"975 Green Murray Hill, Charlottesville, VA 22903",9.2,https://offgroundshousing.student.virginia.edu/housing/property/975-green-murray-hill/ocpe8dlnrm,4.0,3.0,"$2,250","2,200",5/15/26,,"Dishwasher, Refrigerator, Stove, Washer/Dryer in Unit, finished basement, fireplace, Located in Ivy., Spacious, Yard.",0,0,2250.0,1,1,0,0,0,0,0,0,0,0,1,0,0
Oxford Hill 2BR 1BTH,"704 Madison Avenue, Charlottesville, VA 22903",0.7,https://offgroundshousing.student.virginia.edu/housing/property/oxford-hill-2br-1bth/ocpqyxme6z,1.0,1.0,"$1,500 - $1,650
Plus Fees
12 Month Lease",930,6/1/26,12 Month Lease,"Air Conditioning, Carpet, Dishwasher, Hardwood Floors, High-Speed Internet Available, Patio, Balcony, Porch or Deck, Fitness Room, International Student Friendly, Near Bus Stop, Pool, Laundry Room in Community, Washer/Dryer in Unit",0,0,1575.0,1,1,1,1,1,1,1,0,0,1,1,0,0
Oxford Hill 2BR 1BTH,"704 Madison Avenue, Charlottesville, VA 22903",0.7,https://offgroundshousing.student.virginia.edu/housing/property/oxford-hill-2br-1bth/ocpqyxme6z,2.0,1.0,"$825 - $900 / Bedroom
Plus Fees
12 Month Lease",930,6/1/26,12 Month Lease,"Air Conditioning, Carpet, Dishwasher, Hardwood Floors, High-Speed Internet Available, Patio, Balcony, Porch or Deck, Fitness Room, International Student Friendly, Near Bus Stop, Pool, Laundry Room in Community, Washer/Dryer in Unit",1,0,862.5,1,1,1,1,1,1,1,0,0,1,1,0,0
Oxford Hill 2BR 1BTH,"704 Madison Avenue, Charlottesville, VA 22903",0.7,https://offgroundshousing.student.virginia.edu/housing/property/oxford-hill-2br-1bth/ocpqyxme6z,3.0,1.5,"$1,949 - $2,200 / Bedroom
Plus Fees
12 Month Lease","1,090",6/17/26,12 Month Lease,"Air Conditioning, Carpet, Dishwasher, Hardwood Floors, High-Speed Internet Available, Patio, Balcony, Porch or Deck, Fitness Room, International Student Friendly, Near Bus Stop, Pool, Laundry Room in Community, Washer/Dryer in Unit",1,0,2074.5,1,1,1,1,1,1,1,0,0,1,1,0,0
Oxford Hill 2BR 1BTH,"704 Madison Avenue, Charlottesville, VA 22903",0.7,https://offgroundshousing.student.virginia.edu/housing/property/oxford-hill-2br-1bth/ocpqyxme6z,3.0,1.5,"$1,949
Plus Fees
12 Month Lease","1,090",6/28/26,12 Month Lease,"Air Conditioning, Carpet, Dishwasher, Hardwood Floors, High-Speed Internet Available, Patio, Balcony, Porch or Deck, Fitness Room, International Student Friendly, Near Bus Stop, Pool, Laundry Room in Community, Washer/Dryer in Unit",0,0,1949.0,1,1,1,1,1,1,1,0,0,1,1,0,0
Crozet One Bedroom!,"1302 Crozet Avenue, Crozet, VA 22932",10.7,https://offgroundshousing.student.virginia.edu/housing/property/crozet-one-bedroom/ocp0qs7z52,1.0,1.0,"$1,295",735,7/1/26,,"Refrigerator, Stove, Hardwood Floors, Heart of Crozet, Shared washer\/dryer",0,0,1295.0,0,0,0,0,0,0,0,0,0,0,0,0,0
1701 Gordon Avenue,"1701 Gordon Ave, Charlottesville, VA 22903",0.1,https://offgroundshousing.student.virginia.edu/housing/property/1701-gordon-avenue/ocptze6gn8,1.0,1.0,"$1,449
Plus Fees
12 Month Lease",500,7/20/26,12 Month Lease,"Air Conditioning, Dishwasher, Hardwood Floors, Fitness Room, International Student Friendly, Near Bus Stop, No Laundry in Unit",0,0,1449.0,1,0,0,1,0,0,1,0,0,0,0,0,0
1701 Gordon Avenue,"1701 Gordon Ave, Charlottesville, VA 22903",0.1,https://offgroundshousing.student.virginia.edu/housing/property/1701-gordon-avenue/ocptze6gn8,1.0,1.0,"$1,525 - $1,575
Plus Fees
12 Month Lease",500,7/20/26,12 Month Lease,"Air Conditioning, Dishwasher, Hardwood Floors, Fitness Room, International Student Friendly, Near Bus Stop, No Laundry in Unit",0,0,1550.0,1,0,0,1,0,0,1,0,0,0,0,0,0
Quiet Troy Retreat with Easy Access to Charlottesville – 912 Hunters Lodge,"912 Hunters Lodge Road, Troy, VA 22974",24.8,https://offgroundshousing.student.virginia.edu/housing/property/quiet-troy-retreat-with-easy-access-to-charlottesville-912-hunters-lodge/ocpn64khgq,3.0,2.0,"$4,200
12 Month Lease",,Available Now,12 Month Lease,"Air Conditioning, Dishwasher, Hardwood Floors, Patio, Balcony, Porch or Deck, Smoke-Free, Washer/Dryer in Unit",0,0,4200.0,1,1,1,0,0,0,0,0,0,0,0,0,0
Cambridge House Apartments,"839 Preston Avenue, Charlottesville, VA 22903",1.1,https://offgroundshousing.student.virginia.edu/housing/property/cambridge-house-apartments/ocptp239y8,1.0,1.0,"$1,599 - $1,665
Plus Fees
12 Month Lease",450,7/18/26,12 month lease,"Air Conditioning, Carpet, Hardwood Floors, Fitness Room, International Student Friendly, Near Bus Stop, Pool, Washer/Dryer in Unit",0,0,1632.0,0,1,0,1,0,1,1,0,0,0,1,0,0
River Run Condo!,"760 Merion Greene, Charlottesville, VA 22901",4.0,https://offgroundshousing.student.virginia.edu/housing/property/river-run-condo/ocp99gkqd6,2.0,1.5,"$1,795","1,040",7/1/26,,"Dishwasher, Patio, Balcony, Porch or Deck, Refrigerator, Stove, Washer/Dryer in Unit, Convenient location, end unit, Lawn Maintenance, River Run condo, Trash Collection",0,0,1795.0,1,1,1,0,0,0,0,0,0,0,1,0,0
City Walk Apartments,"1111 E Water St, Charlottesville, VA 22902",1.8,https://offgroundshousing.student.virginia.edu/housing/property/city-walk-apartments/jp9kh46,1.0,1.0,"$1,905 - $1,995
Plus Fees
12 Month Lease",853,Available Now,12 month lease,"Air Conditioning, Bright/natural lighting, Carpet, Ceiling Fans, Dining Room, Disability Accessible, Dishwasher, Extra Storage, Fireplace, Garbage Disposal, Granite Countertops, Heat - Central, Heat - Floor/Wall, Heating, High-Speed Internet Available, Bike Racks, Business Center, Clubhouse, Community Lounge, Conference Room, Elevator, Fitness Room, Full-time Maintenance Staff, Manager on Site, Outdoor Rec Space, Pool, Property Manager On-Site, Secure bike storage, Walking/Jogging Trails, Washer/Dryer in Unit, 9 Foot Ceilings, Access to Rivanna Greenbelt, Bike Racks, Breakfast Bars, Brushed Nickel Accessories, Ceiling Fans, Contemporary Lighting Fixtures, Free Wi-Fi in Amenity Areas, Full-size washer/dryer, Garden Tub, Granite Countertops, Grilling Area/Outdoor Fire Pit, Internet Click Cafe, Landscaped Courtyards, Parking Garage",0,0,1950.0,1,1,0,1,1,1,0,0,1,0,1,0,0
City Walk Apartments,"1111 E Water St, Charlottesville, VA 22902",1.8,https://offgroundshousing.student.virginia.edu/housing/property/city-walk-apartments/jp9kh46,1.0,1.0,"$1,805 - $1,898
Plus Fees
12 Month Lease",774,Available Now,12 month lease,"Air Conditioning, Bright/natural lighting, Carpet, Ceiling Fans, Dining Room, Disability Accessible, Dishwasher, Extra Storage, Fireplace, Garbage Disposal, Granite Countertops, Heat - Central, Heat - Floor/Wall, Heating, High-Speed Internet Available, Bike Racks, Business Center, Clubhouse, Community Lounge, Conference Room, Elevator, Fitness Room, Full-time Maintenance Staff, Manager on Site, Outdoor Rec Space, Pool, Property Manager On-Site, Secure bike storage, Walking/Jogging Trails, Washer/Dryer in Unit, 9 Foot Ceilings, Access to Rivanna Greenbelt, Bike Racks, Breakfast Bars, Brushed Nickel Accessories, Ceiling Fans, Contemporary Lighting Fixtures, Free Wi-Fi in Amenity Areas, Full-size washer/dryer, Garden Tub, Granite Countertops, Grilling Area/Outdoor Fire Pit, Internet Click Cafe, Landscaped Courtyards, Parking Garage",0,0,1851.5,1,1,0,1,1,1,0,0,1,0,1,0,0
City Walk Apartments,"1111 E Water St, Charlottesville, VA 22902",1.8,https://offgroundshousing.student.virginia.edu/housing/property/city-walk-apartments/jp9kh46,2.0,2.0,"$2,185 - $2,275
Plus Fees
12 Month Lease","1,134",Available Now,12 month lease,"Air Conditioning, Bright/natural lighting, Carpet, Ceiling Fans, Dining Room, Disability Accessible, Dishwasher, Extra Storage, Fireplace, Garbage Disposal, Granite Countertops, Heat - Central, Heat - Floor/Wall, Heating, High-Speed Internet Available, Bike Racks, Business Center, Clubhouse, Community Lounge, Conference Room, Elevator, Fitness Room, Full-time Maintenance Staff, Manager on Site, Outdoor Rec Space, Pool, Property Manager On-Site, Secure bike storage, Walking/Jogging Trails, Washer/Dryer in Unit, 9 Foot Ceilings, Access to Rivanna Greenbelt, Bike Racks, Breakfast Bars, Brushed Nickel Accessories, Ceiling Fans, Contemporary Lighting Fixtures, Free Wi-Fi in Amenity Areas, Full-size washer/dryer, Garden Tub, Granite Countertops, Grilling Area/Outdoor Fire Pit, Internet Click Cafe, Landscaped Courtyards, Parking Garage",0,0,2230.0,1,1,0,1,1,1,0,0,1,0,1,0,0
City Walk Apartments,"1111 E Water St, Charlottesville, VA 22902",1.8,https://offgroundshousing.student.virginia.edu/housing/property/city-walk-apartments/jp9kh46,2.0,2.0,"$2,285 - $2,375
Plus Fees
12 Month Lease","1,231",Available Now,12 month lease,"Air Conditioning, Bright/natural lighting, Carpet, Ceiling Fans, Dining Room, Disability Accessible, Dishwasher, Extra Storage, Fireplace, Garbage Disposal, Granite Countertops, Heat - Central, Heat - Floor/Wall, Heating, High-Speed Internet Available, Bike Racks, Business Center, Clubhouse, Community Lounge, Conference Room, Elevator, Fitness Room, Full-time Maintenance Staff, Manager on Site, Outdoor Rec Space, Pool, Property Manager On-Site, Secure bike storage, Walking/Jogging Trails, Washer/Dryer in Unit, 9 Foot Ceilings, Access to Rivanna Greenbelt, Bike Racks, Breakfast Bars, Brushed Nickel Accessories, Ceiling Fans, Contemporary Lighting Fixtures, Free Wi-Fi in Amenity Areas, Full-size washer/dryer, Garden Tub, Granite Countertops, Grilling Area/Outdoor Fire Pit, Internet Click Cafe, Landscaped Courtyards, Parking Garage",0,0,2330.0,1,1,0,1,1,1,0,0,1,0,1,0,0
City Walk Apartments,"1111 E Water St, Charlottesville, VA 22902",1.8,https://offgroundshousing.student.virginia.edu/housing/property/city-walk-apartments/jp9kh46,2.0,2.0,"$2,185 - $2,275
Plus Fees
12 Month Lease","1,134",7/18/26,12 month lease,"Air Conditioning, Bright/natural lighting, Carpet, Ceiling Fans, Dining Room, Disability Accessible, Dishwasher, Extra Storage, Fireplace, Garbage Disposal, Granite Countertops, Heat - Central, Heat - Floor/Wall, Heating, High-Speed Internet Available, Bike Racks, Business Center, Clubhouse, Community Lounge, Conference Room, Elevator, Fitness Room, Full-time Maintenance Staff, Manager on Site, Outdoor Rec Space, Pool, Property Manager On-Site, Secure bike storage, Walking/Jogging Trails, Washer/Dryer in Unit, 9 Foot Ceilings, Access to Rivanna Greenbelt, Bike Racks, Breakfast Bars, Brushed Nickel Accessories, Ceiling Fans, Contemporary Lighting Fixtures, Free Wi-Fi in Amenity Areas, Full-size washer/dryer, Garden Tub, Granite Countertops, Grilling Area/Outdoor Fire Pit, Internet Click Cafe, Landscaped Courtyards, Parking Garage",0,0,2230.0,1,1,0,1,1,1,0,0,1,0,1,0,0
City Walk Apartments,"1111 E Water St, Charlottesville, VA 22902",1.8,https://offgroundshousing.student.virginia.edu/housing/property/city-walk-apartments/jp9kh46,2.0,2.0,"$2,335 - $2,450
Plus Fees
12 Month Lease","1,227",5/9/26,12 month lease,"Air Conditioning, Bright/natural lighting, Carpet, Ceiling Fans, Dining Room, Disability Accessible, Dishwasher, Extra Storage, Fireplace, Garbage Disposal, Granite Countertops, Heat - Central, Heat - Floor/Wall, Heating, High-Speed Internet Available, Bike Racks, Business Center, Clubhouse, Community Lounge, Conference Room, Elevator, Fitness Room, Full-time Maintenance Staff, Manager on Site, Outdoor Rec Space, Pool, Property Manager On-Site, Secure bike storage, Walking/Jogging Trails, Washer/Dryer in Unit, 9 Foot Ceilings, Access to Rivanna Greenbelt, Bike Racks, Breakfast Bars, Brushed Nickel Accessories, Ceiling Fans, Contemporary Lighting Fixtures, Free Wi-Fi in Amenity Areas, Full-size washer/dryer, Garden Tub, Granite Countertops, Grilling Area/Outdoor Fire Pit, Internet Click Cafe, Landscaped Courtyards, Parking Garage",0,0,2392.5,1,1,0,1,1,1,0,0,1,0,1,0,0
City Walk Apartments,"1111 E Water St, Charlottesville, VA 22902",1.8,https://offgroundshousing.student.virginia.edu/housing/property/city-walk-apartments/jp9kh46,2.0,2.0,"$2,335 - $2,450
Plus Fees
12 Month Lease","1,227",6/27/26,12 month lease,"Air Conditioning, Bright/natural lighting, Carpet, Ceiling Fans, Dining Room, Disability Accessible, Dishwasher, Extra Storage, Fireplace, Garbage Disposal, Granite Countertops, Heat - Central, Heat - Floor/Wall, Heating, High-Speed Internet Available, Bike Racks, Business Center, Clubhouse, Community Lounge, Conference Room, Elevator, Fitness Room, Full-time Maintenance Staff, Manager on Site, Outdoor Rec Space, Pool, Property Manager On-Site, Secure bike storage, Walking/Jogging Trails, Washer/Dryer in Unit, 9 Foot Ceilings, Access to Rivanna Greenbelt, Bike Racks, Breakfast Bars, Brushed Nickel Accessories, Ceiling Fans, Contemporary Lighting Fixtures, Free Wi-Fi in Amenity Areas, Full-size washer/dryer, Garden Tub, Granite Countertops, Grilling Area/Outdoor Fire Pit, Internet Click Cafe, Landscaped Courtyards, Parking Garage",0,0,2392.5,1,1,0,1,1,1,0,0,1,0,1,0,0
"Need Roommate for Brand New Home, 10 miles from UVA","5126 Lazy Branch Ln, Keswick, VA 22947",10.1,https://offgroundshousing.student.virginia.edu/housing/property/need-roommate-for-brand-new-home-10-miles-from-uva/ocpdyhhe1h,1.0,2.0,"Total Monthly Price
$1,350 / Bedroom
12 Month Lease","1,529",4/1/26,12 Month Lease,"Air Conditioning, Carpet, Dishwasher, High-Speed Internet Available, Patio, Balcony, Porch or Deck, Smoke-Free, Outdoor Rec Space, Washer/Dryer in Unit",1,0,1350.0,1,1,1,0,1,0,0,0,0,0,1,0,0
Nob Hill - One Bed One Bath,"500 McIntire Rd, Charlottesville, VA 22902",1.0,https://offgroundshousing.student.virginia.edu/housing/property/nob-hill-one-bed-one-bath/ocpm7d8zjh,1.0,1.0,"$1,620
Plus Fees
5 Month Lease",748,Available Now,Short-Term lease,"Air Conditioning, Dishwasher, Hardwood Floors, High-Speed Internet Available, Individual Leases, International Student Friendly, Near Bus Stop, Laundry Room in Community, Washer/Dryer in Unit",0,0,1620.0,1,1,0,0,1,0,1,0,0,1,0,1,0
Nob Hill - One Bed One Bath,"500 McIntire Rd, Charlottesville, VA 22902",1.0,https://offgroundshousing.student.virginia.edu/housing/property/nob-hill-one-bed-one-bath/ocpm7d8zjh,1.0,1.0,"$1,699 - $1,770
Plus Fees
5 Month Lease",551,6/29/26,Short-Term lease,"Air Conditioning, Dishwasher, Hardwood Floors, High-Speed Internet Available, Individual Leases, International Student Friendly, Near Bus Stop, Laundry Room in Community, Washer/Dryer in Unit",0,0,1734.5,1,1,0,0,1,0,1,0,0,1,0,1,0
Nob Hill - One Bed One Bath,"500 McIntire Rd, Charlottesville, VA 22902",1.0,https://offgroundshousing.student.virginia.edu/housing/property/nob-hill-one-bed-one-bath/ocpm7d8zjh,1.0,1.0,"$1,770 - $1,795
Plus Fees
5 Month Lease",748,6/20/26,Short-Term lease,"Air Conditioning, Dishwasher, Hardwood Floors, High-Speed Internet Available, Individual Leases, International Student Friendly, Near Bus Stop, Laundry Room in Community, Washer/Dryer in Unit",0,0,1782.5,1,1,0,0,1,0,1,0,0,1,0,1,0
"Yellow House Furnished with all utilities, Bedrooms in a House $750-1000",,12.2,https://offgroundshousing.student.virginia.edu/housing/property/yellow-house-furnished-with-all-utilities-bedrooms-in-a-house-750-1000/ocpn13j9kq,3.0,1.0,"Total Monthly Price
$750 - $1,000 / Bedroom
1 Month Lease","1,800",Available Now,1 Month Lease,"Air Conditioning, Carpet, Dishwasher, Furnished, High-Speed Internet Available, Patio, Balcony, Porch or Deck, Smoke-Free, Washer/Dryer in Unit",1,0,875.0,1,1,1,0,1,0,0,1,0,0,1,0,0
Rugby McIntyre,"611 Rugby Road, Charlottesville, VA 22903",0.3,https://offgroundshousing.student.virginia.edu/housing/property/rugby-mcintyre/ocp18ysgl6,,1.0,"$1,245
Plus Fees
12 Month Lease",333,7/11/26,12 month lease,"Air Conditioning, Carpet, Dishwasher, Fitness Room, International Student Friendly, Near Bus Stop, Pool, Laundry Room in Community",0,0,1245.0,1,0,0,1,0,1,1,0,0,1,1,0,0
Rugby McIntyre,"611 Rugby Road, Charlottesville, VA 22903",0.3,https://offgroundshousing.student.virginia.edu/housing/property/rugby-mcintyre/ocp18ysgl6,1.0,1.0,"$1,399 - $1,500
Plus Fees
12 Month Lease",604,7/18/26,12 month lease,"Air Conditioning, Carpet, Dishwasher, Fitness Room, International Student Friendly, Near Bus Stop, Pool, Laundry Room in Community",0,0,1449.5,1,0,0,1,0,1,1,0,0,1,1,0,0
Rugby McIntyre,"611 Rugby Road, Charlottesville, VA 22903",0.3,https://offgroundshousing.student.virginia.edu/housing/property/rugby-mcintyre/ocp18ysgl6,2.0,1.0,"$913 / Bedroom
Plus Fees
12 Month Lease",870,6/26/26,12 month lease,"Air Conditioning, Carpet, Dishwasher, Fitness Room, International Student Friendly, Near Bus Stop, Pool, Laundry Room in Community",1,0,913.0,1,0,0,1,0,1,1,0,0,1,1,0,0
"UVA Townhouse Charlottesville, Virginia","115 Elliott Avenue, Charlottesville, VA 22902",1.2,https://offgroundshousing.student.virginia.edu/housing/property/uva-townhouse-charlottesville-virginia/ocpws8eb2k,4.0,2.0,"Total Monthly Price
$1,800
12 Month Lease","1,380",Available Now,"12 month lease, 9 month lease, Flexible/Other lease","Air Conditioning, Carpet, Dishwasher, Hardwood Floors, High-Speed Internet Available, Patio, Balcony, Porch or Deck, Smoke-Free, Laundry Access, Washer/Dryer in Unit, Near Bus Stop, Outdoor Rec Space",0,0,1800.0,1,1,1,0,1,0,1,0,0,0,1,0,0
The Grove,"126 13th Street NW, Charlottesville, VA 22903",0.2,https://offgroundshousing.student.virginia.edu/housing/property/the-grove/ocp99ejrn7,1.0,1.0,"$1,590
Plus Fees
12 Month Lease",,6/1/26,12 month lease,"Air Conditioning, Carpet, Near Bus Stop, Washer/Dryer in Unit",0,0,1590.0,0,1,0,0,0,0,1,0,0,0,1,0,0
114 Howard Drive / 2-Bedroom Apartments / UVA and Shopping / Utilities Included,"114 Howard Drive Unit #1, CHARLOTTESVILLE, VA 22903",1.0,https://offgroundshousing.student.virginia.edu/housing/property/114-howard-drive-2-bedroom-apartments-uva-and-shopping-utilities-included/ocpb7e2nh8,2.0,2.0,"Total Monthly Price
$1,800
12 Month Lease","1,000",Available Now,9 month lease,"Dishwasher, Fireplace, Hardwood Floors, Smoke-Free, Laundry Access, Near Bus Stop",0,0,1800.0,1,0,0,0,0,0,1,0,0,0,0,0,0
Beacon on 5th,"100 Dalton Ln, Charlottesville, VA 22903",1.7,https://offgroundshousing.student.virginia.edu/housing/property/beacon-on-5th/ww6yy7k,1.0,1.0,"$1,714 - $1,829
Plus Fees",675,Available Now,"12 month lease, 3 Month lease, 6 Month lease, 8 Month, 9 month lease, Flexible/Other lease, Short-Term lease","Air Conditioning, Dishwasher, Extra Storage, Garbage Disposal, Granite Countertops, Hardwood Floors, Heat - Central, Heat - Floor/Wall, Heating, Kitchen, Patio, Balcony, Porch or Deck, Refrigerator, Stainless Steel Appliances, Storage for Additional Cost, Stove, Clubhouse, Fitness Room, International Student Friendly, Pool, Washer/Dryer in Unit, Cyber cafe, Floor Premium, Grilling Area, Location Premium, Resort style swimming pool, Yoga/aerobic studio",0,0,1771.5,1,1,1,1,0,1,0,0,0,0,1,0,0
Beacon on 5th,"100 Dalton Ln, Charlottesville, VA 22903",1.7,https://offgroundshousing.student.virginia.edu/housing/property/beacon-on-5th/ww6yy7k,1.0,1.0,"$1,818 - $2,015
Plus Fees",881,Available Now,"12 month lease, 3 Month lease, 6 Month lease, 8 Month, 9 month lease, Flexible/Other lease, Short-Term lease","Air Conditioning, Dishwasher, Extra Storage, Garbage Disposal, Granite Countertops, Hardwood Floors, Heat - Central, Heat - Floor/Wall, Heating, Kitchen, Patio, Balcony, Porch or Deck, Refrigerator, Stainless Steel Appliances, Storage for Additional Cost, Stove, Clubhouse, Fitness Room, International Student Friendly, Pool, Washer/Dryer in Unit, Cyber cafe, Floor Premium, Grilling Area, Location Premium, Resort style swimming pool, Yoga/aerobic studio",0,0,1916.5,1,1,1,1,0,1,0,0,0,0,1,0,0
Beacon on 5th,"100 Dalton Ln, Charlottesville, VA 22903",1.7,https://offgroundshousing.student.virginia.edu/housing/property/beacon-on-5th/ww6yy7k,2.0,2.0,"$2,242 - $2,417
Plus Fees","1,150",Available Now,"12 month lease, 3 Month lease, 6 Month lease, 8 Month, 9 month lease, Flexible/Other lease, Short-Term lease","Air Conditioning, Dishwasher, Extra Storage, Garbage Disposal, Granite Countertops, Hardwood Floors, Heat - Central, Heat - Floor/Wall, Heating, Kitchen, Patio, Balcony, Porch or Deck, Refrigerator, Stainless Steel Appliances, Storage for Additional Cost, Stove, Clubhouse, Fitness Room, International Student Friendly, Pool, Washer/Dryer in Unit, Cyber cafe, Floor Premium, Grilling Area, Location Premium, Resort style swimming pool, Yoga/aerobic studio",0,0,2329.5,1,1,1,1,0,1,0,0,0,0,1,0,0
Beacon on 5th,"100 Dalton Ln, Charlottesville, VA 22903",1.7,https://offgroundshousing.student.virginia.edu/housing/property/beacon-on-5th/ww6yy7k,2.0,2.0,Call for Rent,"1,713",Not Available,"12 month lease, 3 Month lease, 6 Month lease, 8 Month, 9 month lease, Flexible/Other lease, Short-Term lease","Air Conditioning, Dishwasher, Extra Storage, Garbage Disposal, Granite Countertops, Hardwood Floors, Heat - Central, Heat - Floor/Wall, Heating, Kitchen, Patio, Balcony, Porch or Deck, Refrigerator, Stainless Steel Appliances, Storage for Additional Cost, Stove, Clubhouse, Fitness Room, International Student Friendly, Pool, Washer/Dryer in Unit, Cyber cafe, Floor Premium, Grilling Area, Location Premium, Resort style swimming pool, Yoga/aerobic studio",0,1,,1,1,1,1,0,1,0,0,0,0,1,0,0
Beacon on 5th,"100 Dalton Ln, Charlottesville, VA 22903",1.7,https://offgroundshousing.student.virginia.edu/housing/property/beacon-on-5th/ww6yy7k,3.0,2.5,"$2,674
Plus Fees","1,491",Available Now,"12 month lease, 3 Month lease, 6 Month lease, 8 Month, 9 month lease, Flexible/Other lease, Short-Term lease","Air Conditioning, Dishwasher, Extra Storage, Garbage Disposal, Granite Countertops, Hardwood Floors, Heat - Central, Heat - Floor/Wall, Heating, Kitchen, Patio, Balcony, Porch or Deck, Refrigerator, Stainless Steel Appliances, Storage for Additional Cost, Stove, Clubhouse, Fitness Room, International Student Friendly, Pool, Washer/Dryer in Unit, Cyber cafe, Floor Premium, Grilling Area, Location Premium, Resort style swimming pool, Yoga/aerobic studio",0,0,2674.0,1,1,1,1,0,1,0,0,0,0,1,0,0
Beacon on 5th,"100 Dalton Ln, Charlottesville, VA 22903",1.7,https://offgroundshousing.student.virginia.edu/housing/property/beacon-on-5th/ww6yy7k,3.0,2.5,"$2,804
Plus Fees","1,733",4/1/26,"12 month lease, 3 Month lease, 6 Month lease, 8 Month, 9 month lease, Flexible/Other lease, Short-Term lease","Air Conditioning, Dishwasher, Extra Storage, Garbage Disposal, Granite Countertops, Hardwood Floors, Heat - Central, Heat - Floor/Wall, Heating, Kitchen, Patio, Balcony, Porch or Deck, Refrigerator, Stainless Steel Appliances, Storage for Additional Cost, Stove, Clubhouse, Fitness Room, International Student Friendly, Pool, Washer/Dryer in Unit, Cyber cafe, Floor Premium, Grilling Area, Location Premium, Resort style swimming pool, Yoga/aerobic studio",0,0,2804.0,1,1,1,1,0,1,0,0,0,0,1,0,0
Beacon on 5th,"100 Dalton Ln, Charlottesville, VA 22903",1.7,https://offgroundshousing.student.virginia.edu/housing/property/beacon-on-5th/ww6yy7k,3.0,3.5,"$2,553 - $2,724
Plus Fees","1,634",Available Now,"12 month lease, 3 Month lease, 6 Month lease, 8 Month, 9 month lease, Flexible/Other lease, Short-Term lease","Air Conditioning, Dishwasher, Extra Storage, Garbage Disposal, Granite Countertops, Hardwood Floors, Heat - Central, Heat - Floor/Wall, Heating, Kitchen, Patio, Balcony, Porch or Deck, Refrigerator, Stainless Steel Appliances, Storage for Additional Cost, Stove, Clubhouse, Fitness Room, International Student Friendly, Pool, Washer/Dryer in Unit, Cyber cafe, Floor Premium, Grilling Area, Location Premium, Resort style swimming pool, Yoga/aerobic studio",0,0,2638.5,1,1,1,1,0,1,0,0,0,0,1,0,0
Beacon on 5th,"100 Dalton Ln, Charlottesville, VA 22903",1.7,https://offgroundshousing.student.virginia.edu/housing/property/beacon-on-5th/ww6yy7k,3.0,3.5,"$2,634
Plus Fees","1,318",5/14/26,"12 month lease, 3 Month lease, 6 Month lease, 8 Month, 9 month lease, Flexible/Other lease, Short-Term lease","Air Conditioning, Dishwasher, Extra Storage, Garbage Disposal, Granite Countertops, Hardwood Floors, Heat - Central, Heat - Floor/Wall, Heating, Kitchen, Patio, Balcony, Porch or Deck, Refrigerator, Stainless Steel Appliances, Storage for Additional Cost, Stove, Clubhouse, Fitness Room, International Student Friendly, Pool, Washer/Dryer in Unit, Cyber cafe, Floor Premium, Grilling Area, Location Premium, Resort style swimming pool, Yoga/aerobic studio",0,0,2634.0,1,1,1,1,0,1,0,0,0,0,1,0,0
Grandmarc At The Corner,"301 15th Street Northwest, Charlottesville, VA 22903",0.6,https://offgroundshousing.student.virginia.edu/housing/property/grandmarc-at-the-corner/ocp5r86dnq,1.0,1.0,"Total Monthly Price
$1,236 - $1,240 / Bedroom
7 Month Lease",,Available Now,7 Month Lease,"Air Conditioning, Carpet, Dishwasher, Furnished, Patio, Balcony, Porch or Deck, Fitness Room, Washer/Dryer in Unit",1,0,1238.0,1,1,1,1,0,0,0,1,0,0,1,0,0
Arden Place,"1810 Arden Creek Ln, Charlottesville, VA 22901",3.9,https://offgroundshousing.student.virginia.edu/housing/property/arden-place/l8fm7be,,1.0,"$1,628 - $1,678
Plus Fees",589,5/8/26,"12 month lease, 3 Month lease, 6 Month lease, 8 Month, 9 month lease, Flexible/Other lease, Short-Term lease","Business Center, Clubhouse, Fitness Room, Outdoor Rec Space, Walking/Jogging Trails, Extra Storage, Storage for Additional Cost, Black appliances, Ceramic tile master bath, Computer desk, Full-size washer/dryer, Grilling Area, Jogging trail, Large clubhouse, Large patio/balcony, Separate game room, Upgraded front cabinets, Upgraded Kitchen",0,0,1653.0,0,0,1,1,0,0,0,0,0,0,0,0,0
Arden Place,"1810 Arden Creek Ln, Charlottesville, VA 22901",3.9,https://offgroundshousing.student.virginia.edu/housing/property/arden-place/l8fm7be,1.0,1.0,"$1,741 - $1,878
Plus Fees",913,Available Now,"12 month lease, 3 Month lease, 6 Month lease, 8 Month, 9 month lease, Flexible/Other lease, Short-Term lease","Business Center, Clubhouse, Fitness Room, Outdoor Rec Space, Walking/Jogging Trails, Extra Storage, Storage for Additional Cost, Black appliances, Ceramic tile master bath, Computer desk, Full-size washer/dryer, Grilling Area, Jogging trail, Large clubhouse, Large patio/balcony, Separate game room, Upgraded front cabinets, Upgraded Kitchen",0,0,1809.5,0,0,1,1,0,0,0,0,0,0,0,0,0
Arden Place,"1810 Arden Creek Ln, Charlottesville, VA 22901",3.9,https://offgroundshousing.student.virginia.edu/housing/property/arden-place/l8fm7be,1.0,1.0,"$1,847
Plus Fees",913,Not Available,"12 month lease, 3 Month lease, 6 Month lease, 8 Month, 9 month lease, Flexible/Other lease, Short-Term lease","Business Center, Clubhouse, Fitness Room, Outdoor Rec Space, Walking/Jogging Trails, Extra Storage, Storage for Additional Cost, Black appliances, Ceramic tile master bath, Computer desk, Full-size washer/dryer, Grilling Area, Jogging trail, Large clubhouse, Large patio/balcony, Separate game room, Upgraded front cabinets, Upgraded Kitchen",0,0,1847.0,0,0,1,1,0,0,0,0,0,0,0,0,0
Arden Place,"1810 Arden Creek Ln, Charlottesville, VA 22901",3.9,https://offgroundshousing.student.virginia.edu/housing/property/arden-place/l8fm7be,2.0,2.0,"$2,006 - $2,046
Plus Fees","1,168",Available Now,"12 month lease, 3 Month lease, 6 Month lease, 8 Month, 9 month lease, Flexible/Other lease, Short-Term lease","Business Center, Clubhouse, Fitness Room, Outdoor Rec Space, Walking/Jogging Trails, Extra Storage, Storage for Additional Cost, Black appliances, Ceramic tile master bath, Computer desk, Full-size washer/dryer, Grilling Area, Jogging trail, Large clubhouse, Large patio/balcony, Separate game room, Upgraded front cabinets, Upgraded Kitchen",0,0,2026.0,0,0,1,1,0,0,0,0,0,0,0,0,0
Arden Place,"1810 Arden Creek Ln, Charlottesville, VA 22901",3.9,https://offgroundshousing.student.virginia.edu/housing/property/arden-place/l8fm7be,2.0,2.0,"$1,946 - $2,076
Plus Fees","1,168",Available Now,"12 month lease, 3 Month lease, 6 Month lease, 8 Month, 9 month lease, Flexible/Other lease, Short-Term lease","Business Center, Clubhouse, Fitness Room, Outdoor Rec Space, Walking/Jogging Trails, Extra Storage, Storage for Additional Cost, Black appliances, Ceramic tile master bath, Computer desk, Full-size washer/dryer, Grilling Area, Jogging trail, Large clubhouse, Large patio/balcony, Separate game room, Upgraded front cabinets, Upgraded Kitchen",0,0,2011.0,0,0,1,1,0,0,0,0,0,0,0,0,0
Arden Place,"1810 Arden Creek Ln, Charlottesville, VA 22901",3.9,https://offgroundshousing.student.virginia.edu/housing/property/arden-place/l8fm7be,2.0,2.0,"$2,106
Plus Fees","1,203",4/10/26,"12 month lease, 3 Month lease, 6 Month lease, 8 Month, 9 month lease, Flexible/Other lease, Short-Term lease","Business Center, Clubhouse, Fitness Room, Outdoor Rec Space, Walking/Jogging Trails, Extra Storage, Storage for Additional Cost, Black appliances, Ceramic tile master bath, Computer desk, Full-size washer/dryer, Grilling Area, Jogging trail, Large clubhouse, Large patio/balcony, Separate game room, Upgraded front cabinets, Upgraded Kitchen",0,0,2106.0,0,0,1,1,0,0,0,0,0,0,0,0,0
Arden Place,"1810 Arden Creek Ln, Charlottesville, VA 22901",3.9,https://offgroundshousing.student.virginia.edu/housing/property/arden-place/l8fm7be,3.0,3.0,"$2,761
Plus Fees","1,421",Not Available,"12 month lease, 3 Month lease, 6 Month lease, 8 Month, 9 month lease, Flexible/Other lease, Short-Term lease","Business Center, Clubhouse, Fitness Room, Outdoor Rec Space, Walking/Jogging Trails, Extra Storage, Storage for Additional Cost, Black appliances, Ceramic tile master bath, Computer desk, Full-size washer/dryer, Grilling Area, Jogging trail, Large clubhouse, Large patio/balcony, Separate game room, Upgraded front cabinets, Upgraded Kitchen",0,0,2761.0,0,0,1,1,0,0,0,0,0,0,0,0,0
"Price drop! Home on 5 wooded acres by Bold Rock,Devils Backbone&Wintergreen!Short- or long-term ren","43 Old Turtle Place, Nellysford, VA 22958",31.3,https://offgroundshousing.student.virginia.edu/housing/property/price-drop-home-on-5-wooded-acres-by-bold-rock-devils-backbone-and-wintergreen-short-or-long-term-ren/ocpjn9yle5,4.0,2.5,"Total Monthly Price
$3,750
12 Month Lease","2,190",Available Now,12 Month Lease,"Air Conditioning, Carpet, Dishwasher, Furnished, Hardwood Floors, High-Speed Internet Available, Patio, Balcony, Porch or Deck, Smoke-Free, Outdoor Rec Space, Washer/Dryer in Unit",0,0,3750.0,1,1,1,0,1,0,0,1,0,0,1,0,0
Wertland Square,"216-218 14th St, Charlottesville, VA 22903",0.4,https://offgroundshousing.student.virginia.edu/housing/property/wertland-square/755xv6x,2.0,2.0,"$1,508
Plus Fees
12 Month Lease",887,Not Available,12 month lease,"Air Conditioning, Disability Accessible, Extra Storage, Furnished, Garbage Disposal, Hardwood Floors, High-Speed Internet Available, Kitchen, Patio, Balcony, Porch or Deck, Smoke-Free, Storage Space Included, Wheelchair Accessible, Business Center, Clubhouse, Coffee Bar, Fitness Room, International Student Friendly, Manager on Site, Property Manager On-Site, Washer/Dryer in Unit",0,0,1508.0,0,1,1,1,1,0,0,1,0,0,0,0,0
Wertland Square,"216-218 14th St, Charlottesville, VA 22903",0.4,https://offgroundshousing.student.virginia.edu/housing/property/wertland-square/755xv6x,2.0,2.0,"$1,663
Plus Fees
12 Month Lease",967,Not Available,12 month lease,"Air Conditioning, Disability Accessible, Extra Storage, Furnished, Garbage Disposal, Hardwood Floors, High-Speed Internet Available, Kitchen, Patio, Balcony, Porch or Deck, Smoke-Free, Storage Space Included, Wheelchair Accessible, Business Center, Clubhouse, Coffee Bar, Fitness Room, International Student Friendly, Manager on Site, Property Manager On-Site, Washer/Dryer in Unit",0,0,1663.0,0,1,1,1,1,0,0,1,0,0,0,0,0
Wertland Square,"216-218 14th St, Charlottesville, VA 22903",0.4,https://offgroundshousing.student.virginia.edu/housing/property/wertland-square/755xv6x,2.0,2.0,"$2,949
Plus Fees
12 Month Lease",887,Not Available,12 month lease,"Air Conditioning, Disability Accessible, Extra Storage, Furnished, Garbage Disposal, Hardwood Floors, High-Speed Internet Available, Kitchen, Patio, Balcony, Porch or Deck, Smoke-Free, Storage Space Included, Wheelchair Accessible, Business Center, Clubhouse, Coffee Bar, Fitness Room, International Student Friendly, Manager on Site, Property Manager On-Site, Washer/Dryer in Unit",0,0,2949.0,0,1,1,1,1,0,0,1,0,0,0,0,0
Wertland Square,"216-218 14th St, Charlottesville, VA 22903",0.4,https://offgroundshousing.student.virginia.edu/housing/property/wertland-square/755xv6x,2.0,2.0,"$3,250
Plus Fees
12 Month Lease",967,Not Available,12 month lease,"Air Conditioning, Disability Accessible, Extra Storage, Furnished, Garbage Disposal, Hardwood Floors, High-Speed Internet Available, Kitchen, Patio, Balcony, Porch or Deck, Smoke-Free, Storage Space Included, Wheelchair Accessible, Business Center, Clubhouse, Coffee Bar, Fitness Room, International Student Friendly, Manager on Site, Property Manager On-Site, Washer/Dryer in Unit",0,0,3250.0,0,1,1,1,1,0,0,1,0,0,0,0,0
Wertland Square,"216-218 14th St, Charlottesville, VA 22903",0.4,https://offgroundshousing.student.virginia.edu/housing/property/wertland-square/755xv6x,4.0,2.0,"$1,305
Plus Fees
12 Month Lease","1,365",Not Available,12 month lease,"Air Conditioning, Disability Accessible, Extra Storage, Furnished, Garbage Disposal, Hardwood Floors, High-Speed Internet Available, Kitchen, Patio, Balcony, Porch or Deck, Smoke-Free, Storage Space Included, Wheelchair Accessible, Business Center, Clubhouse, Coffee Bar, Fitness Room, International Student Friendly, Manager on Site, Property Manager On-Site, Washer/Dryer in Unit",0,0,1305.0,0,1,1,1,1,0,0,1,0,0,0,0,0
Wertland Square,"216-218 14th St, Charlottesville, VA 22903",0.4,https://offgroundshousing.student.virginia.edu/housing/property/wertland-square/755xv6x,4.0,4.0,"$1,375
Plus Fees
12 Month Lease","1,460",Not Available,12 month lease,"Air Conditioning, Disability Accessible, Extra Storage, Furnished, Garbage Disposal, Hardwood Floors, High-Speed Internet Available, Kitchen, Patio, Balcony, Porch or Deck, Smoke-Free, Storage Space Included, Wheelchair Accessible, Business Center, Clubhouse, Coffee Bar, Fitness Room, International Student Friendly, Manager on Site, Property Manager On-Site, Washer/Dryer in Unit",0,0,1375.0,0,1,1,1,1,0,0,1,0,0,0,0,0
House on the Hill,,3.5,https://offgroundshousing.student.virginia.edu/housing/property/house-on-the-hill/ocpc9ptfyd,2.0,1.5,"Total Monthly Price
$3,300
6 Month Lease","1,850",Available Now,6 Month Lease,"Air Conditioning, Dishwasher, Furnished, Hardwood Floors, High-Speed Internet Available, Loft, Patio, Balcony, Porch or Deck, Smoke-Free, International Student Friendly, Outdoor Rec Space, Washer/Dryer in Unit",0,0,3300.0,1,1,1,0,1,0,0,1,0,0,0,0,0
5 Row Apartments,"506 Five Row Way, Charlottesville, VA 22903",1.7,https://offgroundshousing.student.virginia.edu/housing/property/5-row-apartments/8wjlg53,1.0,1.0,"$1,699 - $2,145
Plus Fees
12 Month Lease",885,6/29/26,"12 month lease, 6 Month lease, 8 Month, 9 month lease, Flexible/Other lease, Short-Term lease","Air Conditioning, Carpet, Ceiling Fans, Dishwasher, Garbage Disposal, Gas Stove, Granite Countertops, Heat - Central, Heat - Floor/Wall, Heating, Kitchen, Laminate Floors, Microwave, Patio, Balcony, Porch or Deck, Refrigerator, Business Center, Clubhouse, Community Lounge, Fitness Room, Full-time Maintenance Staff, Manager on Site, Pool, Property Manager On-Site, Washer/Dryer Hookups, Washer/Dryer in Unit, ** Income Restrictions Apply** Call the leasing of, Loss Leader 1, Loss Leader 5, Positive Amenity",0,0,1922.0,1,1,1,1,0,1,0,0,0,0,1,0,0
5 Row Apartments,"506 Five Row Way, Charlottesville, VA 22903",1.7,https://offgroundshousing.student.virginia.edu/housing/property/5-row-apartments/8wjlg53,2.0,2.0,"$2,205 - $2,370
Plus Fees
12 Month Lease","1,067",Available Now,"12 month lease, 6 Month lease, 8 Month, 9 month lease, Flexible/Other lease, Short-Term lease","Air Conditioning, Carpet, Ceiling Fans, Dishwasher, Garbage Disposal, Gas Stove, Granite Countertops, Heat - Central, Heat - Floor/Wall, Heating, Kitchen, Laminate Floors, Microwave, Patio, Balcony, Porch or Deck, Refrigerator, Business Center, Clubhouse, Community Lounge, Fitness Room, Full-time Maintenance Staff, Manager on Site, Pool, Property Manager On-Site, Washer/Dryer Hookups, Washer/Dryer in Unit, ** Income Restrictions Apply** Call the leasing of, Loss Leader 1, Loss Leader 5, Positive Amenity",0,0,2287.5,1,1,1,1,0,1,0,0,0,0,1,0,0
5 Row Apartments,"506 Five Row Way, Charlottesville, VA 22903",1.7,https://offgroundshousing.student.virginia.edu/housing/property/5-row-apartments/8wjlg53,2.0,2.0,"$2,225 - $2,405
Plus Fees
12 Month Lease","1,138",Available Now,"12 month lease, 6 Month lease, 8 Month, 9 month lease, Flexible/Other lease, Short-Term lease","Air Conditioning, Carpet, Ceiling Fans, Dishwasher, Garbage Disposal, Gas Stove, Granite Countertops, Heat - Central, Heat - Floor/Wall, Heating, Kitchen, Laminate Floors, Microwave, Patio, Balcony, Porch or Deck, Refrigerator, Business Center, Clubhouse, Community Lounge, Fitness Room, Full-time Maintenance Staff, Manager on Site, Pool, Property Manager On-Site, Washer/Dryer Hookups, Washer/Dryer in Unit, ** Income Restrictions Apply** Call the leasing of, Loss Leader 1, Loss Leader 5, Positive Amenity",0,0,2315.0,1,1,1,1,0,1,0,0,0,0,1,0,0
5 Row Apartments,"506 Five Row Way, Charlottesville, VA 22903",1.7,https://offgroundshousing.student.virginia.edu/housing/property/5-row-apartments/8wjlg53,2.0,2.0,"$1,850 - $2,000
Plus Fees
12 Month Lease","1,138",Not Available,"12 month lease, 6 Month lease, 8 Month, 9 month lease, Flexible/Other lease, Short-Term lease","Air Conditioning, Carpet, Ceiling Fans, Dishwasher, Garbage Disposal, Gas Stove, Granite Countertops, Heat - Central, Heat - Floor/Wall, Heating, Kitchen, Laminate Floors, Microwave, Patio, Balcony, Porch or Deck, Refrigerator, Business Center, Clubhouse, Community Lounge, Fitness Room, Full-time Maintenance Staff, Manager on Site, Pool, Property Manager On-Site, Washer/Dryer Hookups, Washer/Dryer in Unit, ** Income Restrictions Apply** Call the leasing of, Loss Leader 1, Loss Leader 5, Positive Amenity",0,0,1925.0,1,1,1,1,0,1,0,0,0,0,1,0,0
"Quiet, furnished 2 BR near UVA/Hospital","108 Raymond Avenue B, Charlottesville, VA 22903",0.2,https://offgroundshousing.student.virginia.edu/housing/property/quiet-furnished-2-br-near-uva-hospital/ocpyxdxd8s,2.0,1.5,"Total Monthly Price
$2,200
12 Month Lease","1,051",6/1/26,12 Month Lease,"Air Conditioning, Dishwasher, Furnished, Hardwood Floors, High-Speed Internet Available, Patio, Balcony, Porch or Deck, Smoke-Free, International Student Friendly, Near Bus Stop, Washer/Dryer in Unit",0,0,2200.0,1,1,1,0,1,0,1,1,0,0,0,0,0
Attain on 5th,"100 Wahoo Way, Charlottesville, VA 22903",2.4,https://offgroundshousing.student.virginia.edu/housing/property/attain-on-5th/h3cscr2,2.0,2.0,"Total Monthly Price
$1,992 - $2,067","1,028",Available Now,"12 month lease, 3 Month lease, 6 Month lease, 8 Month, 9 month lease, Flexible/Other lease, Month-to-Month, Short-Term lease","Air Conditioning, Dishwasher, Garbage Disposal, Laminate Floors, Study, Clubhouse, Community Lounge, Fitness Room, Full-time Maintenance Staff, Pool, Study Lounges, Washer/Dryer in Unit, 1st Floor Premium, Community WiFi, Courtyard view, Dog Park with Obstacles, Off-Street Parking, Outdoor Grills, RentPlus Credit Building Program, Sand Volleyball Court, Top Floor, Wood View",0,0,2029.5,1,1,0,1,0,1,0,0,1,0,1,0,0
Attain on 5th,"100 Wahoo Way, Charlottesville, VA 22903",2.4,https://offgroundshousing.student.virginia.edu/housing/property/attain-on-5th/h3cscr2,2.0,2.0,"Total Monthly Price
$2,017","1,028",Not Available,"12 month lease, 3 Month lease, 6 Month lease, 8 Month, 9 month lease, Flexible/Other lease, Month-to-Month, Short-Term lease","Air Conditioning, Dishwasher, Garbage Disposal, Laminate Floors, Study, Clubhouse, Community Lounge, Fitness Room, Full-time Maintenance Staff, Pool, Study Lounges, Washer/Dryer in Unit, 1st Floor Premium, Community WiFi, Courtyard view, Dog Park with Obstacles, Off-Street Parking, Outdoor Grills, RentPlus Credit Building Program, Sand Volleyball Court, Top Floor, Wood View",0,0,2017.0,1,1,0,1,0,1,0,0,1,0,1,0,0
Attain on 5th,"100 Wahoo Way, Charlottesville, VA 22903",2.4,https://offgroundshousing.student.virginia.edu/housing/property/attain-on-5th/h3cscr2,3.0,3.0,"Total Monthly Price
$2,360 - $2,435","1,290",Available Now,"12 month lease, 3 Month lease, 6 Month lease, 8 Month, 9 month lease, Flexible/Other lease, Month-to-Month, Short-Term lease","Air Conditioning, Dishwasher, Garbage Disposal, Laminate Floors, Study, Clubhouse, Community Lounge, Fitness Room, Full-time Maintenance Staff, Pool, Study Lounges, Washer/Dryer in Unit, 1st Floor Premium, Community WiFi, Courtyard view, Dog Park with Obstacles, Off-Street Parking, Outdoor Grills, RentPlus Credit Building Program, Sand Volleyball Court, Top Floor, Wood View",0,0,2397.5,1,1,0,1,0,1,0,0,1,0,1,0,0
Attain on 5th,"100 Wahoo Way, Charlottesville, VA 22903",2.4,https://offgroundshousing.student.virginia.edu/housing/property/attain-on-5th/h3cscr2,3.0,3.0,Call for Rent,"1,290",Not Available,"12 month lease, 3 Month lease, 6 Month lease, 8 Month, 9 month lease, Flexible/Other lease, Month-to-Month, Short-Term lease","Air Conditioning, Dishwasher, Garbage Disposal, Laminate Floors, Study, Clubhouse, Community Lounge, Fitness Room, Full-time Maintenance Staff, Pool, Study Lounges, Washer/Dryer in Unit, 1st Floor Premium, Community WiFi, Courtyard view, Dog Park with Obstacles, Off-Street Parking, Outdoor Grills, RentPlus Credit Building Program, Sand Volleyball Court, Top Floor, Wood View",0,1,,1,1,0,1,0,1,0,0,1,0,1,0,0
"Furnished, All utilities, close to UVa. $900-1200",,3.1,https://offgroundshousing.student.virginia.edu/housing/property/furnished-all-utilities-close-to-uva-900-1200/ocptke4kr8,5.0,2.0,"Total Monthly Price
$900 - $1,300 / Bedroom
1 Month Lease","2,650",Available Now,1 Month Lease,"Air Conditioning, Carpet, Dishwasher, Furnished, Hardwood Floors, High-Speed Internet Available, Patio, Balcony, Porch or Deck, Smoke-Free, Individual Leases, International Student Friendly, Near Bus Stop, Washer/Dryer in Unit",1,0,1100.0,1,1,1,0,1,0,1,1,0,0,1,1,0
Old Trail Village- One and Two Bedroom Apartments Available!,"1005 Heathercroft Circle #210, Crozet, VA 22932",14.6,https://offgroundshousing.student.virginia.edu/housing/property/old-trail-village-one-and-two-bedroom-apartments-available/ocp1dfscl5,2.0,1.5,"Total Monthly Price
$1,725 - $1,900
12 Month Lease","1,673",Available Now,12 Month Lease,"Air Conditioning, Carpet, Dishwasher, High-Speed Internet Available, Smoke-Free, Pool, Washer/Dryer in Unit",0,0,1812.5,1,1,0,0,1,1,0,0,0,0,1,0,0
MSC Apartments Rugby McIntyre,"611 Rugby Road, Charlottesville, VA 22903",0.2,https://offgroundshousing.student.virginia.edu/housing/property/msc-apartments-rugby-mcintyre/ocpg87l2gx,1.0,1.0,"Total Monthly Price
$820 / Bedroom
7 Month Lease",,,7 Month Lease,"Air Conditioning, Dishwasher, Furnished, Hardwood Floors, High-Speed Internet Available, Fitness Room, International Student Friendly, Near Bus Stop, Pool, Laundry Access, Laundry Room in Community",1,0,820.0,1,0,0,1,1,1,1,1,0,1,0,0,0
South Range,"1600 Jefferson Park Ave, Charlottesville, VA 22903",0.0,https://offgroundshousing.student.virginia.edu/housing/property/south-range/xmfe04q,2.0,2.0,"Total Monthly Price
$2,993 - $3,021",812,6/10/26,"12 month lease, 2 Year, Flexible/Other lease","Air Conditioning, Carpet, Ceiling Fans, Dishwasher, Furnished, Garbage Disposal, Granite Countertops, Hardwood Floors, Heat - Central, Heat - Floor/Wall, Heating, High-Speed Internet Available, Kitchen, Microwave, Patio, Balcony, Porch or Deck, Bike Racks, Building Shuttle to campus, Close to Public Transportation, Full-time Maintenance Staff, Manager on Site, Near Shuttle to Campus, Property Manager On-Site, Roommate Matching, Secure bike storage, Walk to campus, Laundry Access, Laundry Room in Community, Washer/Dryer in Unit",0,0,3007.0,1,1,1,0,1,0,0,1,0,1,1,0,0
"Fully furnished, 3 bed, 2.5 bath, steps from Scott Stadium","2307 Price Avenue, Charlottesville, VA 22903",0.2,https://offgroundshousing.student.virginia.edu/housing/property/fully-furnished-3-bed-2-5-bath-steps-from-scott-stadium/ocpqh7br3x,3.0,2.5,"Total Monthly Price
$4,620
11 Month Lease","2,200",Available Now,11 Month Lease,"Air Conditioning, Carpet, Dishwasher, Furnished, Hardwood Floors, High-Speed Internet Available, Patio, Balcony, Porch or Deck, Laundry Access, Washer/Dryer in Unit",0,0,4620.0,1,1,1,0,1,0,0,1,0,0,1,0,0
The Reserve at Belvedere,"200 Reserve Blvd, Charlottesville, VA 22901",3.8,https://offgroundshousing.student.virginia.edu/housing/property/the-reserve-at-belvedere/jkqd0d6,1.0,1.0,"Total Monthly Price
$1,945 - $2,155
12 Month Lease",805 - 831,Available Now,12 month lease,"Air Conditioning, Bright/natural lighting, Carpet, Ceiling Fans, Dining Room, Dishwasher, Extra Storage, Fireplace, Garbage Disposal, Granite Countertops, Heat - Central, Heat - Floor/Wall, Heating, High-Speed Internet Available, Kitchen, Business Center, Clubhouse, Community Lounge, Elevator, Fitness Room, Full-time Maintenance Staff, Hot Tub, Manager on Site, Outdoor Rec Space, Playground, Playground On-Site, Pool, Property Manager On-Site, Tennis Court, Volleyball Courts, Laundry Access, Laundry Room in Community, Washer/Dryer in Unit, 24-hour Access Cyber Café, 24-hour maintenance, Accessible Unit, Alternate Entryway, Balcony 2nd Floor, Barbecue, Billiards, Blinds, Cabana / Pool House, Ceiling Fan, Club Room with Professional Chef's Kitchen, Conference center, Cornhole Court, Direct Access Garage, Double Balcony",0,0,2050.0,1,1,1,1,1,1,0,0,1,1,1,0,0
The Reserve at Belvedere,"200 Reserve Blvd, Charlottesville, VA 22901",3.8,https://offgroundshousing.student.virginia.edu/housing/property/the-reserve-at-belvedere/jkqd0d6,1.0,1.0,"Total Monthly Price
$2,325
12 Month Lease",855,4/11/26,12 month lease,"Air Conditioning, Bright/natural lighting, Carpet, Ceiling Fans, Dining Room, Dishwasher, Extra Storage, Fireplace, Garbage Disposal, Granite Countertops, Heat - Central, Heat - Floor/Wall, Heating, High-Speed Internet Available, Kitchen, Business Center, Clubhouse, Community Lounge, Elevator, Fitness Room, Full-time Maintenance Staff, Hot Tub, Manager on Site, Outdoor Rec Space, Playground, Playground On-Site, Pool, Property Manager On-Site, Tennis Court, Volleyball Courts, Laundry Access, Laundry Room in Community, Washer/Dryer in Unit, 24-hour Access Cyber Café, 24-hour maintenance, Accessible Unit, Alternate Entryway, Balcony 2nd Floor, Barbecue, Billiards, Blinds, Cabana / Pool House, Ceiling Fan, Club Room with Professional Chef's Kitchen, Conference center, Cornhole Court, Direct Access Garage, Double Balcony",0,0,2325.0,1,1,1,1,1,1,0,0,1,1,1,0,0
The Reserve at Belvedere,"200 Reserve Blvd, Charlottesville, VA 22901",3.8,https://offgroundshousing.student.virginia.edu/housing/property/the-reserve-at-belvedere/jkqd0d6,1.0,1.5,"Total Monthly Price
$2,395
12 Month Lease",979,5/2/26,12 month lease,"Air Conditioning, Bright/natural lighting, Carpet, Ceiling Fans, Dining Room, Dishwasher, Extra Storage, Fireplace, Garbage Disposal, Granite Countertops, Heat - Central, Heat - Floor/Wall, Heating, High-Speed Internet Available, Kitchen, Business Center, Clubhouse, Community Lounge, Elevator, Fitness Room, Full-time Maintenance Staff, Hot Tub, Manager on Site, Outdoor Rec Space, Playground, Playground On-Site, Pool, Property Manager On-Site, Tennis Court, Volleyball Courts, Laundry Access, Laundry Room in Community, Washer/Dryer in Unit, 24-hour Access Cyber Café, 24-hour maintenance, Accessible Unit, Alternate Entryway, Balcony 2nd Floor, Barbecue, Billiards, Blinds, Cabana / Pool House, Ceiling Fan, Club Room with Professional Chef's Kitchen, Conference center, Cornhole Court, Direct Access Garage, Double Balcony",0,0,2395.0,1,1,1,1,1,1,0,0,1,1,1,0,0
The Reserve at Belvedere,"200 Reserve Blvd, Charlottesville, VA 22901",3.8,https://offgroundshousing.student.virginia.edu/housing/property/the-reserve-at-belvedere/jkqd0d6,2.0,2.0,"Total Monthly Price
$1,954 - $2,610
12 Month Lease","1,084 - 1,163",Available Now,12 month lease,"Air Conditioning, Bright/natural lighting, Carpet, Ceiling Fans, Dining Room, Dishwasher, Extra Storage, Fireplace, Garbage Disposal, Granite Countertops, Heat - Central, Heat - Floor/Wall, Heating, High-Speed Internet Available, Kitchen, Business Center, Clubhouse, Community Lounge, Elevator, Fitness Room, Full-time Maintenance Staff, Hot Tub, Manager on Site, Outdoor Rec Space, Playground, Playground On-Site, Pool, Property Manager On-Site, Tennis Court, Volleyball Courts, Laundry Access, Laundry Room in Community, Washer/Dryer in Unit, 24-hour Access Cyber Café, 24-hour maintenance, Accessible Unit, Alternate Entryway, Balcony 2nd Floor, Barbecue, Billiards, Blinds, Cabana / Pool House, Ceiling Fan, Club Room with Professional Chef's Kitchen, Conference center, Cornhole Court, Direct Access Garage, Double Balcony",0,0,2282.0,1,1,1,1,1,1,0,0,1,1,1,0,0
The Reserve at Belvedere,"200 Reserve Blvd, Charlottesville, VA 22901",3.8,https://offgroundshousing.student.virginia.edu/housing/property/the-reserve-at-belvedere/jkqd0d6,2.0,2.5,"Total Monthly Price
$2,505 - $2,770
12 Month Lease","1,222 - 1,317",5/16/26,12 month lease,"Air Conditioning, Bright/natural lighting, Carpet, Ceiling Fans, Dining Room, Dishwasher, Extra Storage, Fireplace, Garbage Disposal, Granite Countertops, Heat - Central, Heat - Floor/Wall, Heating, High-Speed Internet Available, Kitchen, Business Center, Clubhouse, Community Lounge, Elevator, Fitness Room, Full-time Maintenance Staff, Hot Tub, Manager on Site, Outdoor Rec Space, Playground, Playground On-Site, Pool, Property Manager On-Site, Tennis Court, Volleyball Courts, Laundry Access, Laundry Room in Community, Washer/Dryer in Unit, 24-hour Access Cyber Café, 24-hour maintenance, Accessible Unit, Alternate Entryway, Balcony 2nd Floor, Barbecue, Billiards, Blinds, Cabana / Pool House, Ceiling Fan, Club Room with Professional Chef's Kitchen, Conference center, Cornhole Court, Direct Access Garage, Double Balcony",0,0,2637.5,1,1,1,1,1,1,0,0,1,1,1,0,0
The Reserve at Belvedere,"200 Reserve Blvd, Charlottesville, VA 22901",3.8,https://offgroundshousing.student.virginia.edu/housing/property/the-reserve-at-belvedere/jkqd0d6,2.0,2.5,"Total Monthly Price
$3,270
12 Month Lease","1,655",5/23/26,12 month lease,"Air Conditioning, Bright/natural lighting, Carpet, Ceiling Fans, Dining Room, Dishwasher, Extra Storage, Fireplace, Garbage Disposal, Granite Countertops, Heat - Central, Heat - Floor/Wall, Heating, High-Speed Internet Available, Kitchen, Business Center, Clubhouse, Community Lounge, Elevator, Fitness Room, Full-time Maintenance Staff, Hot Tub, Manager on Site, Outdoor Rec Space, Playground, Playground On-Site, Pool, Property Manager On-Site, Tennis Court, Volleyball Courts, Laundry Access, Laundry Room in Community, Washer/Dryer in Unit, 24-hour Access Cyber Café, 24-hour maintenance, Accessible Unit, Alternate Entryway, Balcony 2nd Floor, Barbecue, Billiards, Blinds, Cabana / Pool House, Ceiling Fan, Club Room with Professional Chef's Kitchen, Conference center, Cornhole Court, Direct Access Garage, Double Balcony",0,0,3270.0,1,1,1,1,1,1,0,0,1,1,1,0,0
The Reserve at Belvedere,"200 Reserve Blvd, Charlottesville, VA 22901",3.8,https://offgroundshousing.student.virginia.edu/housing/property/the-reserve-at-belvedere/jkqd0d6,3.0,2.0,"Total Monthly Price
$2,780 - $2,945
12 Month Lease","1,320",Available Now,12 month lease,"Air Conditioning, Bright/natural lighting, Carpet, Ceiling Fans, Dining Room, Dishwasher, Extra Storage, Fireplace, Garbage Disposal, Granite Countertops, Heat - Central, Heat - Floor/Wall, Heating, High-Speed Internet Available, Kitchen, Business Center, Clubhouse, Community Lounge, Elevator, Fitness Room, Full-time Maintenance Staff, Hot Tub, Manager on Site, Outdoor Rec Space, Playground, Playground On-Site, Pool, Property Manager On-Site, Tennis Court, Volleyball Courts, Laundry Access, Laundry Room in Community, Washer/Dryer in Unit, 24-hour Access Cyber Café, 24-hour maintenance, Accessible Unit, Alternate Entryway, Balcony 2nd Floor, Barbecue, Billiards, Blinds, Cabana / Pool House, Ceiling Fan, Club Room with Professional Chef's Kitchen, Conference center, Cornhole Court, Direct Access Garage, Double Balcony",0,0,2862.5,1,1,1,1,1,1,0,0,1,1,1,0,0
The Reserve at Belvedere,"200 Reserve Blvd, Charlottesville, VA 22901",3.8,https://offgroundshousing.student.virginia.edu/housing/property/the-reserve-at-belvedere/jkqd0d6,3.0,2.5,"Total Monthly Price
$3,120
12 Month Lease","1,460",4/5/26,12 month lease,"Air Conditioning, Bright/natural lighting, Carpet, Ceiling Fans, Dining Room, Dishwasher, Extra Storage, Fireplace, Garbage Disposal, Granite Countertops, Heat - Central, Heat - Floor/Wall, Heating, High-Speed Internet Available, Kitchen, Business Center, Clubhouse, Community Lounge, Elevator, Fitness Room, Full-time Maintenance Staff, Hot Tub, Manager on Site, Outdoor Rec Space, Playground, Playground On-Site, Pool, Property Manager On-Site, Tennis Court, Volleyball Courts, Laundry Access, Laundry Room in Community, Washer/Dryer in Unit, 24-hour Access Cyber Café, 24-hour maintenance, Accessible Unit, Alternate Entryway, Balcony 2nd Floor, Barbecue, Billiards, Blinds, Cabana / Pool House, Ceiling Fan, Club Room with Professional Chef's Kitchen, Conference center, Cornhole Court, Direct Access Garage, Double Balcony",0,0,3120.0,1,1,1,1,1,1,0,0,1,1,1,0,0
New Listing! Apartment available in June- Sublet available for May!,,0.8,https://offgroundshousing.student.virginia.edu/housing/property/new-listing-apartment-available-in-june-sublet-available-for-may/ocpc7bb5he,2.0,1.0,"Total Monthly Price
$1,378
12 Month Lease","1,246",Available Now,12 Month Lease,"Air Conditioning, Carpet, High-Speed Internet Available, Patio, Balcony, Porch or Deck, Smoke-Free, Laundry Access, Washer/Dryer in Unit, Near Bus Stop",0,0,1378.0,0,1,1,0,1,0,1,0,0,0,1,0,0
5th Street Place,"411 Afton Pond Ct, Charlottesville, VA 22902",1.9,https://offgroundshousing.student.virginia.edu/housing/property/5th-street-place/jtzh5l4,1.0,1.0,"Total Monthly Price
$1,819 - $1,911",822,Available Now,"12 month lease, 3 Month lease, 6 Month lease, 8 Month, 9 month lease, Flexible/Other lease, Short-Term lease","Air Conditioning, Dishwasher, Microwave, Stove, Clubhouse, Fitness Room, Full-time Maintenance Staff, Manager on Site, Outdoor Rec Space, Playground, Playground On-Site, Pool, Property Manager On-Site, Washer/Dryer in Unit, Al fresco dining area, Charcoal grilling statiosn w/park style picnic are, Covered outdoor lounge w/fireplace, Easy online maintenance requests, Easy online rent payment, firepit, Grilling station, Resort-style pool w/expansive sundeck, Yoga/flex studio w/fitness on demand",0,0,1865.0,1,1,0,1,0,1,0,0,0,0,0,0,0
5th Street Place,"411 Afton Pond Ct, Charlottesville, VA 22902",1.9,https://offgroundshousing.student.virginia.edu/housing/property/5th-street-place/jtzh5l4,1.0,1.0,"Total Monthly Price
$1,813 - $1,843",741,Available Now,"12 month lease, 3 Month lease, 6 Month lease, 8 Month, 9 month lease, Flexible/Other lease, Short-Term lease","Air Conditioning, Dishwasher, Microwave, Stove, Clubhouse, Fitness Room, Full-time Maintenance Staff, Manager on Site, Outdoor Rec Space, Playground, Playground On-Site, Pool, Property Manager On-Site, Washer/Dryer in Unit, Al fresco dining area, Charcoal grilling statiosn w/park style picnic are, Covered outdoor lounge w/fireplace, Easy online maintenance requests, Easy online rent payment, firepit, Grilling station, Resort-style pool w/expansive sundeck, Yoga/flex studio w/fitness on demand",0,0,1828.0,1,1,0,1,0,1,0,0,0,0,0,0,0
5th Street Place,"411 Afton Pond Ct, Charlottesville, VA 22902",1.9,https://offgroundshousing.student.virginia.edu/housing/property/5th-street-place/jtzh5l4,1.0,1.0,"Total Monthly Price
$1,756 - $1,823",745,Available Now,"12 month lease, 3 Month lease, 6 Month lease, 8 Month, 9 month lease, Flexible/Other lease, Short-Term lease","Air Conditioning, Dishwasher, Microwave, Stove, Clubhouse, Fitness Room, Full-time Maintenance Staff, Manager on Site, Outdoor Rec Space, Playground, Playground On-Site, Pool, Property Manager On-Site, Washer/Dryer in Unit, Al fresco dining area, Charcoal grilling statiosn w/park style picnic are, Covered outdoor lounge w/fireplace, Easy online maintenance requests, Easy online rent payment, firepit, Grilling station, Resort-style pool w/expansive sundeck, Yoga/flex studio w/fitness on demand",0,0,1789.5,1,1,0,1,0,1,0,0,0,0,0,0,0
5th Street Place,"411 Afton Pond Ct, Charlottesville, VA 22902",1.9,https://offgroundshousing.student.virginia.edu/housing/property/5th-street-place/jtzh5l4,1.0,1.0,"Total Monthly Price
$1,824 - $1,893",753,Available Now,"12 month lease, 3 Month lease, 6 Month lease, 8 Month, 9 month lease, Flexible/Other lease, Short-Term lease","Air Conditioning, Dishwasher, Microwave, Stove, Clubhouse, Fitness Room, Full-time Maintenance Staff, Manager on Site, Outdoor Rec Space, Playground, Playground On-Site, Pool, Property Manager On-Site, Washer/Dryer in Unit, Al fresco dining area, Charcoal grilling statiosn w/park style picnic are, Covered outdoor lounge w/fireplace, Easy online maintenance requests, Easy online rent payment, firepit, Grilling station, Resort-style pool w/expansive sundeck, Yoga/flex studio w/fitness on demand",0,0,1858.5,1,1,0,1,0,1,0,0,0,0,0,0,0
5th Street Place,"411 Afton Pond Ct, Charlottesville, VA 22902",1.9,https://offgroundshousing.student.virginia.edu/housing/property/5th-street-place/jtzh5l4,1.0,1.0,"Total Monthly Price
$1,851",739,Available Now,"12 month lease, 3 Month lease, 6 Month lease, 8 Month, 9 month lease, Flexible/Other lease, Short-Term lease","Air Conditioning, Dishwasher, Microwave, Stove, Clubhouse, Fitness Room, Full-time Maintenance Staff, Manager on Site, Outdoor Rec Space, Playground, Playground On-Site, Pool, Property Manager On-Site, Washer/Dryer in Unit, Al fresco dining area, Charcoal grilling statiosn w/park style picnic are, Covered outdoor lounge w/fireplace, Easy online maintenance requests, Easy online rent payment, firepit, Grilling station, Resort-style pool w/expansive sundeck, Yoga/flex studio w/fitness on demand",0,0,1851.0,1,1,0,1,0,1,0,0,0,0,0,0,0
5th Street Place,"411 Afton Pond Ct, Charlottesville, VA 22902",1.9,https://offgroundshousing.student.virginia.edu/housing/property/5th-street-place/jtzh5l4,1.0,1.0,"Total Monthly Price
$1,898",867,Not Available,"12 month lease, 3 Month lease, 6 Month lease, 8 Month, 9 month lease, Flexible/Other lease, Short-Term lease","Air Conditioning, Dishwasher, Microwave, Stove, Clubhouse, Fitness Room, Full-time Maintenance Staff, Manager on Site, Outdoor Rec Space, Playground, Playground On-Site, Pool, Property Manager On-Site, Washer/Dryer in Unit, Al fresco dining area, Charcoal grilling statiosn w/park style picnic are, Covered outdoor lounge w/fireplace, Easy online maintenance requests, Easy online rent payment, firepit, Grilling station, Resort-style pool w/expansive sundeck, Yoga/flex studio w/fitness on demand",0,0,1898.0,1,1,0,1,0,1,0,0,0,0,0,0,0
5th Street Place,"411 Afton Pond Ct, Charlottesville, VA 22902",1.9,https://offgroundshousing.student.virginia.edu/housing/property/5th-street-place/jtzh5l4,2.0,2.0,"Total Monthly Price
$2,146 - $2,237","1,154",Available Now,"12 month lease, 3 Month lease, 6 Month lease, 8 Month, 9 month lease, Flexible/Other lease, Short-Term lease","Air Conditioning, Dishwasher, Microwave, Stove, Clubhouse, Fitness Room, Full-time Maintenance Staff, Manager on Site, Outdoor Rec Space, Playground, Playground On-Site, Pool, Property Manager On-Site, Washer/Dryer in Unit, Al fresco dining area, Charcoal grilling statiosn w/park style picnic are, Covered outdoor lounge w/fireplace, Easy online maintenance requests, Easy online rent payment, firepit, Grilling station, Resort-style pool w/expansive sundeck, Yoga/flex studio w/fitness on demand",0,0,2191.5,1,1,0,1,0,1,0,0,0,0,0,0,0
5th Street Place,"411 Afton Pond Ct, Charlottesville, VA 22902",1.9,https://offgroundshousing.student.virginia.edu/housing/property/5th-street-place/jtzh5l4,2.0,2.0,"Total Monthly Price
$2,011 - $2,107","1,064",Available Now,"12 month lease, 3 Month lease, 6 Month lease, 8 Month, 9 month lease, Flexible/Other lease, Short-Term lease","Air Conditioning, Dishwasher, Microwave, Stove, Clubhouse, Fitness Room, Full-time Maintenance Staff, Manager on Site, Outdoor Rec Space, Playground, Playground On-Site, Pool, Property Manager On-Site, Washer/Dryer in Unit, Al fresco dining area, Charcoal grilling statiosn w/park style picnic are, Covered outdoor lounge w/fireplace, Easy online maintenance requests, Easy online rent payment, firepit, Grilling station, Resort-style pool w/expansive sundeck, Yoga/flex studio w/fitness on demand",0,0,2059.0,1,1,0,1,0,1,0,0,0,0,0,0,0
5th Street Place,"411 Afton Pond Ct, Charlottesville, VA 22902",1.9,https://offgroundshousing.student.virginia.edu/housing/property/5th-street-place/jtzh5l4,2.0,2.0,"Total Monthly Price
$2,021 - $2,064","1,083",Available Now,"12 month lease, 3 Month lease, 6 Month lease, 8 Month, 9 month lease, Flexible/Other lease, Short-Term lease","Air Conditioning, Dishwasher, Microwave, Stove, Clubhouse, Fitness Room, Full-time Maintenance Staff, Manager on Site, Outdoor Rec Space, Playground, Playground On-Site, Pool, Property Manager On-Site, Washer/Dryer in Unit, Al fresco dining area, Charcoal grilling statiosn w/park style picnic are, Covered outdoor lounge w/fireplace, Easy online maintenance requests, Easy online rent payment, firepit, Grilling station, Resort-style pool w/expansive sundeck, Yoga/flex studio w/fitness on demand",0,0,2042.5,1,1,0,1,0,1,0,0,0,0,0,0,0
5th Street Place,"411 Afton Pond Ct, Charlottesville, VA 22902",1.9,https://offgroundshousing.student.virginia.edu/housing/property/5th-street-place/jtzh5l4,2.0,2.0,"Total Monthly Price
$2,192","1,210",Available Now,"12 month lease, 3 Month lease, 6 Month lease, 8 Month, 9 month lease, Flexible/Other lease, Short-Term lease","Air Conditioning, Dishwasher, Microwave, Stove, Clubhouse, Fitness Room, Full-time Maintenance Staff, Manager on Site, Outdoor Rec Space, Playground, Playground On-Site, Pool, Property Manager On-Site, Washer/Dryer in Unit, Al fresco dining area, Charcoal grilling statiosn w/park style picnic are, Covered outdoor lounge w/fireplace, Easy online maintenance requests, Easy online rent payment, firepit, Grilling station, Resort-style pool w/expansive sundeck, Yoga/flex studio w/fitness on demand",0,0,2192.0,1,1,0,1,0,1,0,0,0,0,0,0,0
"Females only. One Price for Everything Furnished, Utilities, Gym/Pool. Walk to Hospital, UVA, CVille","765 Walker Square, Charlottesville, VA 22903",1.1,https://offgroundshousing.student.virginia.edu/housing/property/females-only-one-price-for-everything-furnished-utilities-gym-pool-walk-to-hospital-uva-cville/ocp51phcrq,2.0,2.0,"Total Monthly Price
$1,600 / Bedroom
12 Month Lease","1,152",Available Now,12 month lease,"Air Conditioning, Dishwasher, Furnished, Hardwood Floors, High-Speed Internet Available, Smoke-Free, Fitness Room, Near Bus Stop, Pool, Washer/Dryer in Unit",1,0,1600.0,1,1,0,1,1,1,1,1,0,0,0,0,0
Lakeside Apartments,"200 Lake Club Ct, Charlottesville, VA 22902",5.1,https://offgroundshousing.student.virginia.edu/housing/property/lakeside-apartments/8p7rnn1,1.0,1.0,"Total Monthly Price
$1,885 - $1,915
12 Month Lease",754,Available Now,12 month lease,"Air Conditioning, Ceiling Fans, Disability Accessible, Dishwasher, Extra Storage, Fireplace, Garbage Disposal, High-Speed Internet Available, Kitchen, Patio, Balcony, Porch or Deck, Refrigerator, Smoke-Free, Storage Space Included, Wheelchair Accessible, BBQ/BBQ Area, Business Center, Clubhouse, Community Lounge, Fitness Room, Full-time Maintenance Staff, Hot Tub, Outdoor Rec Space, Playground, Playground On-Site, Pool, Tennis Court, Volleyball Courts, Walking/Jogging Trails, Washer/Dryer in Unit, 24-hour maintenance, Availability 24 Hours, Barbecue, BBQ/Picnic Area, Bike Racks, Billiards Parlor, Free Weights, Granite Counters, Level 1 Patio, LIMITED TIME SPECIAL!, LVP Flooring, Mountain, Multi-purpose court, Off Street Parking, On-Site Maintenance",0,0,1900.0,1,1,1,1,1,1,0,0,1,0,0,0,0
Lakeside Apartments,"200 Lake Club Ct, Charlottesville, VA 22902",5.1,https://offgroundshousing.student.virginia.edu/housing/property/lakeside-apartments/8p7rnn1,1.0,1.0,"Total Monthly Price
$2,035
12 Month Lease",754,4/4/26,12 month lease,"Air Conditioning, Ceiling Fans, Disability Accessible, Dishwasher, Extra Storage, Fireplace, Garbage Disposal, High-Speed Internet Available, Kitchen, Patio, Balcony, Porch or Deck, Refrigerator, Smoke-Free, Storage Space Included, Wheelchair Accessible, BBQ/BBQ Area, Business Center, Clubhouse, Community Lounge, Fitness Room, Full-time Maintenance Staff, Hot Tub, Outdoor Rec Space, Playground, Playground On-Site, Pool, Tennis Court, Volleyball Courts, Walking/Jogging Trails, Washer/Dryer in Unit, 24-hour maintenance, Availability 24 Hours, Barbecue, BBQ/Picnic Area, Bike Racks, Billiards Parlor, Free Weights, Granite Counters, Level 1 Patio, LIMITED TIME SPECIAL!, LVP Flooring, Mountain, Multi-purpose court, Off Street Parking, On-Site Maintenance",0,0,2035.0,1,1,1,1,1,1,0,0,1,0,0,0,0
Lakeside Apartments,"200 Lake Club Ct, Charlottesville, VA 22902",5.1,https://offgroundshousing.student.virginia.edu/housing/property/lakeside-apartments/8p7rnn1,2.0,2.0,"Total Monthly Price
$2,070 - $2,335
12 Month Lease","1,040",Available Now,12 month lease,"Air Conditioning, Ceiling Fans, Disability Accessible, Dishwasher, Extra Storage, Fireplace, Garbage Disposal, High-Speed Internet Available, Kitchen, Patio, Balcony, Porch or Deck, Refrigerator, Smoke-Free, Storage Space Included, Wheelchair Accessible, BBQ/BBQ Area, Business Center, Clubhouse, Community Lounge, Fitness Room, Full-time Maintenance Staff, Hot Tub, Outdoor Rec Space, Playground, Playground On-Site, Pool, Tennis Court, Volleyball Courts, Walking/Jogging Trails, Washer/Dryer in Unit, 24-hour maintenance, Availability 24 Hours, Barbecue, BBQ/Picnic Area, Bike Racks, Billiards Parlor, Free Weights, Granite Counters, Level 1 Patio, LIMITED TIME SPECIAL!, LVP Flooring, Mountain, Multi-purpose court, Off Street Parking, On-Site Maintenance",0,0,2202.5,1,1,1,1,1,1,0,0,1,0,0,0,0
Lakeside Apartments,"200 Lake Club Ct, Charlottesville, VA 22902",5.1,https://offgroundshousing.student.virginia.edu/housing/property/lakeside-apartments/8p7rnn1,2.0,2.0,"Total Monthly Price
$1,950 - $2,300
12 Month Lease","1,040",Available Now,12 month lease,"Air Conditioning, Ceiling Fans, Disability Accessible, Dishwasher, Extra Storage, Fireplace, Garbage Disposal, High-Speed Internet Available, Kitchen, Patio, Balcony, Porch or Deck, Refrigerator, Smoke-Free, Storage Space Included, Wheelchair Accessible, BBQ/BBQ Area, Business Center, Clubhouse, Community Lounge, Fitness Room, Full-time Maintenance Staff, Hot Tub, Outdoor Rec Space, Playground, Playground On-Site, Pool, Tennis Court, Volleyball Courts, Walking/Jogging Trails, Washer/Dryer in Unit, 24-hour maintenance, Availability 24 Hours, Barbecue, BBQ/Picnic Area, Bike Racks, Billiards Parlor, Free Weights, Granite Counters, Level 1 Patio, LIMITED TIME SPECIAL!, LVP Flooring, Mountain, Multi-purpose court, Off Street Parking, On-Site Maintenance",0,0,2125.0,1,1,1,1,1,1,0,0,1,0,0,0,0
"Raleigh Court - Large 2 BR Apt close to campus and the corner, 6 Month Sublet Jan 1 - May 31, 2026","10 University Circle, Charlottesville, VA 22903",0.1,https://offgroundshousing.student.virginia.edu/housing/property/raleigh-court-large-2-br-apt-close-to-campus-and-the-corner-6-month-sublet-jan-1-may-31-2026/ocptfxxph9,2.0,1.0,"Total Monthly Price
$2,170
3 Month Lease","1,000",,3 Month Lease,"Air Conditioning, Dishwasher, Fireplace, Furnished, Hardwood Floors, High-Speed Internet Available, Patio, Balcony, Porch or Deck, Smoke-Free, International Student Friendly, Near Bus Stop, Laundry Room in Community",0,0,2170.0,1,0,1,0,1,0,1,1,0,1,0,0,0
Arlington Court Apartments - 1 Bedroom Available 2026-2027,"2432 Arlington Boulevard Apt. #C6, Charlottesville, VA 22903",0.0,https://offgroundshousing.student.virginia.edu/housing/property/arlington-court-apartments-1-bedroom-available-2026-2027/ocpfsbwqes,1.0,1.0,"Total Monthly Price
$1,220
12 Month Lease",523,8/11/26,12 month lease,"Air Conditioning, Carpet, Smoke-Free, Laundry Room in Community, Near Bus Stop",0,0,1220.0,0,0,0,0,0,0,1,0,0,1,1,0,0
The Condos at Hessian Hills,"2404 Barracks Ct, Charlottesville, VA 22901",1.1,https://offgroundshousing.student.virginia.edu/housing/property/the-condos-at-hessian-hills/ocph4pcbk0,2.0,2.0,"Total Monthly Price
$1,900
6 Month Lease","1,100",Available Now,6 Month Lease,"Air Conditioning, Dishwasher, Furnished, Hardwood Floors, High-Speed Internet Available, Patio, Balcony, Porch or Deck, Smoke-Free, Near Bus Stop, Pool, Washer/Dryer in Unit",0,0,1900.0,1,1,1,0,1,1,1,1,0,0,0,0,0
Ivy Garden,"100 Ivy Drive, Charlottesville, VA 22903",0.0,https://offgroundshousing.student.virginia.edu/housing/property/ivy-garden/ocp6gynmss,1.0,1.0,"Total Monthly Price
$1,425
12 Month Lease",600,6/23/26,12 month lease,"Air Conditioning, Carpet, Dishwasher, High-Speed Internet Available, Patio, Balcony, Porch or Deck, Fitness Room, Near Bus Stop, Pool, Roommate Matching, Laundry Access, Laundry Room in Community, No Laundry in Unit",0,0,1425.0,1,0,1,1,1,1,1,0,0,1,1,0,0
Ivy Garden,"100 Ivy Drive, Charlottesville, VA 22903",0.0,https://offgroundshousing.student.virginia.edu/housing/property/ivy-garden/ocp6gynmss,1.0,1.0,"Total Monthly Price
$1,465
12 Month Lease",800,8/11/26,12 month lease,"Air Conditioning, Carpet, Dishwasher, High-Speed Internet Available, Patio, Balcony, Porch or Deck, Fitness Room, Near Bus Stop, Pool, Roommate Matching, Laundry Access, Laundry Room in Community, No Laundry in Unit",0,0,1465.0,1,0,1,1,1,1,1,0,0,1,1,0,0
Ivy Garden,"100 Ivy Drive, Charlottesville, VA 22903",0.0,https://offgroundshousing.student.virginia.edu/housing/property/ivy-garden/ocp6gynmss,1.0,1.0,"Total Monthly Price
$1,480
12 Month Lease",600,8/10/26,12 month lease,"Air Conditioning, Carpet, Dishwasher, High-Speed Internet Available, Patio, Balcony, Porch or Deck, Fitness Room, Near Bus Stop, Pool, Roommate Matching, Laundry Access, Laundry Room in Community, No Laundry in Unit",0,0,1480.0,1,0,1,1,1,1,1,0,0,1,1,0,0
Ivy Garden,"100 Ivy Drive, Charlottesville, VA 22903",0.0,https://offgroundshousing.student.virginia.edu/housing/property/ivy-garden/ocp6gynmss,1.0,1.0,"Total Monthly Price
$1,535
12 Month Lease",600,6/23/26,12 month lease,"Air Conditioning, Carpet, Dishwasher, High-Speed Internet Available, Patio, Balcony, Porch or Deck, Fitness Room, Near Bus Stop, Pool, Roommate Matching, Laundry Access, Laundry Room in Community, No Laundry in Unit",0,0,1535.0,1,0,1,1,1,1,1,0,0,1,1,0,0
Ivy Garden,"100 Ivy Drive, Charlottesville, VA 22903",0.0,https://offgroundshousing.student.virginia.edu/housing/property/ivy-garden/ocp6gynmss,1.0,1.0,"Total Monthly Price
$1,570
12 Month Lease",600,8/19/26,12 month lease,"Air Conditioning, Carpet, Dishwasher, High-Speed Internet Available, Patio, Balcony, Porch or Deck, Fitness Room, Near Bus Stop, Pool, Roommate Matching, Laundry Access, Laundry Room in Community, No Laundry in Unit",0,0,1570.0,1,0,1,1,1,1,1,0,0,1,1,0,0
Ivy Garden,"100 Ivy Drive, Charlottesville, VA 22903",0.0,https://offgroundshousing.student.virginia.edu/housing/property/ivy-garden/ocp6gynmss,1.0,1.0,"Total Monthly Price
$1,570
12 Month Lease",800,7/10/26,12 month lease,"Air Conditioning, Carpet, Dishwasher, High-Speed Internet Available, Patio, Balcony, Porch or Deck, Fitness Room, Near Bus Stop, Pool, Roommate Matching, Laundry Access, Laundry Room in Community, No Laundry in Unit",0,0,1570.0,1,0,1,1,1,1,1,0,0,1,1,0,0
Ivy Garden,"100 Ivy Drive, Charlottesville, VA 22903",0.0,https://offgroundshousing.student.virginia.edu/housing/property/ivy-garden/ocp6gynmss,2.0,2.0,"Total Monthly Price
$1,735
12 Month Lease",950,7/1/26,12 month lease,"Air Conditioning, Carpet, Dishwasher, High-Speed Internet Available, Patio, Balcony, Porch or Deck, Fitness Room, Near Bus Stop, Pool, Roommate Matching, Laundry Access, Laundry Room in Community, No Laundry in Unit",0,0,1735.0,1,0,1,1,1,1,1,0,0,1,1,0,0
Ivy Garden,"100 Ivy Drive, Charlottesville, VA 22903",0.0,https://offgroundshousing.student.virginia.edu/housing/property/ivy-garden/ocp6gynmss,2.0,2.0,"Total Monthly Price
$1,800
12 Month Lease",950,6/25/26,12 month lease,"Air Conditioning, Carpet, Dishwasher, High-Speed Internet Available, Patio, Balcony, Porch or Deck, Fitness Room, Near Bus Stop, Pool, Roommate Matching, Laundry Access, Laundry Room in Community, No Laundry in Unit",0,0,1800.0,1,0,1,1,1,1,1,0,0,1,1,0,0
Ivy Garden,"100 Ivy Drive, Charlottesville, VA 22903",0.0,https://offgroundshousing.student.virginia.edu/housing/property/ivy-garden/ocp6gynmss,2.0,2.0,"Total Monthly Price
$1,805
12 Month Lease","1,100",6/30/26,12 month lease,"Air Conditioning, Carpet, Dishwasher, High-Speed Internet Available, Patio, Balcony, Porch or Deck, Fitness Room, Near Bus Stop, Pool, Roommate Matching, Laundry Access, Laundry Room in Community, No Laundry in Unit",0,0,1805.0,1,0,1,1,1,1,1,0,0,1,1,0,0
Ivy Garden,"100 Ivy Drive, Charlottesville, VA 22903",0.0,https://offgroundshousing.student.virginia.edu/housing/property/ivy-garden/ocp6gynmss,2.0,2.0,"Total Monthly Price
$1,865
12 Month Lease",950,6/30/26,12 month lease,"Air Conditioning, Carpet, Dishwasher, High-Speed Internet Available, Patio, Balcony, Porch or Deck, Fitness Room, Near Bus Stop, Pool, Roommate Matching, Laundry Access, Laundry Room in Community, No Laundry in Unit",0,0,1865.0,1,0,1,1,1,1,1,0,0,1,1,0,0
Howard Drive Apartments / Utilities Included / UVA Location,"114 Howard Drive Apartment #2, CHARLOTTESVILLE, VA 22903",1.0,https://offgroundshousing.student.virginia.edu/housing/property/howard-drive-apartments-utilities-included-uva-location/ocp56dpxwm,2.0,2.0,"Total Monthly Price
$1,800
12 Month Lease","1,000",Available Now,12 Month Lease,"Fireplace, Hardwood Floors, Patio, Balcony, Porch or Deck, Smoke-Free, Laundry Access, Near Bus Stop",0,0,1800.0,0,0,1,0,0,0,1,0,0,0,0,0,0
Various 1 and 2 Bedroom Apartments Available on Grady Ave,"1500 Grady Avenue, Charlottesville, VA 22903",0.3,https://offgroundshousing.student.virginia.edu/housing/property/various-1-and-2-bedroom-apartments-available-on-grady-ave/ocp5svyhfp,,1.0,"Total Monthly Price
$1,075
12 Month Lease",,Available Now,12 month lease,"Air Conditioning, Carpet, Hardwood Floors, Smoke-Free, Laundry Room in Community, Near Bus Stop",0,0,1075.0,0,0,0,0,0,0,1,0,0,1,1,0,0
Various 1 and 2 Bedroom Apartments Available on Grady Ave,"1500 Grady Avenue, Charlottesville, VA 22903",0.3,https://offgroundshousing.student.virginia.edu/housing/property/various-1-and-2-bedroom-apartments-available-on-grady-ave/ocp5svyhfp,1.0,1.0,"Total Monthly Price
$1,135 - $1,275
12 Month Lease",,Available Now,12 month lease,"Air Conditioning, Carpet, Hardwood Floors, Smoke-Free, Laundry Room in Community, Near Bus Stop",0,0,1205.0,0,0,0,0,0,0,1,0,0,1,1,0,0
Various 1 and 2 Bedroom Apartments Available on Grady Ave,"1500 Grady Avenue, Charlottesville, VA 22903",0.3,https://offgroundshousing.student.virginia.edu/housing/property/various-1-and-2-bedroom-apartments-available-on-grady-ave/ocp5svyhfp,2.0,1.0,"Total Monthly Price
$1,445 - $1,550
12 Month Lease",,Available Now,12 month lease,"Air Conditioning, Carpet, Hardwood Floors, Smoke-Free, Laundry Room in Community, Near Bus Stop",0,0,1497.5,0,0,0,0,0,0,1,0,0,1,1,0,0
Various 1 and 2 Bedroom Apartments Available on Grady Ave,"1500 Grady Avenue, Charlottesville, VA 22903",0.3,https://offgroundshousing.student.virginia.edu/housing/property/various-1-and-2-bedroom-apartments-available-on-grady-ave/ocp5svyhfp,2.0,1.0,"Total Monthly Price
$1,470 - $1,600
12 Month Lease",,Available Now,12 month lease,"Air Conditioning, Carpet, Hardwood Floors, Smoke-Free, Laundry Room in Community, Near Bus Stop",0,0,1535.0,0,0,0,0,0,0,1,0,0,1,1,0,0
Short Rock Furnished w/ utilities Bedrooms in a house $800-950/month,,12.1,https://offgroundshousing.student.virginia.edu/housing/property/short-rock-furnished-w-utilities-bedrooms-in-a-house-800-950-month/ocpy050hcs,3.0,1.5,"Total Monthly Price
$800 - $1,000 / Bedroom
1 Month Lease","1,950",Available Now,1 Month Lease,"Air Conditioning, Furnished, Hardwood Floors, High-Speed Internet Available, Patio, Balcony, Porch or Deck, Smoke-Free, Washer/Dryer in Unit",1,0,900.0,0,1,1,0,1,0,0,1,0,0,0,0,0
University Heights,"250 Colonnade Dr, Charlottesville, VA 22903",0.4,https://offgroundshousing.student.virginia.edu/housing/property/university-heights/e0k536m,1.0,1.0,"$1,250
Plus Fees
12 Month Lease",513,3/31/26,12 month lease,"Air Conditioning, Heat - Central, Heat - Floor/Wall, Heating, High-Speed Internet Available, Kitchen, Patio, Balcony, Porch or Deck, Refrigerator, Smoke-Free, Stove, Building Shuttle to campus, Fitness Room, Manager on Site, Near Shuttle to Campus, Pool, Property Manager On-Site, Laundry Access, Laundry Room in Community",0,0,1250.0,0,0,1,1,1,1,0,0,0,1,0,0,0
University Heights,"250 Colonnade Dr, Charlottesville, VA 22903",0.4,https://offgroundshousing.student.virginia.edu/housing/property/university-heights/e0k536m,1.0,1.0,"$1,260
Plus Fees
12 Month Lease",535,Not Available,12 month lease,"Air Conditioning, Heat - Central, Heat - Floor/Wall, Heating, High-Speed Internet Available, Kitchen, Patio, Balcony, Porch or Deck, Refrigerator, Smoke-Free, Stove, Building Shuttle to campus, Fitness Room, Manager on Site, Near Shuttle to Campus, Pool, Property Manager On-Site, Laundry Access, Laundry Room in Community",0,0,1260.0,0,0,1,1,1,1,0,0,0,1,0,0,0
University Heights,"250 Colonnade Dr, Charlottesville, VA 22903",0.4,https://offgroundshousing.student.virginia.edu/housing/property/university-heights/e0k536m,1.0,1.0,"$1,299
Plus Fees
12 Month Lease",590,Not Available,12 month lease,"Air Conditioning, Heat - Central, Heat - Floor/Wall, Heating, High-Speed Internet Available, Kitchen, Patio, Balcony, Porch or Deck, Refrigerator, Smoke-Free, Stove, Building Shuttle to campus, Fitness Room, Manager on Site, Near Shuttle to Campus, Pool, Property Manager On-Site, Laundry Access, Laundry Room in Community",0,0,1299.0,0,0,1,1,1,1,0,0,0,1,0,0,0
University Heights,"250 Colonnade Dr, Charlottesville, VA 22903",0.4,https://offgroundshousing.student.virginia.edu/housing/property/university-heights/e0k536m,1.0,1.0,"$1,305
Plus Fees
12 Month Lease",615,Not Available,12 month lease,"Air Conditioning, Heat - Central, Heat - Floor/Wall, Heating, High-Speed Internet Available, Kitchen, Patio, Balcony, Porch or Deck, Refrigerator, Smoke-Free, Stove, Building Shuttle to campus, Fitness Room, Manager on Site, Near Shuttle to Campus, Pool, Property Manager On-Site, Laundry Access, Laundry Room in Community",0,0,1305.0,0,0,1,1,1,1,0,0,0,1,0,0,0
University Heights,"250 Colonnade Dr, Charlottesville, VA 22903",0.4,https://offgroundshousing.student.virginia.edu/housing/property/university-heights/e0k536m,1.0,1.0,"$1,365
Plus Fees
12 Month Lease",710,Not Available,12 month lease,"Air Conditioning, Heat - Central, Heat - Floor/Wall, Heating, High-Speed Internet Available, Kitchen, Patio, Balcony, Porch or Deck, Refrigerator, Smoke-Free, Stove, Building Shuttle to campus, Fitness Room, Manager on Site, Near Shuttle to Campus, Pool, Property Manager On-Site, Laundry Access, Laundry Room in Community",0,0,1365.0,0,0,1,1,1,1,0,0,0,1,0,0,0
University Heights,"250 Colonnade Dr, Charlottesville, VA 22903",0.4,https://offgroundshousing.student.virginia.edu/housing/property/university-heights/e0k536m,2.0,1.0,"$1,700
Plus Fees
12 Month Lease",925,Available Now,12 month lease,"Air Conditioning, Heat - Central, Heat - Floor/Wall, Heating, High-Speed Internet Available, Kitchen, Patio, Balcony, Porch or Deck, Refrigerator, Smoke-Free, Stove, Building Shuttle to campus, Fitness Room, Manager on Site, Near Shuttle to Campus, Pool, Property Manager On-Site, Laundry Access, Laundry Room in Community",0,0,1700.0,0,0,1,1,1,1,0,0,0,1,0,0,0
University Heights,"250 Colonnade Dr, Charlottesville, VA 22903",0.4,https://offgroundshousing.student.virginia.edu/housing/property/university-heights/e0k536m,2.0,1.0,"$1,585
Plus Fees
12 Month Lease",820,6/20/26,12 month lease,"Air Conditioning, Heat - Central, Heat - Floor/Wall, Heating, High-Speed Internet Available, Kitchen, Patio, Balcony, Porch or Deck, Refrigerator, Smoke-Free, Stove, Building Shuttle to campus, Fitness Room, Manager on Site, Near Shuttle to Campus, Pool, Property Manager On-Site, Laundry Access, Laundry Room in Community",0,0,1585.0,0,0,1,1,1,1,0,0,0,1,0,0,0
University Heights,"250 Colonnade Dr, Charlottesville, VA 22903",0.4,https://offgroundshousing.student.virginia.edu/housing/property/university-heights/e0k536m,2.0,1.0,"$2,074
Plus Fees
12 Month Lease",700,Available Now,12 month lease,"Air Conditioning, Heat - Central, Heat - Floor/Wall, Heating, High-Speed Internet Available, Kitchen, Patio, Balcony, Porch or Deck, Refrigerator, Smoke-Free, Stove, Building Shuttle to campus, Fitness Room, Manager on Site, Near Shuttle to Campus, Pool, Property Manager On-Site, Laundry Access, Laundry Room in Community",0,0,2074.0,0,0,1,1,1,1,0,0,0,1,0,0,0
University Heights,"250 Colonnade Dr, Charlottesville, VA 22903",0.4,https://offgroundshousing.student.virginia.edu/housing/property/university-heights/e0k536m,2.0,1.0,"$1,455
Plus Fees
12 Month Lease",700,Not Available,12 month lease,"Air Conditioning, Heat - Central, Heat - Floor/Wall, Heating, High-Speed Internet Available, Kitchen, Patio, Balcony, Porch or Deck, Refrigerator, Smoke-Free, Stove, Building Shuttle to campus, Fitness Room, Manager on Site, Near Shuttle to Campus, Pool, Property Manager On-Site, Laundry Access, Laundry Room in Community",0,0,1455.0,0,0,1,1,1,1,0,0,0,1,0,0,0
University Heights,"250 Colonnade Dr, Charlottesville, VA 22903",0.4,https://offgroundshousing.student.virginia.edu/housing/property/university-heights/e0k536m,2.0,1.0,"$1,475
Plus Fees
12 Month Lease",715,Not Available,12 month lease,"Air Conditioning, Heat - Central, Heat - Floor/Wall, Heating, High-Speed Internet Available, Kitchen, Patio, Balcony, Porch or Deck, Refrigerator, Smoke-Free, Stove, Building Shuttle to campus, Fitness Room, Manager on Site, Near Shuttle to Campus, Pool, Property Manager On-Site, Laundry Access, Laundry Room in Community",0,0,1475.0,0,0,1,1,1,1,0,0,0,1,0,0,0
"1 ensuite room in 4BR/4BA Eagles Landing condo—ideal for students, all-female unit, minutes to UVA,","197 Yellowstone Drive, Charlottesville, VA 22903",0.9,https://offgroundshousing.student.virginia.edu/housing/property/1-ensuite-room-in-4br-4ba-eagles-landing-condo-ideal-for-students-all-female-unit-minutes-to-uva/ocpjjnf8d6,1.0,1.0,"Total Monthly Price
$775 / Bedroom
12 Month Lease","1,408",6/1/26,"12 month lease, 2 Year, 9 month lease, Academic Year, Fall Sublet, Flexible/Other lease, Semester, Short-Term lease, Spring Sublet, Summer Sublet, Winter Sublet","Air Conditioning, Carpet, Disability Accessible, Dishwasher, Furnished, Hardwood Floors, High-Speed Internet Available, Patio, Balcony, Porch or Deck, Smoke-Free, Fitness Room, Individual Leases, International Student Friendly, Near Bus Stop, Outdoor Rec Space, Pool, Tennis Court, Washer/Dryer in Unit",1,0,775.0,1,1,1,1,1,1,1,1,0,0,1,1,0
Shamrock Gardens (Available for 26-27 Year),,0.2,https://offgroundshousing.student.virginia.edu/housing/property/shamrock-gardens-available-for-26-27-year/ocpnm1pn6q,1.0,1.0,"$1,200
Plus Fees
12 Month Lease",,5/1/26,12 Month Lease,"Air Conditioning, Carpet, Hardwood Floors, High-Speed Internet Available, Smoke-Free, Individual Leases, Near Bus Stop, Laundry Access, Laundry Room in Community",0,0,1200.0,0,0,0,0,1,0,1,0,0,1,1,1,0
Shamrock Gardens (Available for 26-27 Year),,0.2,https://offgroundshousing.student.virginia.edu/housing/property/shamrock-gardens-available-for-26-27-year/ocpnm1pn6q,2.0,1.0,"$1,360
Plus Fees
12 Month Lease",,5/1/26,12 Month Lease,"Air Conditioning, Carpet, Hardwood Floors, High-Speed Internet Available, Smoke-Free, Individual Leases, Near Bus Stop, Laundry Access, Laundry Room in Community",0,0,1360.0,0,0,0,0,1,0,1,0,0,1,1,1,0
"1 bed, 1 bath unit steps from Scott Stadium","2307 Price Avenue, Charlottesville, VA 22903",0.2,https://offgroundshousing.student.virginia.edu/housing/property/1-bed-1-bath-unit-steps-from-scott-stadium/ocpeywhfrq,1.0,1.0,"Total Monthly Price
$2,320
11 Month Lease",650,Available Now,"9 month lease, Academic Year, Fall Sublet, Flexible/Other lease, Month-to-Month, Semester, Spring Sublet, Summer Sublet, Winter Sublet","Air Conditioning, Carpet, Dishwasher, Furnished, Hardwood Floors, High-Speed Internet Available, Laundry Access, Washer/Dryer in Unit",0,0,2320.0,1,1,0,0,1,0,0,1,0,0,1,0,0
29 Central at Stonefield,"2150 Bond St, Charlottesville, VA 22901",2.0,https://offgroundshousing.student.virginia.edu/housing/property/29-central-at-stonefield/8ls4yn3,,1.0,"$1,620
Plus Fees",616,Not Available,,"Air Conditioning, Carpet, Ceiling Fans, Dishwasher, Garbage Disposal, Granite Countertops, Hardwood Floors, Heat - Central, Heat - Floor/Wall, Heating, Kitchen, Living Room, Microwave, Patio, Balcony, Porch or Deck, Refrigerator, BBQ/BBQ Area, Business Center, Clubhouse, Conference Room, Elevator, Fitness Room, Full-time Maintenance Staff, Manager on Site, Property Manager On-Site, Washer/Dryer in Unit, 24-hour On-call Emergency Maintenance, Cafe, Central Mail Center, Electric Car Chargers, Friendly And Professional Onsite Mgmt., Fully-equipped Kitchens, Garage With Charging Stations, Key Pad, Large Windows, Maple Wood Cabinetry, Model Home to View, Package Receiving Area, Parking Deck, Private Patio/balcony, Stainless-steel Energy Eff. Appliances",0,0,1620.0,1,1,1,1,0,0,0,0,1,0,1,0,0
29 Central at Stonefield,"2150 Bond St, Charlottesville, VA 22901",2.0,https://offgroundshousing.student.virginia.edu/housing/property/29-central-at-stonefield/8ls4yn3,,1.0,"$1,720 - $1,750
Plus Fees",743,Not Available,,"Air Conditioning, Carpet, Ceiling Fans, Dishwasher, Garbage Disposal, Granite Countertops, Hardwood Floors, Heat - Central, Heat - Floor/Wall, Heating, Kitchen, Living Room, Microwave, Patio, Balcony, Porch or Deck, Refrigerator, BBQ/BBQ Area, Business Center, Clubhouse, Conference Room, Elevator, Fitness Room, Full-time Maintenance Staff, Manager on Site, Property Manager On-Site, Washer/Dryer in Unit, 24-hour On-call Emergency Maintenance, Cafe, Central Mail Center, Electric Car Chargers, Friendly And Professional Onsite Mgmt., Fully-equipped Kitchens, Garage With Charging Stations, Key Pad, Large Windows, Maple Wood Cabinetry, Model Home to View, Package Receiving Area, Parking Deck, Private Patio/balcony, Stainless-steel Energy Eff. Appliances",0,0,1735.0,1,1,1,1,0,0,0,0,1,0,1,0,0
29 Central at Stonefield,"2150 Bond St, Charlottesville, VA 22901",2.0,https://offgroundshousing.student.virginia.edu/housing/property/29-central-at-stonefield/8ls4yn3,1.0,1.0,"$1,770 - $1,873
Plus Fees",775,Available Now,,"Air Conditioning, Carpet, Ceiling Fans, Dishwasher, Garbage Disposal, Granite Countertops, Hardwood Floors, Heat - Central, Heat - Floor/Wall, Heating, Kitchen, Living Room, Microwave, Patio, Balcony, Porch or Deck, Refrigerator, BBQ/BBQ Area, Business Center, Clubhouse, Conference Room, Elevator, Fitness Room, Full-time Maintenance Staff, Manager on Site, Property Manager On-Site, Washer/Dryer in Unit, 24-hour On-call Emergency Maintenance, Cafe, Central Mail Center, Electric Car Chargers, Friendly And Professional Onsite Mgmt., Fully-equipped Kitchens, Garage With Charging Stations, Key Pad, Large Windows, Maple Wood Cabinetry, Model Home to View, Package Receiving Area, Parking Deck, Private Patio/balcony, Stainless-steel Energy Eff. Appliances",0,0,1821.5,1,1,1,1,0,0,0,0,1,0,1,0,0
29 Central at Stonefield,"2150 Bond St, Charlottesville, VA 22901",2.0,https://offgroundshousing.student.virginia.edu/housing/property/29-central-at-stonefield/8ls4yn3,1.0,1.0,"$1,763 - $1,821
Plus Fees",765,Available Now,,"Air Conditioning, Carpet, Ceiling Fans, Dishwasher, Garbage Disposal, Granite Countertops, Hardwood Floors, Heat - Central, Heat - Floor/Wall, Heating, Kitchen, Living Room, Microwave, Patio, Balcony, Porch or Deck, Refrigerator, BBQ/BBQ Area, Business Center, Clubhouse, Conference Room, Elevator, Fitness Room, Full-time Maintenance Staff, Manager on Site, Property Manager On-Site, Washer/Dryer in Unit, 24-hour On-call Emergency Maintenance, Cafe, Central Mail Center, Electric Car Chargers, Friendly And Professional Onsite Mgmt., Fully-equipped Kitchens, Garage With Charging Stations, Key Pad, Large Windows, Maple Wood Cabinetry, Model Home to View, Package Receiving Area, Parking Deck, Private Patio/balcony, Stainless-steel Energy Eff. Appliances",0,0,1792.0,1,1,1,1,0,0,0,0,1,0,1,0,0
29 Central at Stonefield,"2150 Bond St, Charlottesville, VA 22901",2.0,https://offgroundshousing.student.virginia.edu/housing/property/29-central-at-stonefield/8ls4yn3,1.0,1.0,"$1,765 - $2,032
Plus Fees",936,Available Now,,"Air Conditioning, Carpet, Ceiling Fans, Dishwasher, Garbage Disposal, Granite Countertops, Hardwood Floors, Heat - Central, Heat - Floor/Wall, Heating, Kitchen, Living Room, Microwave, Patio, Balcony, Porch or Deck, Refrigerator, BBQ/BBQ Area, Business Center, Clubhouse, Conference Room, Elevator, Fitness Room, Full-time Maintenance Staff, Manager on Site, Property Manager On-Site, Washer/Dryer in Unit, 24-hour On-call Emergency Maintenance, Cafe, Central Mail Center, Electric Car Chargers, Friendly And Professional Onsite Mgmt., Fully-equipped Kitchens, Garage With Charging Stations, Key Pad, Large Windows, Maple Wood Cabinetry, Model Home to View, Package Receiving Area, Parking Deck, Private Patio/balcony, Stainless-steel Energy Eff. Appliances",0,0,1898.5,1,1,1,1,0,0,0,0,1,0,1,0,0
29 Central at Stonefield,"2150 Bond St, Charlottesville, VA 22901",2.0,https://offgroundshousing.student.virginia.edu/housing/property/29-central-at-stonefield/8ls4yn3,1.0,1.0,"$1,660
Plus Fees",719,Not Available,,"Air Conditioning, Carpet, Ceiling Fans, Dishwasher, Garbage Disposal, Granite Countertops, Hardwood Floors, Heat - Central, Heat - Floor/Wall, Heating, Kitchen, Living Room, Microwave, Patio, Balcony, Porch or Deck, Refrigerator, BBQ/BBQ Area, Business Center, Clubhouse, Conference Room, Elevator, Fitness Room, Full-time Maintenance Staff, Manager on Site, Property Manager On-Site, Washer/Dryer in Unit, 24-hour On-call Emergency Maintenance, Cafe, Central Mail Center, Electric Car Chargers, Friendly And Professional Onsite Mgmt., Fully-equipped Kitchens, Garage With Charging Stations, Key Pad, Large Windows, Maple Wood Cabinetry, Model Home to View, Package Receiving Area, Parking Deck, Private Patio/balcony, Stainless-steel Energy Eff. Appliances",0,0,1660.0,1,1,1,1,0,0,0,0,1,0,1,0,0
29 Central at Stonefield,"2150 Bond St, Charlottesville, VA 22901",2.0,https://offgroundshousing.student.virginia.edu/housing/property/29-central-at-stonefield/8ls4yn3,1.0,1.0,"$1,660
Plus Fees",780,Not Available,,"Air Conditioning, Carpet, Ceiling Fans, Dishwasher, Garbage Disposal, Granite Countertops, Hardwood Floors, Heat - Central, Heat - Floor/Wall, Heating, Kitchen, Living Room, Microwave, Patio, Balcony, Porch or Deck, Refrigerator, BBQ/BBQ Area, Business Center, Clubhouse, Conference Room, Elevator, Fitness Room, Full-time Maintenance Staff, Manager on Site, Property Manager On-Site, Washer/Dryer in Unit, 24-hour On-call Emergency Maintenance, Cafe, Central Mail Center, Electric Car Chargers, Friendly And Professional Onsite Mgmt., Fully-equipped Kitchens, Garage With Charging Stations, Key Pad, Large Windows, Maple Wood Cabinetry, Model Home to View, Package Receiving Area, Parking Deck, Private Patio/balcony, Stainless-steel Energy Eff. Appliances",0,0,1660.0,1,1,1,1,0,0,0,0,1,0,1,0,0
29 Central at Stonefield,"2150 Bond St, Charlottesville, VA 22901",2.0,https://offgroundshousing.student.virginia.edu/housing/property/29-central-at-stonefield/8ls4yn3,1.0,1.0,"$1,685 - $1,715
Plus Fees",732,Not Available,,"Air Conditioning, Carpet, Ceiling Fans, Dishwasher, Garbage Disposal, Granite Countertops, Hardwood Floors, Heat - Central, Heat - Floor/Wall, Heating, Kitchen, Living Room, Microwave, Patio, Balcony, Porch or Deck, Refrigerator, BBQ/BBQ Area, Business Center, Clubhouse, Conference Room, Elevator, Fitness Room, Full-time Maintenance Staff, Manager on Site, Property Manager On-Site, Washer/Dryer in Unit, 24-hour On-call Emergency Maintenance, Cafe, Central Mail Center, Electric Car Chargers, Friendly And Professional Onsite Mgmt., Fully-equipped Kitchens, Garage With Charging Stations, Key Pad, Large Windows, Maple Wood Cabinetry, Model Home to View, Package Receiving Area, Parking Deck, Private Patio/balcony, Stainless-steel Energy Eff. Appliances",0,0,1700.0,1,1,1,1,0,0,0,0,1,0,1,0,0
29 Central at Stonefield,"2150 Bond St, Charlottesville, VA 22901",2.0,https://offgroundshousing.student.virginia.edu/housing/property/29-central-at-stonefield/8ls4yn3,1.0,1.0,"$1,735 - $1,765
Plus Fees",828,Not Available,,"Air Conditioning, Carpet, Ceiling Fans, Dishwasher, Garbage Disposal, Granite Countertops, Hardwood Floors, Heat - Central, Heat - Floor/Wall, Heating, Kitchen, Living Room, Microwave, Patio, Balcony, Porch or Deck, Refrigerator, BBQ/BBQ Area, Business Center, Clubhouse, Conference Room, Elevator, Fitness Room, Full-time Maintenance Staff, Manager on Site, Property Manager On-Site, Washer/Dryer in Unit, 24-hour On-call Emergency Maintenance, Cafe, Central Mail Center, Electric Car Chargers, Friendly And Professional Onsite Mgmt., Fully-equipped Kitchens, Garage With Charging Stations, Key Pad, Large Windows, Maple Wood Cabinetry, Model Home to View, Package Receiving Area, Parking Deck, Private Patio/balcony, Stainless-steel Energy Eff. Appliances",0,0,1750.0,1,1,1,1,0,0,0,0,1,0,1,0,0
29 Central at Stonefield,"2150 Bond St, Charlottesville, VA 22901",2.0,https://offgroundshousing.student.virginia.edu/housing/property/29-central-at-stonefield/8ls4yn3,1.0,1.0,"$1,785 - $1,815
Plus Fees",912,Not Available,,"Air Conditioning, Carpet, Ceiling Fans, Dishwasher, Garbage Disposal, Granite Countertops, Hardwood Floors, Heat - Central, Heat - Floor/Wall, Heating, Kitchen, Living Room, Microwave, Patio, Balcony, Porch or Deck, Refrigerator, BBQ/BBQ Area, Business Center, Clubhouse, Conference Room, Elevator, Fitness Room, Full-time Maintenance Staff, Manager on Site, Property Manager On-Site, Washer/Dryer in Unit, 24-hour On-call Emergency Maintenance, Cafe, Central Mail Center, Electric Car Chargers, Friendly And Professional Onsite Mgmt., Fully-equipped Kitchens, Garage With Charging Stations, Key Pad, Large Windows, Maple Wood Cabinetry, Model Home to View, Package Receiving Area, Parking Deck, Private Patio/balcony, Stainless-steel Energy Eff. Appliances",0,0,1800.0,1,1,1,1,0,0,0,0,1,0,1,0,0
Lovely quiet home in Afton near vineyards and 27 minutes from UVA,,22.2,https://offgroundshousing.student.virginia.edu/housing/property/lovely-quiet-home-in-afton-near-vineyards-and-27-minutes-from-uva/ocp6drcm3v,2.0,2.0,"Total Monthly Price
$2,500
1 Month Lease","1,800",4/20/26,1 Month Lease,"Air Conditioning, Disability Accessible, Dishwasher, Fireplace, Furnished, Hardwood Floors, High-Speed Internet Available, Patio, Balcony, Porch or Deck, Smoke-Free, Washer/Dryer in Unit",0,0,2500.0,1,1,1,0,1,0,0,1,0,0,0,0,0
REDUCED RATES | Now Leasing 2026-2027 | $1000 Signing Bonus + $1000 Deposit!,"402 14th Street , Charlottesville, VA 22903",0.4,https://offgroundshousing.student.virginia.edu/housing/property/reduced-rates-now-leasing-2026-2027-1000-signing-bonus-1000-deposit/ocpf6y8w0v,3.0,2.0,"$2,995
Plus Fees
12 Month Lease",,Available Now,12 Month Lease,"Air Conditioning, Dishwasher, Hardwood Floors, High-Speed Internet Available, Patio, Balcony, Porch or Deck, Smoke-Free, Near Bus Stop, Washer/Dryer in Unit",0,0,2995.0,1,1,1,0,1,0,1,0,0,0,0,0,0
REDUCED RATES | Now Leasing 2026-2027 | $1000 Signing Bonus + $1000 Deposit!,"402 14th Street , Charlottesville, VA 22903",0.4,https://offgroundshousing.student.virginia.edu/housing/property/reduced-rates-now-leasing-2026-2027-1000-signing-bonus-1000-deposit/ocpf6y8w0v,3.0,2.0,"$3,100
Plus Fees
12 Month Lease","1,323",Available Now,12 Month Lease,"Air Conditioning, Dishwasher, Hardwood Floors, High-Speed Internet Available, Patio, Balcony, Porch or Deck, Smoke-Free, Near Bus Stop, Washer/Dryer in Unit",0,0,3100.0,1,1,1,0,1,0,1,0,0,0,0,0,0
REDUCED RATES | Now Leasing 2026-2027 | $1000 Signing Bonus + $1000 Deposit!,"402 14th Street , Charlottesville, VA 22903",0.4,https://offgroundshousing.student.virginia.edu/housing/property/reduced-rates-now-leasing-2026-2027-1000-signing-bonus-1000-deposit/ocpf6y8w0v,3.0,3.0,"$998 / Bedroom
Plus Fees
12 Month Lease","1,316",Available Now,12 Month Lease,"Air Conditioning, Dishwasher, Hardwood Floors, High-Speed Internet Available, Patio, Balcony, Porch or Deck, Smoke-Free, Near Bus Stop, Washer/Dryer in Unit",1,0,998.0,1,1,1,0,1,0,1,0,0,0,0,0,0
2100 Jefferson Park Ave APT 11,"2100 Jefferson Park Avenue, Charlottesville, VA 22903",0.1,https://offgroundshousing.student.virginia.edu/housing/property/2100-jefferson-park-ave-apt-11/ocpv7h67be,1.0,2.0,"$995 / Bedroom
Plus Fees
12 Month Lease",876,8/1/26,12 Month Lease,"Air Conditioning, Carpet, Dishwasher, High-Speed Internet Available, Smoke-Free, Individual Leases, Near Bus Stop, Washer/Dryer in Unit",1,0,995.0,1,1,0,0,1,0,1,0,0,0,1,1,0
Eat. Explore. Unwind. All at Old Trail Village,"1045 Heathercroft Circle, Crozet, VA 22932",15.9,https://offgroundshousing.student.virginia.edu/housing/property/eat-explore-unwind-all-at-old-trail-village/ocp97qt7e5,2.0,2.0,"$1,995 - $2,700
Plus Fees
12 Month Lease",,Available Now,12 Month Lease,"Air Conditioning, Carpet, Dishwasher, Hardwood Floors, Patio, Balcony, Porch or Deck, Smoke-Free, Washer/Dryer in Unit",0,0,2347.5,1,1,1,0,0,0,0,0,0,0,1,0,0
"Beautiful renovated 3 Bedroom Townhome next to Darden, UVA LAW and Football Ground - available pe","114 Harvest Drive, Charlottesville, VA 22903",200.0,https://offgroundshousing.student.virginia.edu/housing/property/beautiful-renovated-3-bedroom-townhome-next-to-darden-uva-law-and-football-ground-available-pe/ocpm6h817k,3.0,3.5,"$900 / Bedroom
12 Month Lease","2,300",Available Now,12 Month Lease,"Air Conditioning, Carpet, Dishwasher, Hardwood Floors, Patio, Balcony, Porch or Deck, Smoke-Free, Fitness Room, Individual Leases, International Student Friendly, Near Bus Stop, Outdoor Rec Space, Pool, Laundry Access, Washer/Dryer in Unit",1,0,900.0,1,1,1,1,0,1,1,0,0,0,1,1,0
Riverside Village Apartments,"610-620 Riverside Shops Way, Charlottesville, VA 22911",3.4,https://offgroundshousing.student.virginia.edu/housing/property/riverside-village-apartments/6dw43zt,2.0,1.5,"$1,899
Plus Fees","1,056",Available Now,,"Dishwasher, Fireplace, Garbage Disposal, Kitchen, Microwave, Patio, Balcony, Porch or Deck, Refrigerator, Washer/Dryer in Unit, Ample kitchen, Cabinet space, Each home at Riverside features 2 bedrooms, Garage parking for the upstairs unit, Gas fireplace, Parking is free for residents., Patio/Balcony, The upstairs Townhomes feature a gas stove, View, washer & dryer and a large balcony",0,0,1899.0,1,1,1,0,0,0,0,0,1,0,0,0,0
Riverside Village Apartments,"610-620 Riverside Shops Way, Charlottesville, VA 22911",3.4,https://offgroundshousing.student.virginia.edu/housing/property/riverside-village-apartments/6dw43zt,2.0,2.0,"$1,899 - $1,999
Plus Fees","1,111",Available Now,,"Dishwasher, Fireplace, Garbage Disposal, Kitchen, Microwave, Patio, Balcony, Porch or Deck, Refrigerator, Washer/Dryer in Unit, Ample kitchen, Cabinet space, Each home at Riverside features 2 bedrooms, Garage parking for the upstairs unit, Gas fireplace, Parking is free for residents., Patio/Balcony, The upstairs Townhomes feature a gas stove, View, washer & dryer and a large balcony",0,0,1949.0,1,1,1,0,0,0,0,0,1,0,0,0,0
University Village 55+ Condo,"500 Crestwood Drive, Charlottesville, VA 22903",0.4,https://offgroundshousing.student.virginia.edu/housing/property/university-village-55-condo/ocpf1z93mv,2.0,2.0,"$3,500
Plus Fees","1,547",Available Now,12 month lease,"Air Conditioning, Dishwasher, Hardwood Floors, High-Speed Internet Available, Patio, Balcony, Porch or Deck, Smoke-Free, Fitness Room, Near Bus Stop, Outdoor Rec Space, Pool, Washer/Dryer in Unit",0,0,3500.0,1,1,1,1,1,1,1,0,0,0,0,0,0
Woodlands of Charlottesville | Luxury Meets Convenience,"1720 Treetop Drive, Charlottesville, VA 22903",2.1,https://offgroundshousing.student.virginia.edu/housing/property/woodlands-of-charlottesville-luxury-meets-convenience/ocpsgmqsz7,2.0,2.0,"$2,000 - $2,050
Plus Fees
12 Month Lease","1,120",Available Now,"12 month lease, 2 Year, 9 month lease","Air Conditioning, Carpet, Dishwasher, Hardwood Floors, High-Speed Internet Available, Patio, Balcony, Porch or Deck, Smoke-Free, Fitness Room, Pool, Tennis Court, Washer/Dryer in Unit",0,0,2025.0,1,1,1,1,1,1,0,0,0,0,1,0,0
Woodlands of Charlottesville | Luxury Meets Convenience,"1720 Treetop Drive, Charlottesville, VA 22903",2.1,https://offgroundshousing.student.virginia.edu/housing/property/woodlands-of-charlottesville-luxury-meets-convenience/ocpsgmqsz7,2.0,2.5,"$2,140 - $2,275
Plus Fees
12 Month Lease","1,128",Available Now,"12 month lease, 2 Year, 9 month lease","Air Conditioning, Carpet, Dishwasher, Hardwood Floors, High-Speed Internet Available, Patio, Balcony, Porch or Deck, Smoke-Free, Fitness Room, Pool, Tennis Court, Washer/Dryer in Unit",0,0,2207.5,1,1,1,1,1,1,0,0,0,0,1,0,0
Woodlands of Charlottesville | Luxury Meets Convenience,"1720 Treetop Drive, Charlottesville, VA 22903",2.1,https://offgroundshousing.student.virginia.edu/housing/property/woodlands-of-charlottesville-luxury-meets-convenience/ocpsgmqsz7,3.0,3.0,"$2,095 - $2,495
Plus Fees
12 Month Lease","1,362",Available Now,"12 month lease, 2 Year, 9 month lease","Air Conditioning, Carpet, Dishwasher, Hardwood Floors, High-Speed Internet Available, Patio, Balcony, Porch or Deck, Smoke-Free, Fitness Room, Pool, Tennis Court, Washer/Dryer in Unit",0,0,2295.0,1,1,1,1,1,1,0,0,0,0,1,0,0
Woodlands of Charlottesville | Luxury Meets Convenience,"1720 Treetop Drive, Charlottesville, VA 22903",2.1,https://offgroundshousing.student.virginia.edu/housing/property/woodlands-of-charlottesville-luxury-meets-convenience/ocpsgmqsz7,3.0,3.0,"$2,395 - $2,599
Plus Fees
12 Month Lease","1,369",Available Now,"12 month lease, 2 Year, 9 month lease","Air Conditioning, Carpet, Dishwasher, Hardwood Floors, High-Speed Internet Available, Patio, Balcony, Porch or Deck, Smoke-Free, Fitness Room, Pool, Tennis Court, Washer/Dryer in Unit",0,0,2497.0,1,1,1,1,1,1,0,0,0,0,1,0,0
Pavilion at North Grounds,"2101 Arlington Boulevard, Charlottesville, VA 22903",0.3,https://offgroundshousing.student.virginia.edu/housing/property/pavilion-at-north-grounds/ocpdrsgrrl,1.0,1.0,"$2,199
12 Month Lease",704,8/15/26,12 Month Lease,"Air Conditioning, Carpet, Dishwasher, Furnished, High-Speed Internet Available, Fitness Room, International Student Friendly, Outdoor Rec Space, Pool, Washer/Dryer in Unit",0,0,2199.0,1,1,0,1,1,1,0,1,0,0,1,0,0
Grandmarc at the Corner,"301 15th St NW, Charlottesville, VA 22903",0.4,https://offgroundshousing.student.virginia.edu/housing/property/grandmarc-at-the-corner/w0kbenh,1.0,1.0,"$920 / Bedroom
Plus Fees
11 Month Lease",596,Available Now,"By the Bed Leasing, Flexible/Other lease","Air Conditioning, Carpet, Disability Accessible, Dishwasher, Furnished, Garbage Disposal, Heat - Central, Heat - Floor/Wall, Heating, High-Speed Internet Available, Kitchen, Laminate Floors, Microwave, Patio, Balcony, Porch or Deck, Refrigerator, BBQ/BBQ Area, Business Center, Close to Public Transportation, Clubhouse, Coffee Bar, Community Lounge, Elevator, Fitness Room, Full-time Maintenance Staff, Hot Tub, Individual Leases, International Student Friendly, Manager on Site, Pool, Property Manager On-Site, Washer/Dryer in Unit",1,0,920.0,1,1,1,1,1,1,0,1,0,0,1,1,0
Grandmarc at the Corner,"301 15th St NW, Charlottesville, VA 22903",0.4,https://offgroundshousing.student.virginia.edu/housing/property/grandmarc-at-the-corner/w0kbenh,1.0,1.0,"$980 / Bedroom
Plus Fees
11 Month Lease",656,Available Now,"By the Bed Leasing, Flexible/Other lease","Air Conditioning, Carpet, Disability Accessible, Dishwasher, Furnished, Garbage Disposal, Heat - Central, Heat - Floor/Wall, Heating, High-Speed Internet Available, Kitchen, Laminate Floors, Microwave, Patio, Balcony, Porch or Deck, Refrigerator, BBQ/BBQ Area, Business Center, Close to Public Transportation, Clubhouse, Coffee Bar, Community Lounge, Elevator, Fitness Room, Full-time Maintenance Staff, Hot Tub, Individual Leases, International Student Friendly, Manager on Site, Pool, Property Manager On-Site, Washer/Dryer in Unit",1,0,980.0,1,1,1,1,1,1,0,1,0,0,1,1,0
Grandmarc at the Corner,"301 15th St NW, Charlottesville, VA 22903",0.4,https://offgroundshousing.student.virginia.edu/housing/property/grandmarc-at-the-corner/w0kbenh,1.0,1.0,"$1,065 / Bedroom
Plus Fees
11 Month Lease",712,Available Now,"By the Bed Leasing, Flexible/Other lease","Air Conditioning, Carpet, Disability Accessible, Dishwasher, Furnished, Garbage Disposal, Heat - Central, Heat - Floor/Wall, Heating, High-Speed Internet Available, Kitchen, Laminate Floors, Microwave, Patio, Balcony, Porch or Deck, Refrigerator, BBQ/BBQ Area, Business Center, Close to Public Transportation, Clubhouse, Coffee Bar, Community Lounge, Elevator, Fitness Room, Full-time Maintenance Staff, Hot Tub, Individual Leases, International Student Friendly, Manager on Site, Pool, Property Manager On-Site, Washer/Dryer in Unit",1,0,1065.0,1,1,1,1,1,1,0,1,0,0,1,1,0
Grandmarc at the Corner,"301 15th St NW, Charlottesville, VA 22903",0.4,https://offgroundshousing.student.virginia.edu/housing/property/grandmarc-at-the-corner/w0kbenh,1.0,1.0,"$2,100 / Bedroom
Plus Fees
11 Month Lease",596,Available Now,"By the Bed Leasing, Flexible/Other lease","Air Conditioning, Carpet, Disability Accessible, Dishwasher, Furnished, Garbage Disposal, Heat - Central, Heat - Floor/Wall, Heating, High-Speed Internet Available, Kitchen, Laminate Floors, Microwave, Patio, Balcony, Porch or Deck, Refrigerator, BBQ/BBQ Area, Business Center, Close to Public Transportation, Clubhouse, Coffee Bar, Community Lounge, Elevator, Fitness Room, Full-time Maintenance Staff, Hot Tub, Individual Leases, International Student Friendly, Manager on Site, Pool, Property Manager On-Site, Washer/Dryer in Unit",1,0,2100.0,1,1,1,1,1,1,0,1,0,0,1,1,0
Grandmarc at the Corner,"301 15th St NW, Charlottesville, VA 22903",0.4,https://offgroundshousing.student.virginia.edu/housing/property/grandmarc-at-the-corner/w0kbenh,2.0,2.0,"$895
Plus Fees
11 Month Lease","1,012",Available Now,"By the Bed Leasing, Flexible/Other lease","Air Conditioning, Carpet, Disability Accessible, Dishwasher, Furnished, Garbage Disposal, Heat - Central, Heat - Floor/Wall, Heating, High-Speed Internet Available, Kitchen, Laminate Floors, Microwave, Patio, Balcony, Porch or Deck, Refrigerator, BBQ/BBQ Area, Business Center, Close to Public Transportation, Clubhouse, Coffee Bar, Community Lounge, Elevator, Fitness Room, Full-time Maintenance Staff, Hot Tub, Individual Leases, International Student Friendly, Manager on Site, Pool, Property Manager On-Site, Washer/Dryer in Unit",0,0,895.0,1,1,1,1,1,1,0,1,0,0,1,1,0
Grandmarc at the Corner,"301 15th St NW, Charlottesville, VA 22903",0.4,https://offgroundshousing.student.virginia.edu/housing/property/grandmarc-at-the-corner/w0kbenh,2.0,2.0,"$1,395 / Bedroom
Plus Fees
11 Month Lease",914,Available Now,"By the Bed Leasing, Flexible/Other lease","Air Conditioning, Carpet, Disability Accessible, Dishwasher, Furnished, Garbage Disposal, Heat - Central, Heat - Floor/Wall, Heating, High-Speed Internet Available, Kitchen, Laminate Floors, Microwave, Patio, Balcony, Porch or Deck, Refrigerator, BBQ/BBQ Area, Business Center, Close to Public Transportation, Clubhouse, Coffee Bar, Community Lounge, Elevator, Fitness Room, Full-time Maintenance Staff, Hot Tub, Individual Leases, International Student Friendly, Manager on Site, Pool, Property Manager On-Site, Washer/Dryer in Unit",1,0,1395.0,1,1,1,1,1,1,0,1,0,0,1,1,0
Grandmarc at the Corner,"301 15th St NW, Charlottesville, VA 22903",0.4,https://offgroundshousing.student.virginia.edu/housing/property/grandmarc-at-the-corner/w0kbenh,2.0,2.0,"$1,495 / Bedroom
Plus Fees
11 Month Lease",914,Available Now,"By the Bed Leasing, Flexible/Other lease","Air Conditioning, Carpet, Disability Accessible, Dishwasher, Furnished, Garbage Disposal, Heat - Central, Heat - Floor/Wall, Heating, High-Speed Internet Available, Kitchen, Laminate Floors, Microwave, Patio, Balcony, Porch or Deck, Refrigerator, BBQ/BBQ Area, Business Center, Close to Public Transportation, Clubhouse, Coffee Bar, Community Lounge, Elevator, Fitness Room, Full-time Maintenance Staff, Hot Tub, Individual Leases, International Student Friendly, Manager on Site, Pool, Property Manager On-Site, Washer/Dryer in Unit",1,0,1495.0,1,1,1,1,1,1,0,1,0,0,1,1,0
Grandmarc at the Corner,"301 15th St NW, Charlottesville, VA 22903",0.4,https://offgroundshousing.student.virginia.edu/housing/property/grandmarc-at-the-corner/w0kbenh,4.0,4.0,"$1,399 / Bedroom
Plus Fees
11 Month Lease","1,466",Available Now,"By the Bed Leasing, Flexible/Other lease","Air Conditioning, Carpet, Disability Accessible, Dishwasher, Furnished, Garbage Disposal, Heat - Central, Heat - Floor/Wall, Heating, High-Speed Internet Available, Kitchen, Laminate Floors, Microwave, Patio, Balcony, Porch or Deck, Refrigerator, BBQ/BBQ Area, Business Center, Close to Public Transportation, Clubhouse, Coffee Bar, Community Lounge, Elevator, Fitness Room, Full-time Maintenance Staff, Hot Tub, Individual Leases, International Student Friendly, Manager on Site, Pool, Property Manager On-Site, Washer/Dryer in Unit",1,0,1399.0,1,1,1,1,1,1,0,1,0,0,1,1,0
Spacious 3BR Townhouse w/ Yard + Parking – Near UVA Law and Business Schools,"1003 Huntwood Lane, Charlottesville, VA 22901",1.0,https://offgroundshousing.student.virginia.edu/housing/property/spacious-3br-townhouse-w-yard-parking-near-uva-law-and-business-schools/ocp270hcyb,3.0,2.5,"$2,100
Plus Fees
12 Month Lease","1,312",Available Now,"12 month lease, 2 Year, 9 month lease, Academic Year, Semester, Short-Term lease","Air Conditioning, Carpet, Dishwasher, Hardwood Floors, Patio, Balcony, Porch or Deck, Smoke-Free, Near Bus Stop, Washer/Dryer in Unit",0,0,2100.0,1,1,1,0,0,0,1,0,0,0,1,0,0
Landmark Apartments (Available for 26-27 Year),"1904 Jefferson Park Avenue, Charlottesville, VA 22903",0.3,https://offgroundshousing.student.virginia.edu/housing/property/landmark-apartments-available-for-26-27-year/ocplgeh6df,1.0,1.0,"$1,200
Plus Fees
12 Month Lease",,Available Now,12 Month Lease,"Air Conditioning, Carpet, Disability Accessible, Individual Leases, Near Bus Stop, Laundry Room in Community, Washer/Dryer in Unit",0,0,1200.0,0,1,0,0,0,0,1,0,0,1,1,1,0
Landmark Apartments (Available for 26-27 Year),"1904 Jefferson Park Avenue, Charlottesville, VA 22903",0.3,https://offgroundshousing.student.virginia.edu/housing/property/landmark-apartments-available-for-26-27-year/ocplgeh6df,2.0,1.0,"$1,400
Plus Fees
12 Month Lease",,5/1/26,12 Month Lease,"Air Conditioning, Carpet, Disability Accessible, Individual Leases, Near Bus Stop, Laundry Room in Community, Washer/Dryer in Unit",0,0,1400.0,0,1,0,0,0,0,1,0,0,1,1,1,0
2104 Jefferson Park Ave APT G,"2104 Jefferson Park Avenue, Charlottesville, VA 22903",0.2,https://offgroundshousing.student.virginia.edu/housing/property/2104-jefferson-park-ave-apt-g/ocpl25f2mf,1.0,2.0,"$995 / Bedroom
Plus Fees
12 Month Lease",888,,12 Month Lease,"Air Conditioning, Carpet, Dishwasher, High-Speed Internet Available, Smoke-Free, Individual Leases, Near Bus Stop, Washer/Dryer in Unit",1,0,995.0,1,1,0,0,1,0,1,0,0,0,1,1,0
1409 Grady Ave | Leasing For 2026-2027,"1409 Grady Avenue, Charlottesville, VA 22903",0.5,https://offgroundshousing.student.virginia.edu/housing/property/1409-grady-ave-leasing-for-2026-2027/ocpkdr232b,1.0,1.0,"$1,210
12 Month Lease",,7/29/26,12 month lease,"Air Conditioning, Carpet, Fireplace, Hardwood Floors, Smoke-Free, Laundry Room in Community, Near Bus Stop",0,0,1210.0,0,0,0,0,0,0,1,0,0,1,1,0,0
1409 Grady Ave | Leasing For 2026-2027,"1409 Grady Avenue, Charlottesville, VA 22903",0.5,https://offgroundshousing.student.virginia.edu/housing/property/1409-grady-ave-leasing-for-2026-2027/ocpkdr232b,2.0,1.0,"$1,225
12 Month Lease",,7/22/26,12 month lease,"Air Conditioning, Carpet, Fireplace, Hardwood Floors, Smoke-Free, Laundry Room in Community, Near Bus Stop",0,0,1225.0,0,0,0,0,0,0,1,0,0,1,1,0,0
1409 Grady Ave | Leasing For 2026-2027,"1409 Grady Avenue, Charlottesville, VA 22903",0.5,https://offgroundshousing.student.virginia.edu/housing/property/1409-grady-ave-leasing-for-2026-2027/ocpkdr232b,2.0,1.0,"$1,595
12 Month Lease",,7/22/26,12 month lease,"Air Conditioning, Carpet, Fireplace, Hardwood Floors, Smoke-Free, Laundry Room in Community, Near Bus Stop",0,0,1595.0,0,0,0,0,0,0,1,0,0,1,1,0,0
Fantastic Location Near 5th Street Station!,"115 Old Fifth Circle, Charlottesville, VA 22903",1.7,https://offgroundshousing.student.virginia.edu/housing/property/fantastic-location-near-5th-street-station/ocpng77gep,3.0,2.5,"$2,300
Plus Fees
6 Month Lease","1,874",Available Now,12 month lease,"Air Conditioning, Carpet, Dishwasher, Hardwood Floors, High-Speed Internet Available, Patio, Balcony, Porch or Deck, Smoke-Free, Washer/Dryer in Unit",0,0,2300.0,1,1,1,0,1,0,0,0,0,0,1,0,0
Cavalier Court Apartments (Available for 26-27 Year),"2006 Stadium Rd - 210 Maury Avenue, Charlottesville, VA 22903",0.2,https://offgroundshousing.student.virginia.edu/housing/property/cavalier-court-apartments-available-for-26-27-year/ocpvcwr2be,1.0,1.0,"$1,200
Plus Fees
12 Month Lease",,5/1/26,12 Month Lease,"Air Conditioning, Carpet, Disability Accessible, Individual Leases, Near Bus Stop, Laundry Room in Community",0,0,1200.0,0,0,0,0,0,0,1,0,0,1,1,1,0
Cavalier Court Apartments (Available for 26-27 Year),"2006 Stadium Rd - 210 Maury Avenue, Charlottesville, VA 22903",0.2,https://offgroundshousing.student.virginia.edu/housing/property/cavalier-court-apartments-available-for-26-27-year/ocpvcwr2be,2.0,1.0,"$1,360
Plus Fees
12 Month Lease",,5/1/26,12 Month Lease,"Air Conditioning, Carpet, Disability Accessible, Individual Leases, Near Bus Stop, Laundry Room in Community",0,0,1360.0,0,0,0,0,0,0,1,0,0,1,1,1,0
Looking for Flatmates – Cozy House Near UVA West Complex,,1.1,https://offgroundshousing.student.virginia.edu/housing/property/looking-for-flatmates-cozy-house-near-uva-west-complex/ocp1n7bl37,3.0,1.5,"Total Monthly Price
$550 - $850 / Bedroom
12 Month Lease",,6/1/26,12 Month Lease,"Air Conditioning, Dishwasher, Fireplace, Hardwood Floors, Patio, Balcony, Porch or Deck, International Student Friendly, Near Bus Stop, Washer/Dryer in Unit",1,0,700.0,1,1,1,0,0,0,1,0,0,0,0,0,0
1/2 Off First Month's Rent - Call for details!,"459 Locust Avenue, Charlottesville, VA 22902",1.5,https://offgroundshousing.student.virginia.edu/housing/property/1-2-off-first-months-rent-call-for-details/ocpq1th4jz,1.0,1.0,"$1,615 - $1,625
Plus Fees",,Available Now,12 month lease,"Air Conditioning, Dishwasher, Hardwood Floors, Smoke-Free, Fitness Room, Near Bus Stop, Washer/Dryer in Unit",0,0,1620.0,1,1,0,1,0,0,1,0,0,0,0,0,0
1/2 Off First Month's Rent - Call for details!,"459 Locust Avenue, Charlottesville, VA 22902",1.5,https://offgroundshousing.student.virginia.edu/housing/property/1-2-off-first-months-rent-call-for-details/ocpq1th4jz,1.0,1.0,"$1,615 - $1,800
Plus Fees",803,Available Now,12 month lease,"Air Conditioning, Dishwasher, Hardwood Floors, Smoke-Free, Fitness Room, Near Bus Stop, Washer/Dryer in Unit",0,0,1707.5,1,1,0,1,0,0,1,0,0,0,0,0,0
1/2 Off First Month's Rent - Call for details!,"459 Locust Avenue, Charlottesville, VA 22902",1.5,https://offgroundshousing.student.virginia.edu/housing/property/1-2-off-first-months-rent-call-for-details/ocpq1th4jz,1.0,1.0,"$1,660
Plus Fees",,Available Now,12 month lease,"Air Conditioning, Dishwasher, Hardwood Floors, Smoke-Free, Fitness Room, Near Bus Stop, Washer/Dryer in Unit",0,0,1660.0,1,1,0,1,0,0,1,0,0,0,0,0,0
1/2 Off First Month's Rent - Call for details!,"459 Locust Avenue, Charlottesville, VA 22902",1.5,https://offgroundshousing.student.virginia.edu/housing/property/1-2-off-first-months-rent-call-for-details/ocpq1th4jz,2.0,2.0,"$1,600 - $1,925
Plus Fees",869,Available Now,12 month lease,"Air Conditioning, Dishwasher, Hardwood Floors, Smoke-Free, Fitness Room, Near Bus Stop, Washer/Dryer in Unit",0,0,1762.5,1,1,0,1,0,0,1,0,0,0,0,0,0
1/2 Off First Month's Rent - Call for details!,"459 Locust Avenue, Charlottesville, VA 22902",1.5,https://offgroundshousing.student.virginia.edu/housing/property/1-2-off-first-months-rent-call-for-details/ocpq1th4jz,2.0,2.0,"$1,920
Plus Fees",920,Available Now,12 month lease,"Air Conditioning, Dishwasher, Hardwood Floors, Smoke-Free, Fitness Room, Near Bus Stop, Washer/Dryer in Unit",0,0,1920.0,1,1,0,1,0,0,1,0,0,0,0,0,0
"Condo w/Terrace, 12-Min Walk to UVA Hospital","730 Walker Square Apt 2C, Charlottesville, VA 22903",0.9,https://offgroundshousing.student.virginia.edu/housing/property/condo-w-terrace-12-min-walk-to-uva-hospital/ocpk124c19,1.0,1.0,"Total Monthly Price
$1,900
2 Month Lease",625,,2 Month Lease,"Air Conditioning, Dishwasher, Furnished, High-Speed Internet Available, Patio, Balcony, Porch or Deck, Smoke-Free, Fitness Room, Near Bus Stop, Pool, Washer/Dryer in Unit",0,0,1900.0,1,1,1,1,1,1,1,1,0,0,0,0,0
Carratt Apartments (Available for 26-27 Year),"1918 - 2002 Jefferson Park Avenue, Charlottesville, VA 22903",0.2,https://offgroundshousing.student.virginia.edu/housing/property/carratt-apartments-available-for-26-27-year/ocpehkfjdm,1.0,1.0,"$1,160
Plus Fees
12 Month Lease",,5/1/26,12 Month Lease,"Air Conditioning, Carpet, Dishwasher, Hardwood Floors, Individual Leases, Near Bus Stop, Laundry Room in Community",0,0,1160.0,1,0,0,0,0,0,1,0,0,1,1,1,0
Carratt Apartments (Available for 26-27 Year),"1918 - 2002 Jefferson Park Avenue, Charlottesville, VA 22903",0.2,https://offgroundshousing.student.virginia.edu/housing/property/carratt-apartments-available-for-26-27-year/ocpehkfjdm,2.0,1.0,"$1,400
Plus Fees
12 Month Lease",,5/1/26,12 Month Lease,"Air Conditioning, Carpet, Dishwasher, Hardwood Floors, Individual Leases, Near Bus Stop, Laundry Room in Community",0,0,1400.0,1,0,0,0,0,0,1,0,0,1,1,1,0
Carrollton Terrace JPA,"114 Carrollton Terrace Apt D, Charlottesville, VA 22903",0.1,https://offgroundshousing.student.virginia.edu/housing/property/carrollton-terrace-jpa/ocpv789pbd,1.0,1.0,"Total Monthly Price
$1,250 / Bedroom
7 Month Lease",,,7 Month Lease,"Air Conditioning, Carpet, Disability Accessible, Dishwasher, Furnished, Hardwood Floors, High-Speed Internet Available, Patio, Balcony, Porch or Deck, Smoke-Free, Near Bus Stop, Washer/Dryer in Unit",1,0,1250.0,1,1,1,0,1,0,1,1,0,0,1,0,0
Norcross Station,"300 4th St SE, Charlottesville, VA 22902",0.9,https://offgroundshousing.student.virginia.edu/housing/property/norcross-station/mfywg8h,1.0,1.0,"Total Monthly Price
$1,760",750,5/8/26,,"Air Conditioning, Carpet, Ceiling Fans, Dishwasher, Extra Storage, Furnished, Garbage Disposal, Hardwood Floors, Heat - Central, Heat - Floor/Wall, Heating, High-Speed Internet Available, Kitchen, Loft, Microwave, BBQ/BBQ Area, Bike Racks, Close to Public Transportation, Elevator, Full-time Maintenance Staff, Manager on Site, Property Manager On-Site, Secure bike storage, Washer/Dryer in Unit, 1 & 2 Bedroom Luxury Lofts & Flats, 9' Ceilings, Clay Tile Walls, Controlled Access, Doggy Den, Downtown Charlottesville's Premiere Address, electricity, Elite 1% Power On Line Ranking!, Exposed Beams, Exposed Beams, Clay Tile Walls, Floor to Ceiling Windows, fully equipped kitchen, internet, Outdoor doggie den, Steps from Downtown and Miles from Ordinary",0,0,1760.0,1,1,0,0,1,0,0,1,0,0,1,0,0
Norcross Station,"300 4th St SE, Charlottesville, VA 22902",0.9,https://offgroundshousing.student.virginia.edu/housing/property/norcross-station/mfywg8h,1.0,1.0,"Total Monthly Price
$1,780",791,Available Now,,"Air Conditioning, Carpet, Ceiling Fans, Dishwasher, Extra Storage, Furnished, Garbage Disposal, Hardwood Floors, Heat - Central, Heat - Floor/Wall, Heating, High-Speed Internet Available, Kitchen, Loft, Microwave, BBQ/BBQ Area, Bike Racks, Close to Public Transportation, Elevator, Full-time Maintenance Staff, Manager on Site, Property Manager On-Site, Secure bike storage, Washer/Dryer in Unit, 1 & 2 Bedroom Luxury Lofts & Flats, 9' Ceilings, Clay Tile Walls, Controlled Access, Doggy Den, Downtown Charlottesville's Premiere Address, electricity, Elite 1% Power On Line Ranking!, Exposed Beams, Exposed Beams, Clay Tile Walls, Floor to Ceiling Windows, fully equipped kitchen, internet, Outdoor doggie den, Steps from Downtown and Miles from Ordinary",0,0,1780.0,1,1,0,0,1,0,0,1,0,0,1,0,0
Norcross Station,"300 4th St SE, Charlottesville, VA 22902",0.9,https://offgroundshousing.student.virginia.edu/housing/property/norcross-station/mfywg8h,1.0,1.0,"Total Monthly Price
$1,805",750,Available Now,,"Air Conditioning, Carpet, Ceiling Fans, Dishwasher, Extra Storage, Furnished, Garbage Disposal, Hardwood Floors, Heat - Central, Heat - Floor/Wall, Heating, High-Speed Internet Available, Kitchen, Loft, Microwave, BBQ/BBQ Area, Bike Racks, Close to Public Transportation, Elevator, Full-time Maintenance Staff, Manager on Site, Property Manager On-Site, Secure bike storage, Washer/Dryer in Unit, 1 & 2 Bedroom Luxury Lofts & Flats, 9' Ceilings, Clay Tile Walls, Controlled Access, Doggy Den, Downtown Charlottesville's Premiere Address, electricity, Elite 1% Power On Line Ranking!, Exposed Beams, Exposed Beams, Clay Tile Walls, Floor to Ceiling Windows, fully equipped kitchen, internet, Outdoor doggie den, Steps from Downtown and Miles from Ordinary",0,0,1805.0,1,1,0,0,1,0,0,1,0,0,1,0,0
Norcross Station,"300 4th St SE, Charlottesville, VA 22902",0.9,https://offgroundshousing.student.virginia.edu/housing/property/norcross-station/mfywg8h,1.0,1.0,"Total Monthly Price
$1,930",902,7/4/26,,"Air Conditioning, Carpet, Ceiling Fans, Dishwasher, Extra Storage, Furnished, Garbage Disposal, Hardwood Floors, Heat - Central, Heat - Floor/Wall, Heating, High-Speed Internet Available, Kitchen, Loft, Microwave, BBQ/BBQ Area, Bike Racks, Close to Public Transportation, Elevator, Full-time Maintenance Staff, Manager on Site, Property Manager On-Site, Secure bike storage, Washer/Dryer in Unit, 1 & 2 Bedroom Luxury Lofts & Flats, 9' Ceilings, Clay Tile Walls, Controlled Access, Doggy Den, Downtown Charlottesville's Premiere Address, electricity, Elite 1% Power On Line Ranking!, Exposed Beams, Exposed Beams, Clay Tile Walls, Floor to Ceiling Windows, fully equipped kitchen, internet, Outdoor doggie den, Steps from Downtown and Miles from Ordinary",0,0,1930.0,1,1,0,0,1,0,0,1,0,0,1,0,0
Norcross Station,"300 4th St SE, Charlottesville, VA 22902",0.9,https://offgroundshousing.student.virginia.edu/housing/property/norcross-station/mfywg8h,1.0,1.0,"Total Monthly Price
$1,955",965,7/4/26,,"Air Conditioning, Carpet, Ceiling Fans, Dishwasher, Extra Storage, Furnished, Garbage Disposal, Hardwood Floors, Heat - Central, Heat - Floor/Wall, Heating, High-Speed Internet Available, Kitchen, Loft, Microwave, BBQ/BBQ Area, Bike Racks, Close to Public Transportation, Elevator, Full-time Maintenance Staff, Manager on Site, Property Manager On-Site, Secure bike storage, Washer/Dryer in Unit, 1 & 2 Bedroom Luxury Lofts & Flats, 9' Ceilings, Clay Tile Walls, Controlled Access, Doggy Den, Downtown Charlottesville's Premiere Address, electricity, Elite 1% Power On Line Ranking!, Exposed Beams, Exposed Beams, Clay Tile Walls, Floor to Ceiling Windows, fully equipped kitchen, internet, Outdoor doggie den, Steps from Downtown and Miles from Ordinary",0,0,1955.0,1,1,0,0,1,0,0,1,0,0,1,0,0
Norcross Station,"300 4th St SE, Charlottesville, VA 22902",0.9,https://offgroundshousing.student.virginia.edu/housing/property/norcross-station/mfywg8h,1.0,1.0,"Total Monthly Price
$2,030","1,000",Available Now,,"Air Conditioning, Carpet, Ceiling Fans, Dishwasher, Extra Storage, Furnished, Garbage Disposal, Hardwood Floors, Heat - Central, Heat - Floor/Wall, Heating, High-Speed Internet Available, Kitchen, Loft, Microwave, BBQ/BBQ Area, Bike Racks, Close to Public Transportation, Elevator, Full-time Maintenance Staff, Manager on Site, Property Manager On-Site, Secure bike storage, Washer/Dryer in Unit, 1 & 2 Bedroom Luxury Lofts & Flats, 9' Ceilings, Clay Tile Walls, Controlled Access, Doggy Den, Downtown Charlottesville's Premiere Address, electricity, Elite 1% Power On Line Ranking!, Exposed Beams, Exposed Beams, Clay Tile Walls, Floor to Ceiling Windows, fully equipped kitchen, internet, Outdoor doggie den, Steps from Downtown and Miles from Ordinary",0,0,2030.0,1,1,0,0,1,0,0,1,0,0,1,0,0
Norcross Station,"300 4th St SE, Charlottesville, VA 22902",0.9,https://offgroundshousing.student.virginia.edu/housing/property/norcross-station/mfywg8h,2.0,1.0,"Total Monthly Price
$2,075","1,046",Available Now,,"Air Conditioning, Carpet, Ceiling Fans, Dishwasher, Extra Storage, Furnished, Garbage Disposal, Hardwood Floors, Heat - Central, Heat - Floor/Wall, Heating, High-Speed Internet Available, Kitchen, Loft, Microwave, BBQ/BBQ Area, Bike Racks, Close to Public Transportation, Elevator, Full-time Maintenance Staff, Manager on Site, Property Manager On-Site, Secure bike storage, Washer/Dryer in Unit, 1 & 2 Bedroom Luxury Lofts & Flats, 9' Ceilings, Clay Tile Walls, Controlled Access, Doggy Den, Downtown Charlottesville's Premiere Address, electricity, Elite 1% Power On Line Ranking!, Exposed Beams, Exposed Beams, Clay Tile Walls, Floor to Ceiling Windows, fully equipped kitchen, internet, Outdoor doggie den, Steps from Downtown and Miles from Ordinary",0,0,2075.0,1,1,0,0,1,0,0,1,0,0,1,0,0
Norcross Station,"300 4th St SE, Charlottesville, VA 22902",0.9,https://offgroundshousing.student.virginia.edu/housing/property/norcross-station/mfywg8h,2.0,1.0,"Total Monthly Price
$2,170",962,Available Now,,"Air Conditioning, Carpet, Ceiling Fans, Dishwasher, Extra Storage, Furnished, Garbage Disposal, Hardwood Floors, Heat - Central, Heat - Floor/Wall, Heating, High-Speed Internet Available, Kitchen, Loft, Microwave, BBQ/BBQ Area, Bike Racks, Close to Public Transportation, Elevator, Full-time Maintenance Staff, Manager on Site, Property Manager On-Site, Secure bike storage, Washer/Dryer in Unit, 1 & 2 Bedroom Luxury Lofts & Flats, 9' Ceilings, Clay Tile Walls, Controlled Access, Doggy Den, Downtown Charlottesville's Premiere Address, electricity, Elite 1% Power On Line Ranking!, Exposed Beams, Exposed Beams, Clay Tile Walls, Floor to Ceiling Windows, fully equipped kitchen, internet, Outdoor doggie den, Steps from Downtown and Miles from Ordinary",0,0,2170.0,1,1,0,0,1,0,0,1,0,0,1,0,0
The Standard Fully Furnished Modern 4B4B close to UVA McIntire (Girls),"853 West Main Street, Charlottesville, VA 22903",0.7,https://offgroundshousing.student.virginia.edu/housing/property/the-standard-fully-furnished-modern-4b4b-close-to-uva-mcintire-girls/ocpb2xzfrc,4.0,4.0,"Total Monthly Price
$1,145 / Bedroom
6 Month Lease","1,394",Available Now,6 Month Lease,"Air Conditioning, Carpet, Disability Accessible, Dishwasher, Furnished, Hardwood Floors, High-Speed Internet Available, Loft, Patio, Balcony, Porch or Deck, Fitness Room, Individual Leases, International Student Friendly, Near Bus Stop, Outdoor Rec Space, Pool, Roommate Matching, Laundry Access",1,0,1145.0,1,0,1,1,1,1,1,1,0,0,1,1,0
Jefferson Commons,"1620 Jefferson Park Ave, Charlottesville, VA 22903",0.0,https://offgroundshousing.student.virginia.edu/housing/property/jefferson-commons/ctk9q4e,1.0,1.0,"Total Monthly Price
$1,793
12 Month Lease",600,Not Available,12 month lease,"Business Center, Fitness Room, International Student Friendly, Pool, Hardwood Floors, High-Speed Internet Available, Kitchen, Washer/Dryer Hookups, Washer/Dryer in Unit",0,0,1793.0,0,1,0,1,1,1,0,0,0,0,0,0,0
Jefferson Commons,"1620 Jefferson Park Ave, Charlottesville, VA 22903",0.0,https://offgroundshousing.student.virginia.edu/housing/property/jefferson-commons/ctk9q4e,1.0,1.0,"Total Monthly Price
$2,004
12 Month Lease",600,Not Available,12 month lease,"Business Center, Fitness Room, International Student Friendly, Pool, Hardwood Floors, High-Speed Internet Available, Kitchen, Washer/Dryer Hookups, Washer/Dryer in Unit",0,0,2004.0,0,1,0,1,1,1,0,0,0,0,0,0,0
Jefferson Commons,"1620 Jefferson Park Ave, Charlottesville, VA 22903",0.0,https://offgroundshousing.student.virginia.edu/housing/property/jefferson-commons/ctk9q4e,4.0,2.0,"Total Monthly Price
$3,420
12 Month Lease","1,200",Not Available,12 month lease,"Business Center, Fitness Room, International Student Friendly, Pool, Hardwood Floors, High-Speed Internet Available, Kitchen, Washer/Dryer Hookups, Washer/Dryer in Unit",0,0,3420.0,0,1,0,1,1,1,0,0,0,0,0,0,0
Jefferson Commons,"1620 Jefferson Park Ave, Charlottesville, VA 22903",0.0,https://offgroundshousing.student.virginia.edu/housing/property/jefferson-commons/ctk9q4e,4.0,2.0,"Total Monthly Price
$4,405
12 Month Lease","1,200",Not Available,12 month lease,"Business Center, Fitness Room, International Student Friendly, Pool, Hardwood Floors, High-Speed Internet Available, Kitchen, Washer/Dryer Hookups, Washer/Dryer in Unit",0,0,4405.0,0,1,0,1,1,1,0,0,0,0,0,0,0
Sunny 1Bd/1Ba top floor condo with cathedral ceilings and fireplace,"1243 Cedars Court B-19, Charlottesville, VA 22903",0.9,https://offgroundshousing.student.virginia.edu/housing/property/sunny-1bd-1ba-top-floor-condo-with-cathedral-ceilings-and-fireplace/ocp4lkmzsj,1.0,1.0,"Total Monthly Price
$1,200
12 Month Lease",700,6/1/26,12 Month Lease,"Air Conditioning, Dishwasher, Fireplace, Hardwood Floors, High-Speed Internet Available, Patio, Balcony, Porch or Deck, Smoke-Free, Near Bus Stop, Pool, Washer/Dryer in Unit",0,0,1200.0,1,1,1,0,1,1,1,0,0,0,0,0,0
1.4 Miles to UVA Private Country Setting 1 bdrm 1 bath $1865.00 month Furnished Utilities Included,"1440 5th Street Apt C, Charlottesville, VA 22902",2.0,https://offgroundshousing.student.virginia.edu/housing/property/1-4-miles-to-uva-private-country-setting-1-bdrm-1-bath-1865-00-month-furnished-utilities-included/ocp26np18c,1.0,1.0,"Total Monthly Price
$1,865
3 Month Lease",,5/1/26,3 Month Lease,"Air Conditioning, Dishwasher, Furnished, High-Speed Internet Available, Smoke-Free, Laundry Access, Near Bus Stop",0,0,1865.0,1,0,0,0,1,0,1,1,0,0,0,0,0
Ivy Gardens Apartment near Darden and Law School,"128 Ivy Drive Apt 4, Charlottesville, VA 22903",0.3,https://offgroundshousing.student.virginia.edu/housing/property/ivy-gardens-apartment-near-darden-and-law-school/ocp572qkbm,1.0,1.0,"Total Monthly Price
$1,435
2 Month Lease",600,,2 Month Lease,"Air Conditioning, Carpet, Dishwasher, Furnished, High-Speed Internet Available, Fitness Room, International Student Friendly, Pool, Laundry Room in Community",0,0,1435.0,1,0,0,1,1,1,0,1,0,1,1,0,0
Blue Ridge Crossing Apartments & Townhomes,"2639 Barracks Rd, Charlottesville, VA 22901",1.8,https://offgroundshousing.student.virginia.edu/housing/property/blue-ridge-crossing-apartments-and-townhomes/wk6b9dh,,1.0,"Total Monthly Price
$1,430 - $2,008",459,6/22/26,,"Air Conditioning, Carpet, Dining Room, Dishwasher, Garbage Disposal, Gas Stove, Hardwood Floors, Heat - Central, Heat - Floor/Wall, Heating, High-Speed Internet Available, Kitchen, Laminate Floors, Patio, Balcony, Porch or Deck, Clubhouse, Fitness Room, Full-time Maintenance Staff, Manager on Site, Outdoor Rec Space, Playground, Playground On-Site, Pool, Property Manager On-Site, Laundry Access, Laundry Room in Community, Washer/Dryer in Unit, Large Closets, Park and Outdoor Grilling Areas, Patio/Balcony, Renovated homes available",0,0,1719.0,1,1,1,1,1,1,0,0,0,1,1,0,0
Blue Ridge Crossing Apartments & Townhomes,"2639 Barracks Rd, Charlottesville, VA 22901",1.8,https://offgroundshousing.student.virginia.edu/housing/property/blue-ridge-crossing-apartments-and-townhomes/wk6b9dh,,1.0,Call for Rent,459,Not Available,,"Air Conditioning, Carpet, Dining Room, Dishwasher, Garbage Disposal, Gas Stove, Hardwood Floors, Heat - Central, Heat - Floor/Wall, Heating, High-Speed Internet Available, Kitchen, Laminate Floors, Patio, Balcony, Porch or Deck, Clubhouse, Fitness Room, Full-time Maintenance Staff, Manager on Site, Outdoor Rec Space, Playground, Playground On-Site, Pool, Property Manager On-Site, Laundry Access, Laundry Room in Community, Washer/Dryer in Unit, Large Closets, Park and Outdoor Grilling Areas, Patio/Balcony, Renovated homes available",0,1,,1,1,1,1,1,1,0,0,0,1,1,0,0
Blue Ridge Crossing Apartments & Townhomes,"2639 Barracks Rd, Charlottesville, VA 22901",1.8,https://offgroundshousing.student.virginia.edu/housing/property/blue-ridge-crossing-apartments-and-townhomes/wk6b9dh,1.0,1.0,"Total Monthly Price
$1,460 - $1,998",726 - 757,Available Now,,"Air Conditioning, Carpet, Dining Room, Dishwasher, Garbage Disposal, Gas Stove, Hardwood Floors, Heat - Central, Heat - Floor/Wall, Heating, High-Speed Internet Available, Kitchen, Laminate Floors, Patio, Balcony, Porch or Deck, Clubhouse, Fitness Room, Full-time Maintenance Staff, Manager on Site, Outdoor Rec Space, Playground, Playground On-Site, Pool, Property Manager On-Site, Laundry Access, Laundry Room in Community, Washer/Dryer in Unit, Large Closets, Park and Outdoor Grilling Areas, Patio/Balcony, Renovated homes available",0,0,1729.0,1,1,1,1,1,1,0,0,0,1,1,0,0
Blue Ridge Crossing Apartments & Townhomes,"2639 Barracks Rd, Charlottesville, VA 22901",1.8,https://offgroundshousing.student.virginia.edu/housing/property/blue-ridge-crossing-apartments-and-townhomes/wk6b9dh,1.0,1.0,Call for Rent,757,Not Available,,"Air Conditioning, Carpet, Dining Room, Dishwasher, Garbage Disposal, Gas Stove, Hardwood Floors, Heat - Central, Heat - Floor/Wall, Heating, High-Speed Internet Available, Kitchen, Laminate Floors, Patio, Balcony, Porch or Deck, Clubhouse, Fitness Room, Full-time Maintenance Staff, Manager on Site, Outdoor Rec Space, Playground, Playground On-Site, Pool, Property Manager On-Site, Laundry Access, Laundry Room in Community, Washer/Dryer in Unit, Large Closets, Park and Outdoor Grilling Areas, Patio/Balcony, Renovated homes available",0,1,,1,1,1,1,1,1,0,0,0,1,1,0,0
Blue Ridge Crossing Apartments & Townhomes,"2639 Barracks Rd, Charlottesville, VA 22901",1.8,https://offgroundshousing.student.virginia.edu/housing/property/blue-ridge-crossing-apartments-and-townhomes/wk6b9dh,1.0,1.0,Call for Rent,512,Not Available,,"Air Conditioning, Carpet, Dining Room, Dishwasher, Garbage Disposal, Gas Stove, Hardwood Floors, Heat - Central, Heat - Floor/Wall, Heating, High-Speed Internet Available, Kitchen, Laminate Floors, Patio, Balcony, Porch or Deck, Clubhouse, Fitness Room, Full-time Maintenance Staff, Manager on Site, Outdoor Rec Space, Playground, Playground On-Site, Pool, Property Manager On-Site, Laundry Access, Laundry Room in Community, Washer/Dryer in Unit, Large Closets, Park and Outdoor Grilling Areas, Patio/Balcony, Renovated homes available",0,1,,1,1,1,1,1,1,0,0,0,1,1,0,0
Blue Ridge Crossing Apartments & Townhomes,"2639 Barracks Rd, Charlottesville, VA 22901",1.8,https://offgroundshousing.student.virginia.edu/housing/property/blue-ridge-crossing-apartments-and-townhomes/wk6b9dh,2.0,1.0,"Total Monthly Price
$1,440 - $2,235",740 - 816,4/13/26,,"Air Conditioning, Carpet, Dining Room, Dishwasher, Garbage Disposal, Gas Stove, Hardwood Floors, Heat - Central, Heat - Floor/Wall, Heating, High-Speed Internet Available, Kitchen, Laminate Floors, Patio, Balcony, Porch or Deck, Clubhouse, Fitness Room, Full-time Maintenance Staff, Manager on Site, Outdoor Rec Space, Playground, Playground On-Site, Pool, Property Manager On-Site, Laundry Access, Laundry Room in Community, Washer/Dryer in Unit, Large Closets, Park and Outdoor Grilling Areas, Patio/Balcony, Renovated homes available",0,0,1837.5,1,1,1,1,1,1,0,0,0,1,1,0,0
Blue Ridge Crossing Apartments & Townhomes,"2639 Barracks Rd, Charlottesville, VA 22901",1.8,https://offgroundshousing.student.virginia.edu/housing/property/blue-ridge-crossing-apartments-and-townhomes/wk6b9dh,2.0,1.0,"Total Monthly Price
$1,690 - $2,294",783,Available Now,,"Air Conditioning, Carpet, Dining Room, Dishwasher, Garbage Disposal, Gas Stove, Hardwood Floors, Heat - Central, Heat - Floor/Wall, Heating, High-Speed Internet Available, Kitchen, Laminate Floors, Patio, Balcony, Porch or Deck, Clubhouse, Fitness Room, Full-time Maintenance Staff, Manager on Site, Outdoor Rec Space, Playground, Playground On-Site, Pool, Property Manager On-Site, Laundry Access, Laundry Room in Community, Washer/Dryer in Unit, Large Closets, Park and Outdoor Grilling Areas, Patio/Balcony, Renovated homes available",0,0,1992.0,1,1,1,1,1,1,0,0,0,1,1,0,0
Blue Ridge Crossing Apartments & Townhomes,"2639 Barracks Rd, Charlottesville, VA 22901",1.8,https://offgroundshousing.student.virginia.edu/housing/property/blue-ridge-crossing-apartments-and-townhomes/wk6b9dh,2.0,1.0,Call for Rent,955,Not Available,,"Air Conditioning, Carpet, Dining Room, Dishwasher, Garbage Disposal, Gas Stove, Hardwood Floors, Heat - Central, Heat - Floor/Wall, Heating, High-Speed Internet Available, Kitchen, Laminate Floors, Patio, Balcony, Porch or Deck, Clubhouse, Fitness Room, Full-time Maintenance Staff, Manager on Site, Outdoor Rec Space, Playground, Playground On-Site, Pool, Property Manager On-Site, Laundry Access, Laundry Room in Community, Washer/Dryer in Unit, Large Closets, Park and Outdoor Grilling Areas, Patio/Balcony, Renovated homes available",0,1,,1,1,1,1,1,1,0,0,0,1,1,0,0
Blue Ridge Crossing Apartments & Townhomes,"2639 Barracks Rd, Charlottesville, VA 22901",1.8,https://offgroundshousing.student.virginia.edu/housing/property/blue-ridge-crossing-apartments-and-townhomes/wk6b9dh,2.0,1.0,Call for Rent,740,Not Available,,"Air Conditioning, Carpet, Dining Room, Dishwasher, Garbage Disposal, Gas Stove, Hardwood Floors, Heat - Central, Heat - Floor/Wall, Heating, High-Speed Internet Available, Kitchen, Laminate Floors, Patio, Balcony, Porch or Deck, Clubhouse, Fitness Room, Full-time Maintenance Staff, Manager on Site, Outdoor Rec Space, Playground, Playground On-Site, Pool, Property Manager On-Site, Laundry Access, Laundry Room in Community, Washer/Dryer in Unit, Large Closets, Park and Outdoor Grilling Areas, Patio/Balcony, Renovated homes available",0,1,,1,1,1,1,1,1,0,0,0,1,1,0,0
Blue Ridge Crossing Apartments & Townhomes,"2639 Barracks Rd, Charlottesville, VA 22901",1.8,https://offgroundshousing.student.virginia.edu/housing/property/blue-ridge-crossing-apartments-and-townhomes/wk6b9dh,2.0,1.0,Call for Rent,,Not Available,,"Air Conditioning, Carpet, Dining Room, Dishwasher, Garbage Disposal, Gas Stove, Hardwood Floors, Heat - Central, Heat - Floor/Wall, Heating, High-Speed Internet Available, Kitchen, Laminate Floors, Patio, Balcony, Porch or Deck, Clubhouse, Fitness Room, Full-time Maintenance Staff, Manager on Site, Outdoor Rec Space, Playground, Playground On-Site, Pool, Property Manager On-Site, Laundry Access, Laundry Room in Community, Washer/Dryer in Unit, Large Closets, Park and Outdoor Grilling Areas, Patio/Balcony, Renovated homes available",0,1,,1,1,1,1,1,1,0,0,0,1,1,0,0
204 Montebello Circle Apt#3,"204 Montebello Circle Apt#3, Charlottesville, VA 22903",0.3,https://offgroundshousing.student.virginia.edu/housing/property/204-montebello-circle-apt-3/ocpjnsf2h6,2.0,1.0,"Total Monthly Price
$1,500
12 Month Lease",,8/1/26,12 month lease,"High-Speed Internet Available, Patio, Balcony, Porch or Deck, Laundry Room in Community, No Laundry in Unit",0,0,1500.0,0,0,1,0,1,0,0,0,0,1,0,0,0
Studio Apartment 112 Cleveland Ave C Available April 1st 2026,"112 Cleveland Avenue Apt C, Charlottesville, VA 22903",0.5,https://offgroundshousing.student.virginia.edu/housing/property/studio-apartment-112-cleveland-ave-c-available-april-1st-2026/ocp6q9ex5r,,1.0,"Total Monthly Price
$1,625
12 Month Lease",,4/1/26,12 Month Lease,"Air Conditioning, High-Speed Internet Available, Patio, Balcony, Porch or Deck, Smoke-Free, Near Bus Stop, Washer/Dryer in Unit",0,0,1625.0,0,1,1,0,1,0,1,0,0,0,0,0,0
2Br 2 Bath with FREE UVA Shuttle Service,"192 Yellowstone Drive, Charlottesville, VA 22903",0.9,https://offgroundshousing.student.virginia.edu/housing/property/2br-2-bath-with-free-uva-shuttle-service/ocpp2s5r6s,2.0,2.0,"Total Monthly Price
$2,400
2 Month Lease",900,4/2/26,2 Month Lease,"Air Conditioning, Carpet, Dishwasher, Patio, Balcony, Porch or Deck, Smoke-Free, Fitness Room, International Student Friendly, Near Bus Stop, Pool, Washer/Dryer in Unit",0,0,2400.0,1,1,1,1,0,1,1,0,0,0,1,0,0
"1 Bdrm Eficiency Apartment, UVA & Fry Springs Area Available June 8, 2026","112 Cleveland Avenue Apt D, Chalottesville, VA 22903",0.5,https://offgroundshousing.student.virginia.edu/housing/property/1-bdrm-eficiency-apartment-uva-and-fry-springs-area-available-june-8-2026/ocpzcycmfy,1.0,1.0,"Total Monthly Price
$1,675
12 Month Lease",,6/8/26,"12 month lease, 2 Year","Air Conditioning, High-Speed Internet Available, Patio, Balcony, Porch or Deck, Smoke-Free, Near Bus Stop, Washer/Dryer in Unit",0,0,1675.0,0,1,1,0,1,0,1,0,0,0,0,0,0
"Quiet, Comfortable 1 Bedroom Apartment Available (30 min from UVA)",,26.8,https://offgroundshousing.student.virginia.edu/housing/property/quiet-comfortable-1-bedroom-apartment-available-30-min-from-uva/ocpwnbsfjh,1.0,1.0,"Total Monthly Price
$1,100
12 Month Lease",,Available Now,12 Month Lease,"Air Conditioning, Carpet, Furnished, High-Speed Internet Available, Patio, Balcony, Porch or Deck, Smoke-Free, Individual Leases, Laundry Access, Washer/Dryer in Unit",0,0,1100.0,0,1,1,0,1,0,0,1,0,0,1,1,0
River Setting 2 bdrm / 1 bath Country Setting 410 Dorrier Dr 1,"410 Dorrier Drive Apt 1, Charlottesville, VA 22911",4.3,https://offgroundshousing.student.virginia.edu/housing/property/river-setting-2-bdrm-1-bath-country-setting-410-dorrier-dr-1/ocph50mb80,2.0,1.0,"$1,500
Plus Fees
12 Month Lease",,4/1/26,12 Month Lease,"Air Conditioning, Hardwood Floors, Patio, Balcony, Porch or Deck, Smoke-Free, Near Bus Stop, Washer/Dryer in Unit",0,0,1500.0,0,1,1,0,0,0,1,0,0,0,0,0,0
University Apartments,"627 Cabell Avenue Apartment F, Charlottesville, VA 22903",0.4,https://offgroundshousing.student.virginia.edu/housing/property/university-apartments/ocppejb8zs,2.0,1.0,"Total Monthly Price
$1,050
2 Month Lease",775,,2 Month Lease,"Air Conditioning, Dishwasher, Hardwood Floors, Individual Leases, International Student Friendly, Near Bus Stop, Laundry Access, Laundry Room in Community, No Laundry in Unit",0,0,1050.0,1,0,0,0,0,0,1,0,0,1,0,1,0
2308 Fontaine,"2308 Fontaine, Charlottesville, VA 22903",0.2,https://offgroundshousing.student.virginia.edu/housing/property/2308-fontaine/ocp5bnzrwm,4.0,2.0,"$3,200","1,530",Available Now,,"Refrigerator, Stove, Washer/Dryer in Unit, Freshly renovated, Great UVA \/ hospital location, Perfect Fontaine Location, Spacious",0,0,3200.0,0,1,0,0,0,0,0,0,0,0,1,0,0
Spacious Newly Built Townhouse,"117 Flint Drive, Charlottesville, VA 22903",1.3,https://offgroundshousing.student.virginia.edu/housing/property/spacious-newly-built-townhouse/ocpr3604x1,4.0,3.5,"Total Monthly Price
$1,200 / Bedroom
12 Month Lease","2,100",6/1/26,12 Month Lease,"Air Conditioning, Carpet, Dishwasher, Furnished, Hardwood Floors, High-Speed Internet Available, Patio, Balcony, Porch or Deck, Smoke-Free, Individual Leases, International Student Friendly, Near Bus Stop, Laundry Access, Washer/Dryer in Unit",1,0,1200.0,1,1,1,0,1,0,1,1,0,0,1,1,0
130 Apple Tree Road,"130 Apple Tree Road, Charlottesville, VA 22903",0.2,https://offgroundshousing.student.virginia.edu/housing/property/130-apple-tree-road/ocpdnq1nel,1.0,1.0,"$1,250",,Available Now,,"Patio, Balcony, Porch or Deck, Refrigerator, Stove, None, Off Street Parking, One Bedroom, Perfect UVA location!, Shared Laundry, Shared washer\/dryer, Shared Yard, Stadium Road Location, Water\/sewer = $40\/person",0,0,1250.0,0,0,1,0,0,0,0,0,1,0,1,0,0
130 Apple Tree Road,"130 Apple Tree Road, Charlottesville, VA 22903",0.2,https://offgroundshousing.student.virginia.edu/housing/property/130-apple-tree-road/ocpdnq1nel,2.0,1.0,"$1,725",851,Available Now,,"Patio, Balcony, Porch or Deck, Refrigerator, Stove, None, Off Street Parking, One Bedroom, Perfect UVA location!, Shared Laundry, Shared washer\/dryer, Shared Yard, Stadium Road Location, Water\/sewer = $40\/person",0,0,1725.0,0,0,1,0,0,0,0,0,1,0,1,0,0
Arlington Court Refreshed and Ready 2-Bedroom Condo,"2434 Arlington Boulevard D3, Charlottesville, VA 22903",0.0,https://offgroundshousing.student.virginia.edu/housing/property/arlington-court-refreshed-and-ready-2-bedroom-condo/ocprqwccz0,2.0,1.5,"Total Monthly Price
$1,950
12 Month Lease","1,500",Available Now,12 Month Lease,"Air Conditioning, Carpet, Dishwasher, Hardwood Floors, Patio, Balcony, Porch or Deck, Near Bus Stop, Washer/Dryer in Unit",0,0,1950.0,1,1,1,0,0,0,1,0,0,0,1,0,0
"515 14th St, Apt B: 3-Bedroom 2 Bath Apartment!!! Prime Location!!! 2026-2027","515 14th Street Northwest, Charlottesville, VA 22903",0.6,https://offgroundshousing.student.virginia.edu/housing/property/515-14th-st-apt-b-3-bedroom-2-bath-apartment-prime-location-2026-2027/ocpsgqe9g4,3.0,2.0,"$1,275 / Bedroom
Plus Fees
12 Month Lease",,6/8/26,12 Month Lease,"Air Conditioning, Dishwasher, Hardwood Floors, High-Speed Internet Available, Patio, Balcony, Porch or Deck, Smoke-Free, Near Bus Stop, Washer/Dryer in Unit",1,0,1275.0,1,1,1,0,1,0,1,0,0,0,0,0,0
Well-furnished room in quiet house near Grounds,"1955 Lewis Mountain Road, Charlottesville, VA 22903",0.3,https://offgroundshousing.student.virginia.edu/housing/property/well-furnished-room-in-quiet-house-near-grounds/ocplq8q56d,1.0,1.0,"Total Monthly Price
$1,170 / Bedroom
12 Month Lease",135,6/1/26,12 month lease,"Air Conditioning, Carpet, Dishwasher, Furnished, Hardwood Floors, High-Speed Internet Available, Patio, Balcony, Porch or Deck, Smoke-Free, Individual Leases, Near Bus Stop, Outdoor Rec Space, Washer/Dryer in Unit",1,0,1170.0,1,1,1,0,1,0,1,1,0,0,1,1,0
"415 2nd Street, NE","415 2nd Street NE, Charlottesville, VA 22902",1.6,https://offgroundshousing.student.virginia.edu/housing/property/415-2nd-street-ne/ocpjp76b15,1.0,1.0,"$1,625",652,Available Now,,"Refrigerator, Stove, Deck overlooking gardens, Downtown, Elegant apartment building, Exposed brick wall, Hardwood Floors, Shared Laundry, Shared washer\/dryer, Trash Collection, Water\/Sewer = $15\/person, Yard Maintenance",0,0,1625.0,0,0,0,0,0,0,0,0,0,0,0,0,0
Shamrock Apartments,"102 Shamrock Road, Charlottesville, VA 22903",0.2,https://offgroundshousing.student.virginia.edu/housing/property/shamrock-apartments/ocp8rp6mf0,1.0,1.0,"Total Monthly Price
$682 - $712 / Bedroom
7 Month Lease",,,7 Month Lease,"Air Conditioning, Carpet, High-Speed Internet Available, International Student Friendly, Near Bus Stop, Laundry Room in Community",1,0,697.0,0,0,0,0,1,0,1,0,0,1,1,0,0
1440 5th St B / 2 Bdrm / 1 Bath 64 Access,"1440 5th Street, Charlottesville, VA 22902",2.0,https://offgroundshousing.student.virginia.edu/housing/property/1440-5th-st-b-2-bdrm-1-bath-64-access/ocpf4y8yes,2.0,1.0,"$1,650
Plus Fees
12 Month Lease",,Available Now,12 Month Lease,"Air Conditioning, Hardwood Floors, High-Speed Internet Available, Patio, Balcony, Porch or Deck, Smoke-Free, Near Bus Stop, Washer/Dryer in Unit",0,0,1650.0,0,1,1,0,1,0,1,0,0,0,0,0,0
Grandmarc At The Corner,,0.6,https://offgroundshousing.student.virginia.edu/housing/property/grandmarc-at-the-corner/ocpjstkfb4,1.0,1.0,"Total Monthly Price
$1,375 / Bedroom
7 Month Lease",914,,7 Month Lease,"Air Conditioning, Carpet, Dishwasher, Furnished, Hardwood Floors, High-Speed Internet Available, Patio, Balcony, Porch or Deck, Smoke-Free, Fitness Room, Individual Leases, International Student Friendly, Near Bus Stop, Outdoor Rec Space, Pool, Washer/Dryer in Unit",1,0,1375.0,1,1,1,1,1,1,1,1,0,0,1,1,0
2026-2027 School Year 109 Kent Terr D 3 BDRM / 1 Bath,"109 Kent Terrace D, Charlottesville, VA 22903",200.0,https://offgroundshousing.student.virginia.edu/housing/property/2026-2027-school-year-109-kent-terr-d-3-bdrm-1-bath/ocpzgz8hqw,3.0,1.0,"$2,825
Plus Fees
12 Month Lease",,7/9/26,12 Month Lease,"Air Conditioning, Carpet, Hardwood Floors, High-Speed Internet Available, Smoke-Free, Near Bus Stop, Washer/Dryer in Unit",0,0,2825.0,0,1,0,0,1,0,1,0,0,0,1,0,0
Sublease for 1B1B at The Monroe,"429 Monroe Lane, Charlottesville, VA 22903",0.1,https://offgroundshousing.student.virginia.edu/housing/property/sublease-for-1b1b-at-the-monroe/ocpk23q02c,1.0,1.0,"Total Monthly Price
$950 / Bedroom
2 Month Lease",,5/25/26,2 Month Lease,"Air Conditioning, Carpet, Disability Accessible, Dishwasher, Furnished, Hardwood Floors, High-Speed Internet Available, Patio, Balcony, Porch or Deck, Washer/Dryer in Unit",1,0,950.0,1,1,1,0,1,0,0,1,0,0,1,0,0
"301 7th Street, SW - 2BR/1.0BA","301 7th Street SW, Charlottesville, VA 22903",1.0,https://offgroundshousing.student.virginia.edu/housing/property/301-7th-street-sw-2br-1-0ba/ocpdkc1k5j,2.0,1.0,"$1,995
Plus Fees",869,Available Now,,"Dishwasher, Refrigerator, Stove, Washer/Dryer in Unit, Freshly renovated, Furnished or unfurnished., Good natural light, Includes internet, Includes water\/sewer, near downtown\/ UVA, Near UVA Hospital, Pets allowed!, Shared washer\/dryer, Short term furnished is additional cost., Short term or long term, Sought after 5th street Corridor, Water\/Sewer",0,0,1995.0,1,1,0,0,0,0,0,1,0,0,1,0,0
Sublet opportunity at Jefferson Ridge!,"1046 Tupelo Court, Charlottesville, VA 22903",1.4,https://offgroundshousing.student.virginia.edu/housing/property/sublet-opportunity-at-jefferson-ridge/ocpbpwccv9,1.0,1.0,"Total Monthly Price
$880 - $890 / Bedroom
5 Month Lease",,,5 Month Lease,"Air Conditioning, Dishwasher, Hardwood Floors, High-Speed Internet Available, Patio, Balcony, Porch or Deck, Smoke-Free, Fitness Room, International Student Friendly, Outdoor Rec Space, Pool, Tennis Court, Laundry Access, Washer/Dryer in Unit",1,0,885.0,1,1,1,1,1,1,0,0,0,0,0,0,0
Tarleton Square,"701 E High St, Charlottesville, VA 22902",1.9,https://offgroundshousing.student.virginia.edu/housing/property/tarleton-square/p5x4wkr,,1.0,"$1,409
Plus Fees",446,Available Now,,"Air Conditioning, Bright/natural lighting, Carpet, Ceiling Fans, Dining Room, Dishwasher, Extra Storage, Furnished, Garbage Disposal, Heat - Central, Heat - Floor/Wall, Heating, High-Speed Internet Available, Kitchen, Laminate Floors, BBQ/BBQ Area, Clubhouse, Community Lounge, Elevator, Fitness Room, Full-time Maintenance Staff, Manager on Site, Property Manager On-Site, Walk to campus, Laundry Access, Laundry Room in Community, Washer/Dryer in Unit, Ceiling Fan, Elevator, Fully Furnished, Snack Room, Vending Machines",0,0,1409.0,1,1,0,1,1,0,0,1,0,1,1,0,0
Tarleton Square,"701 E High St, Charlottesville, VA 22902",1.9,https://offgroundshousing.student.virginia.edu/housing/property/tarleton-square/p5x4wkr,1.0,1.0,"$1,514 - $1,600
Plus Fees",781,Available Now,,"Air Conditioning, Bright/natural lighting, Carpet, Ceiling Fans, Dining Room, Dishwasher, Extra Storage, Furnished, Garbage Disposal, Heat - Central, Heat - Floor/Wall, Heating, High-Speed Internet Available, Kitchen, Laminate Floors, BBQ/BBQ Area, Clubhouse, Community Lounge, Elevator, Fitness Room, Full-time Maintenance Staff, Manager on Site, Property Manager On-Site, Walk to campus, Laundry Access, Laundry Room in Community, Washer/Dryer in Unit, Ceiling Fan, Elevator, Fully Furnished, Snack Room, Vending Machines",0,0,1557.0,1,1,0,1,1,0,0,1,0,1,1,0,0
Tarleton Square,"701 E High St, Charlottesville, VA 22902",1.9,https://offgroundshousing.student.virginia.edu/housing/property/tarleton-square/p5x4wkr,2.0,2.0,"$1,574 - $1,904
Plus Fees","1,004",Not Available,,"Air Conditioning, Bright/natural lighting, Carpet, Ceiling Fans, Dining Room, Dishwasher, Extra Storage, Furnished, Garbage Disposal, Heat - Central, Heat - Floor/Wall, Heating, High-Speed Internet Available, Kitchen, Laminate Floors, BBQ/BBQ Area, Clubhouse, Community Lounge, Elevator, Fitness Room, Full-time Maintenance Staff, Manager on Site, Property Manager On-Site, Walk to campus, Laundry Access, Laundry Room in Community, Washer/Dryer in Unit, Ceiling Fan, Elevator, Fully Furnished, Snack Room, Vending Machines",0,0,1739.0,1,1,0,1,1,0,0,1,0,1,1,0,0
Summer sublet: One bedroom in furnished 2 BR/1BA apartment. Less than 10 min. walk to campus,"1800 Jefferson Park Avenue, Charlottesville, VA 22903",0.1,https://offgroundshousing.student.virginia.edu/housing/property/summer-sublet-one-bedroom-in-furnished-2-br-1ba-apartment-less-than-10-min-walk-to-campus/ocp5sqj8cp,2.0,1.0,"Total Monthly Price
$1,300 / Bedroom
3 Month Lease",854,5/20/26,3 Month Lease,"Air Conditioning, Dishwasher, Furnished, Hardwood Floors, High-Speed Internet Available, Patio, Balcony, Porch or Deck, Smoke-Free, Individual Leases, Near Bus Stop, Pool, Roommate Matching, Laundry Room in Community, Washer/Dryer in Unit",1,0,1300.0,1,1,1,0,1,1,1,1,0,1,0,1,0
Pavilions,"2112 Jefferson Park Ave, Charlottesville, VA 22903",0.3,https://offgroundshousing.student.virginia.edu/housing/property/pavilions/gn6lwzz,4.0,3.0,Call for Rent,,Available Soon,12 month lease,"Air Conditioning, Dishwasher, Granite Countertops, Heat - Central, Heat - Floor/Wall, Heating, High-Speed Internet Available, Kitchen, Microwave, Refrigerator, Stove",0,1,,1,0,0,0,1,0,0,0,0,0,0,0,0
"Furnished North Downtown apartment - Close to UVA Grounds, UVA Hospital and Downtown Mall","511 1st Street North - Apt 204, Charlottesville, VA 22902",1.8,https://offgroundshousing.student.virginia.edu/housing/property/furnished-north-downtown-apartment-close-to-uva-grounds-uva-hospital-and-downtown-mall/ocpk83hy0b,1.0,1.0,"Total Monthly Price
$1,800
12 Month Lease",706,3/1/27,12 Month Lease,"Air Conditioning, Dishwasher, Furnished, Hardwood Floors, High-Speed Internet Available, Patio, Balcony, Porch or Deck, Smoke-Free, International Student Friendly, Near Bus Stop, Outdoor Rec Space, Laundry Room in Community",0,0,1800.0,1,0,1,0,1,0,1,1,0,1,0,0,0
Graduate Centre,"1982 Arlington Blvd, Charlottesville, VA 22903",0.2,https://offgroundshousing.student.virginia.edu/housing/property/graduate-centre/jlhsj24,1.0,1.0,"$790 - $905 / Bedroom
Plus Fees
12 Month Lease",341,7/3/26,12 Month Lease,"Air Conditioning, Bright/natural lighting, Smoke-Free, Close to Public Transportation, Composting, Laundry Access, Laundry Room in Community, Individual Leases, Just A Block From Uva Law & Darden, Near Barrack Road Shopping Center, Private Bed/bath Suites, Private Entrance, Upgrade 1, Upgrade 2, Utilities Are Included Within Rent, Utility Fee",1,0,847.5,0,0,0,0,0,0,0,0,0,1,0,1,0
Graduate Centre,"1982 Arlington Blvd, Charlottesville, VA 22903",0.2,https://offgroundshousing.student.virginia.edu/housing/property/graduate-centre/jlhsj24,1.0,1.0,"$890 - $1,000 / Bedroom
Plus Fees
12 Month Lease",387,7/31/26,12 Month Lease,"Air Conditioning, Bright/natural lighting, Smoke-Free, Close to Public Transportation, Composting, Laundry Access, Laundry Room in Community, Individual Leases, Just A Block From Uva Law & Darden, Near Barrack Road Shopping Center, Private Bed/bath Suites, Private Entrance, Upgrade 1, Upgrade 2, Utilities Are Included Within Rent, Utility Fee",1,0,945.0,0,0,0,0,0,0,0,0,0,1,0,1,0
Quiet 1 Bedroom Basement Apt -,"1619 King Mountain Rd., Charlottesville, VA 22901",1.7,https://offgroundshousing.student.virginia.edu/housing/property/quiet-1-bedroom-basement-apt/ocp89zjgj2,1.0,1.0,"Total Monthly Price
$1,490
9 Month Lease",,Available Now,9 Month Lease,"Air Conditioning, Carpet, Dishwasher, Furnished, High-Speed Internet Available, Patio, Balcony, Porch or Deck, Smoke-Free, Laundry Access",0,0,1490.0,1,0,1,0,1,0,0,1,0,0,1,0,0
1110 Wertland Street,"1110 Wertland Street, Charlottesville, VA 22903",0.2,https://offgroundshousing.student.virginia.edu/housing/property/1110-wertland-street/ocpm13wprl,1.0,1.0,"$1,699
Plus Fees
12 Month Lease",,8/3/26,12 Month Lease,"Air Conditioning, Dishwasher, Hardwood Floors, Smoke-Free, Laundry Access, Near Bus Stop",0,0,1699.0,1,0,0,0,0,0,1,0,0,0,0,0,0
1110 Wertland Street,"1110 Wertland Street, Charlottesville, VA 22903",0.2,https://offgroundshousing.student.virginia.edu/housing/property/1110-wertland-street/ocpm13wprl,1.0,1.0,"$1,799
Plus Fees
12 Month Lease",,8/3/26,12 Month Lease,"Air Conditioning, Dishwasher, Hardwood Floors, Smoke-Free, Laundry Access, Near Bus Stop",0,0,1799.0,1,0,0,0,0,0,1,0,0,0,0,0,0
JPA APARTMENT - ROOM AVAILABLE,"2104 Jefferson Park Avenue, Charlottesville, VA 22903",0.1,https://offgroundshousing.student.virginia.edu/housing/property/jpa-apartment-room-available/ocpp66p04t,1.0,2.0,"Total Monthly Price
$670 / Bedroom
12 Month Lease",952,8/1/26,12 Month Lease,"Air Conditioning, Carpet, Dishwasher, High-Speed Internet Available, Smoke-Free, Individual Leases, Near Bus Stop, Roommate Matching, No Laundry in Unit",1,0,670.0,1,0,0,0,1,0,1,0,0,0,1,1,0
1205 Wertland St. - Now Leasing for 2026-2027,"1205 Wertland Street, Charlottesville, VA 22903",0.2,https://offgroundshousing.student.virginia.edu/housing/property/1205-wertland-st-now-leasing-for-2026-2027/ocpg642emy,3.0,2.0,"$1,167 - $1,217 / Bedroom
Plus Fees
12 Month Lease","1,375",8/1/26,12 month lease,"Air Conditioning, Dishwasher, Hardwood Floors, High-Speed Internet Available, Patio, Balcony, Porch or Deck, Smoke-Free, International Student Friendly, Near Bus Stop, Laundry Room in Community",1,0,1192.0,1,0,1,0,1,0,1,0,0,1,0,0,0
3-Room townhouse close to campus,"630 Cabell Avenue, Charlottesville, VA 22903",0.5,https://offgroundshousing.student.virginia.edu/housing/property/3-room-townhouse-close-to-campus/ocpnsl14hq,1.0,3.5,"Total Monthly Price
$1,260 / Bedroom
12 Month Lease","1,935",6/1/26,12 Month Lease,"Air Conditioning, Carpet, Dishwasher, Hardwood Floors, High-Speed Internet Available, Smoke-Free, Near Bus Stop, Washer/Dryer in Unit",1,0,1260.0,1,1,0,0,1,0,1,0,0,0,1,0,0
Jefferson Ridge Apartment Homes,"810 Catalpa Ct, Charlottesville, VA 22903",1.5,https://offgroundshousing.student.virginia.edu/housing/property/jefferson-ridge-apartment-homes/ocpj6fqlc4,1.0,1.0,"$1,775 - $1,875
Plus Fees
12 Month Lease",877,Available Now,"12 month lease, 9 month lease, Academic Year, Flexible/Other lease, Month-to-Month, Semester, Short-Term lease","Air Conditioning, Carpet, Disability Accessible, Dishwasher, Fireplace, Furnished, Hardwood Floors, High-Speed Internet Available, Patio, Balcony, Porch or Deck, Smoke-Free, Fitness Room, International Student Friendly, Pool, Tennis Court, Washer/Dryer in Unit",0,0,1825.0,1,1,1,1,1,1,0,1,0,0,1,0,0
Jefferson Ridge Apartment Homes,"810 Catalpa Ct, Charlottesville, VA 22903",1.5,https://offgroundshousing.student.virginia.edu/housing/property/jefferson-ridge-apartment-homes/ocpj6fqlc4,1.0,1.0,"$1,795 - $1,895
Plus Fees
12 Month Lease",948,Available Now,"12 month lease, 9 month lease, Academic Year, Flexible/Other lease, Month-to-Month, Semester, Short-Term lease","Air Conditioning, Carpet, Disability Accessible, Dishwasher, Fireplace, Furnished, Hardwood Floors, High-Speed Internet Available, Patio, Balcony, Porch or Deck, Smoke-Free, Fitness Room, International Student Friendly, Pool, Tennis Court, Washer/Dryer in Unit",0,0,1845.0,1,1,1,1,1,1,0,1,0,0,1,0,0
Jefferson Ridge Apartment Homes,"810 Catalpa Ct, Charlottesville, VA 22903",1.5,https://offgroundshousing.student.virginia.edu/housing/property/jefferson-ridge-apartment-homes/ocpj6fqlc4,1.0,1.0,"$2,065
Plus Fees
12 Month Lease","1,087",Available Now,"12 month lease, 9 month lease, Academic Year, Flexible/Other lease, Month-to-Month, Semester, Short-Term lease","Air Conditioning, Carpet, Disability Accessible, Dishwasher, Fireplace, Furnished, Hardwood Floors, High-Speed Internet Available, Patio, Balcony, Porch or Deck, Smoke-Free, Fitness Room, International Student Friendly, Pool, Tennis Court, Washer/Dryer in Unit",0,0,2065.0,1,1,1,1,1,1,0,1,0,0,1,0,0
Jefferson Ridge Apartment Homes,"810 Catalpa Ct, Charlottesville, VA 22903",1.5,https://offgroundshousing.student.virginia.edu/housing/property/jefferson-ridge-apartment-homes/ocpj6fqlc4,1.0,1.0,"$2,095
Plus Fees
12 Month Lease","1,116",Available Now,"12 month lease, 9 month lease, Academic Year, Flexible/Other lease, Month-to-Month, Semester, Short-Term lease","Air Conditioning, Carpet, Disability Accessible, Dishwasher, Fireplace, Furnished, Hardwood Floors, High-Speed Internet Available, Patio, Balcony, Porch or Deck, Smoke-Free, Fitness Room, International Student Friendly, Pool, Tennis Court, Washer/Dryer in Unit",0,0,2095.0,1,1,1,1,1,1,0,1,0,0,1,0,0
Jefferson Ridge Apartment Homes,"810 Catalpa Ct, Charlottesville, VA 22903",1.5,https://offgroundshousing.student.virginia.edu/housing/property/jefferson-ridge-apartment-homes/ocpj6fqlc4,2.0,2.0,"$2,195
Plus Fees
12 Month Lease","1,367",Available Now,"12 month lease, 9 month lease, Academic Year, Flexible/Other lease, Month-to-Month, Semester, Short-Term lease","Air Conditioning, Carpet, Disability Accessible, Dishwasher, Fireplace, Furnished, Hardwood Floors, High-Speed Internet Available, Patio, Balcony, Porch or Deck, Smoke-Free, Fitness Room, International Student Friendly, Pool, Tennis Court, Washer/Dryer in Unit",0,0,2195.0,1,1,1,1,1,1,0,1,0,0,1,0,0
Jefferson Ridge Apartment Homes,"810 Catalpa Ct, Charlottesville, VA 22903",1.5,https://offgroundshousing.student.virginia.edu/housing/property/jefferson-ridge-apartment-homes/ocpj6fqlc4,2.0,2.0,"$2,275
Plus Fees
12 Month Lease","1,360",Available Now,"12 month lease, 9 month lease, Academic Year, Flexible/Other lease, Month-to-Month, Semester, Short-Term lease","Air Conditioning, Carpet, Disability Accessible, Dishwasher, Fireplace, Furnished, Hardwood Floors, High-Speed Internet Available, Patio, Balcony, Porch or Deck, Smoke-Free, Fitness Room, International Student Friendly, Pool, Tennis Court, Washer/Dryer in Unit",0,0,2275.0,1,1,1,1,1,1,0,1,0,0,1,0,0
Jefferson Ridge Apartment Homes,"810 Catalpa Ct, Charlottesville, VA 22903",1.5,https://offgroundshousing.student.virginia.edu/housing/property/jefferson-ridge-apartment-homes/ocpj6fqlc4,2.0,2.0,"$2,295
Plus Fees
12 Month Lease","1,381",Available Now,"12 month lease, 9 month lease, Academic Year, Flexible/Other lease, Month-to-Month, Semester, Short-Term lease","Air Conditioning, Carpet, Disability Accessible, Dishwasher, Fireplace, Furnished, Hardwood Floors, High-Speed Internet Available, Patio, Balcony, Porch or Deck, Smoke-Free, Fitness Room, International Student Friendly, Pool, Tennis Court, Washer/Dryer in Unit",0,0,2295.0,1,1,1,1,1,1,0,1,0,0,1,0,0
Jefferson Ridge Apartment Homes,"810 Catalpa Ct, Charlottesville, VA 22903",1.5,https://offgroundshousing.student.virginia.edu/housing/property/jefferson-ridge-apartment-homes/ocpj6fqlc4,2.0,2.5,"$2,125 - $2,225
Plus Fees
12 Month Lease","1,302",Available Now,"12 month lease, 9 month lease, Academic Year, Flexible/Other lease, Month-to-Month, Semester, Short-Term lease","Air Conditioning, Carpet, Disability Accessible, Dishwasher, Fireplace, Furnished, Hardwood Floors, High-Speed Internet Available, Patio, Balcony, Porch or Deck, Smoke-Free, Fitness Room, International Student Friendly, Pool, Tennis Court, Washer/Dryer in Unit",0,0,2175.0,1,1,1,1,1,1,0,1,0,0,1,0,0
Jefferson Ridge Apartment Homes,"810 Catalpa Ct, Charlottesville, VA 22903",1.5,https://offgroundshousing.student.virginia.edu/housing/property/jefferson-ridge-apartment-homes/ocpj6fqlc4,3.0,3.0,"$2,675
Plus Fees
12 Month Lease","1,601",Available Now,"12 month lease, 9 month lease, Academic Year, Flexible/Other lease, Month-to-Month, Semester, Short-Term lease","Air Conditioning, Carpet, Disability Accessible, Dishwasher, Fireplace, Furnished, Hardwood Floors, High-Speed Internet Available, Patio, Balcony, Porch or Deck, Smoke-Free, Fitness Room, International Student Friendly, Pool, Tennis Court, Washer/Dryer in Unit",0,0,2675.0,1,1,1,1,1,1,0,1,0,0,1,0,0
The Wedge,"416 Monroe LN, Charlottesville, VA 22903",0.2,https://offgroundshousing.student.virginia.edu/housing/property/the-wedge/ocppd8yzpt,1.0,2.0,"Total Monthly Price
$1,207 - $1,262 / Bedroom
6 Month Lease",,,"Semester, Spring Sublet","Air Conditioning, Carpet, Dishwasher, Furnished, Hardwood Floors, High-Speed Internet Available, Patio, Balcony, Porch or Deck, Smoke-Free, Individual Leases, International Student Friendly, Near Bus Stop, Laundry Room in Community",1,0,1234.5,1,0,1,0,1,0,1,1,0,1,1,1,0
Grady Apartments,"1410 Grady Avenue, Charlottesville, VA 22903",0.3,https://offgroundshousing.student.virginia.edu/housing/property/grady-apartments/ocpldsfgmf,,1.0,"$1,299
Plus Fees
12 Month Lease",,8/3/26,12 Month Lease,"Air Conditioning, High-Speed Internet Available, Smoke-Free, Laundry Room in Community, Near Bus Stop",0,0,1299.0,0,0,0,0,1,0,1,0,0,1,0,0,0
Grady Apartments,"1410 Grady Avenue, Charlottesville, VA 22903",0.3,https://offgroundshousing.student.virginia.edu/housing/property/grady-apartments/ocpldsfgmf,1.0,1.0,"$1,399 - $1,449
Plus Fees
12 Month Lease",,8/3/26,12 Month Lease,"Air Conditioning, High-Speed Internet Available, Smoke-Free, Laundry Room in Community, Near Bus Stop",0,0,1424.0,0,0,0,0,1,0,1,0,0,1,0,0,0
Grady Apartments,"1410 Grady Avenue, Charlottesville, VA 22903",0.3,https://offgroundshousing.student.virginia.edu/housing/property/grady-apartments/ocpldsfgmf,2.0,1.0,"$925 / Bedroom
Plus Fees
12 Month Lease",,8/3/26,12 Month Lease,"Air Conditioning, High-Speed Internet Available, Smoke-Free, Laundry Room in Community, Near Bus Stop",1,0,925.0,0,0,0,0,1,0,1,0,0,1,0,0,0
1275 Still Meadow Ave - Beautiful 4-Bedroom Home,"1275 Still Meadow Avenue, Charlottesville, VA 22901",4.5,https://offgroundshousing.student.virginia.edu/housing/property/1275-still-meadow-ave-beautiful-4-bedroom-home/ocp3l4f3yg,4.0,3.5,"Total Monthly Price
$4,350
12 Month Lease","2,825",6/1/26,12 Month Lease,"Air Conditioning, Carpet, Dishwasher, Fireplace, Hardwood Floors, High-Speed Internet Available, Patio, Balcony, Porch or Deck, Smoke-Free, Outdoor Rec Space, Pool, Tennis Court, Washer/Dryer in Unit",0,0,4350.0,1,1,1,0,1,1,0,0,0,0,1,0,0
1203 Wertland St. - Only a Few Studios Left,"1203 Wertland Street, Charlottesville, VA 22903",0.2,https://offgroundshousing.student.virginia.edu/housing/property/1203-wertland-st-only-a-few-studios-left/ocp9pjy1w7,,1.0,"$1,575 - $1,650
Plus Fees
12 Month Lease",526,7/12/26,12 month lease,"Air Conditioning, Carpet, Dishwasher, Hardwood Floors, High-Speed Internet Available, Patio, Balcony, Porch or Deck, Smoke-Free, International Student Friendly, Near Bus Stop, Washer/Dryer in Unit",0,0,1612.5,1,1,1,0,1,0,1,0,0,0,1,0,0
Beautiful fully furnished two bedroom terrace level apartment on estate property in Crozet,"1918 Browns Gap Turnpike, Charlottesville, VA 22901",9.5,https://offgroundshousing.student.virginia.edu/housing/property/beautiful-fully-furnished-two-bedroom-terrace-level-apartment-on-estate-property-in-crozet/ocpzcypsmz,2.0,1.0,"Total Monthly Price
$2,000
12 Month Lease","1,400",10/1/26,12 Month Lease,"Air Conditioning, Carpet, Disability Accessible, Dishwasher, Fireplace, Furnished, Hardwood Floors, High-Speed Internet Available, Patio, Balcony, Porch or Deck, Smoke-Free, International Student Friendly, Washer/Dryer in Unit",0,0,2000.0,1,1,1,0,1,0,0,1,0,0,1,0,0
Camden Place,"230 14th St. NW, Charlottesville, VA 22903",0.2,https://offgroundshousing.student.virginia.edu/housing/property/camden-place/ocpj7s95j5,1.0,1.0,"$1,499
Plus Fees
12 Month Lease",,8/3/26,12 Month Lease,"Air Conditioning, Carpet, Dishwasher, Hardwood Floors, Patio, Balcony, Porch or Deck, Smoke-Free, Fitness Room, Near Bus Stop, Laundry Room in Community",0,0,1499.0,1,0,1,1,0,0,1,0,0,1,1,0,0
Camden Place,"230 14th St. NW, Charlottesville, VA 22903",0.2,https://offgroundshousing.student.virginia.edu/housing/property/camden-place/ocpj7s95j5,2.0,1.0,"$2,099
Plus Fees
12 Month Lease",,8/3/26,12 Month Lease,"Air Conditioning, Carpet, Dishwasher, Hardwood Floors, Patio, Balcony, Porch or Deck, Smoke-Free, Fitness Room, Near Bus Stop, Laundry Room in Community",0,0,2099.0,1,0,1,1,0,0,1,0,0,1,1,0,0
"Fully Furnished, Modern 2Bed/1Bath Condo close to UVA Grounds & Hospital System - seeking roommate","1800 Jefferson Park Avenue, Charlottesville, VA 22903",0.4,https://offgroundshousing.student.virginia.edu/housing/property/fully-furnished-modern-2bed-1bath-condo-close-to-uva-grounds-and-hospital-system-seeking-roommate/ocperxvgcp,2.0,1.0,"Total Monthly Price
$950 / Bedroom",,Available Now,"12 month lease, 9 month lease, Fall Sublet, Flexible/Other lease, Spring Sublet, Summer Sublet","Air Conditioning, Dishwasher, Furnished, Hardwood Floors, High-Speed Internet Available, Patio, Balcony, Porch or Deck, Smoke-Free, Individual Leases, Near Bus Stop, Pool, Laundry Room in Community",1,0,950.0,1,0,1,0,1,1,1,1,0,1,0,1,0
"148 Burnet St (Charlottesville, VA)","148 Burnet St, Charlottesville, VA 22902",1.4,https://offgroundshousing.student.virginia.edu/housing/property/148-burnet-st-charlottesville-va/je07p66,3.0,2.5,"$3,275
Plus Fees","1,824",5/1/26,,"Dishwasher, Garbage Disposal, Hardwood Floors, Microwave, Refrigerator, Stove, Washer/Dryer in Unit",0,0,3275.0,1,1,0,0,0,0,0,0,0,0,0,0,0
Spring&Summer 26 Sublet - Ensuite 1b1b at Lewis Mountain Rd.,"Lewis Mountain Road, Charlottesville, VA 22903",0.3,https://offgroundshousing.student.virginia.edu/housing/property/spring-and-summer-26-sublet-ensuite-1b1b-at-lewis-mountain-rd/ocpx4m1nwn,1.0,1.0,"Total Monthly Price
$1,200 / Bedroom
6 Month Lease",190,,6 Month Lease,"Air Conditioning, Dishwasher, Fireplace, Furnished, Hardwood Floors, High-Speed Internet Available, Patio, Balcony, Porch or Deck, Smoke-Free, Individual Leases, International Student Friendly, Near Bus Stop, Washer/Dryer in Unit",1,0,1200.0,1,1,1,0,1,0,1,1,0,0,0,1,0
"874 Estes St (Charlottesville, VA)","874 Estes St, Charlottesville, VA 22903",0.7,https://offgroundshousing.student.virginia.edu/housing/property/874-estes-st-charlottesville-va/dvsgcvh,3.0,2.5,"$3,375
Plus Fees","1,712",6/6/26,,"Dishwasher, Garbage Disposal, Hardwood Floors, Microwave, Refrigerator, Stove, Washer/Dryer in Unit",0,0,3375.0,1,1,0,0,0,0,0,0,0,0,0,0,0
"Wertland Square Apartments, on the corner","218 14th Street Northwest Apt 208, Charlottesville, VA 22903",0.5,https://offgroundshousing.student.virginia.edu/housing/property/wertland-square-apartments-on-the-corner/ocpxkzzeqm,2.0,2.0,"Total Monthly Price
$1,605
12 Month Lease",,7/10/26,12 Month Lease,"Air Conditioning, Carpet, Dishwasher, Hardwood Floors, High-Speed Internet Available, Patio, Balcony, Porch or Deck, Smoke-Free, Fitness Room, Near Bus Stop, Washer/Dryer in Unit",0,0,1605.0,1,1,1,1,1,0,1,0,0,0,1,0,0
"260 N Commerce Ave (Waynesboro, VA)","260 N Commerce Ave, Waynesboro, VA 22980",25.4,https://offgroundshousing.student.virginia.edu/housing/property/260-n-commerce-ave-waynesboro-va/sg3yq45,1.0,1.0,"$895
Plus Fees",500,4/1/26,,"Bike Racks, Secure bike storage, Refrigerator, Stove",0,0,895.0,0,0,0,0,0,0,0,0,0,0,0,0,0
"Summer Sublet at Gold Line Stop, 5 min Walk to Law School","1982 Arlington Boulevard, Charlottesville, VA 22903",0.2,https://offgroundshousing.student.virginia.edu/housing/property/summer-sublet-at-gold-line-stop-5-min-walk-to-law-school/ocpr907r03,1.0,1.0,"Total Monthly Price
$999 / Bedroom
3 Month Lease",387,,3 Month Lease,"Air Conditioning, Dishwasher, Fireplace, Furnished, Hardwood Floors, High-Speed Internet Available, Smoke-Free, Individual Leases, International Student Friendly, Near Bus Stop, Laundry Room in Community",1,0,999.0,1,0,0,0,1,0,1,1,0,1,0,1,0
"260 N Commerce Ave (Waynesboro, VA)","260 N Commerce Ave, Waynesboro, VA 22980",25.4,https://offgroundshousing.student.virginia.edu/housing/property/260-n-commerce-ave-waynesboro-va/zm9222w,1.0,1.0,"$795
Plus Fees",300,4/1/26,,"Bike Racks, Secure bike storage, Refrigerator, Stove",0,0,795.0,0,0,0,0,0,0,0,0,0,0,0,0,0
"AVAILABLE JUNE 1, 2026- Walker Sq 1 bdr+parking+gym+biz center","Walker Square, Charlottesville, VA 22903",0.8,https://offgroundshousing.student.virginia.edu/housing/property/available-june-1-2026-walker-sq-1-bdr-parking-gym-biz-center/ocpe1k8x4m,1.0,1.0,"Total Monthly Price
$1,995
12 Month Lease",900,6/1/26,"12 month lease, 2 Year","Air Conditioning, Carpet, Dishwasher, Hardwood Floors, High-Speed Internet Available, Smoke-Free, Fitness Room, Near Bus Stop, Pool, Washer/Dryer in Unit",0,0,1995.0,1,1,0,1,1,1,1,0,0,0,1,0,0
627 Cabell Avenue - only a couple 2 bedrooms left,"627 Cabell Avenue, Charlottesville, VA 22903",0.4,https://offgroundshousing.student.virginia.edu/housing/property/627-cabell-avenue-only-a-couple-2-bedrooms-left/ocp4gslfpk,2.0,1.0,"$750 / Bedroom
Plus Fees
12 Month Lease",775,7/1/26,12 month lease,"Air Conditioning, Dishwasher, Hardwood Floors, Patio, Balcony, Porch or Deck, Smoke-Free, International Student Friendly, Near Bus Stop, Laundry Access, Laundry Room in Community",1,0,750.0,1,0,1,0,0,0,1,0,0,1,0,0,0
627 Cabell Avenue - only a couple 2 bedrooms left,"627 Cabell Avenue, Charlottesville, VA 22903",0.4,https://offgroundshousing.student.virginia.edu/housing/property/627-cabell-avenue-only-a-couple-2-bedrooms-left/ocp4gslfpk,2.0,1.0,"$925 / Bedroom
Plus Fees
12 Month Lease",775,6/1/26,12 month lease,"Air Conditioning, Dishwasher, Hardwood Floors, Patio, Balcony, Porch or Deck, Smoke-Free, International Student Friendly, Near Bus Stop, Laundry Access, Laundry Room in Community",1,0,925.0,1,0,1,0,0,0,1,0,0,1,0,0,0
CHARMING FURNISHED BELMONT TOWNHOUSE (conveniently located near Downtown/IX Park and UVA),"1105 Druid Avenue, Charlottesville, VA 22902",6.2,https://offgroundshousing.student.virginia.edu/housing/property/charming-furnished-belmont-townhouse-conveniently-located-near-downtown-ix-park-and-uva/ocpxr6lpfp,3.0,3.5,"Total Monthly Price
$900 - $1,400 / Bedroom
12 Month Lease","2,171",Available Now,12 Month Lease,"Air Conditioning, Dishwasher, Fireplace, Furnished, Hardwood Floors, High-Speed Internet Available, Patio, Balcony, Porch or Deck, Smoke-Free, Individual Leases, Near Bus Stop, Washer/Dryer in Unit",1,0,1150.0,1,1,1,0,1,0,1,1,0,0,0,1,0
St. Edward's Court,"303 14th Street NW Apt. 2, Charlottesville, VA 22903",0.3,https://offgroundshousing.student.virginia.edu/housing/property/st-edwards-court/ocpxxz64yp,3.0,1.0,"$1,000 / Bedroom
12 Month Lease",,6/9/26,12 month lease,"Air Conditioning, Carpet, Dishwasher, Hardwood Floors, High-Speed Internet Available, Smoke-Free, Fitness Room, Near Bus Stop, Laundry Access",1,0,1000.0,1,0,0,1,1,0,1,0,0,0,1,0,0
Jefferson Ridge apartment,"1760 Sugar Maple Court, Charlottesville, VA 22903",1.6,https://offgroundshousing.student.virginia.edu/housing/property/jefferson-ridge-apartment/ocpj351yn6,1.0,1.0,"Total Monthly Price
$1,000
6 Month Lease",260,,6 Month Lease,"Air Conditioning, Carpet, Dishwasher, Fireplace, Furnished, High-Speed Internet Available, Patio, Balcony, Porch or Deck, Smoke-Free, Fitness Room, International Student Friendly, Pool, Roommate Matching, Tennis Court, Washer/Dryer in Unit",0,0,1000.0,1,1,1,1,1,1,0,1,0,0,1,0,0
"303 N Delphine Ave (Waynesboro, VA)","303 N Delphine Ave, Waynesboro, VA 22980",25.4,https://offgroundshousing.student.virginia.edu/housing/property/303-n-delphine-ave-waynesboro-va/t6qnte8,1.0,1.0,"$875
Plus Fees",,Available Now,,"Dishwasher, Fenced Yard, Fireplace, Furnished, Garbage Disposal, Hardwood Floors, Microwave, Refrigerator, Stove, Washer/Dryer in Unit",0,0,875.0,1,1,0,0,0,0,0,1,0,0,0,0,0
"Spring 2026 Sublease, one room available (male only) in 4bed 2bath, 2104 JPA APT G","2104 Jefferson Park Avenue, Charlottesville, VA 22903",0.2,https://offgroundshousing.student.virginia.edu/housing/property/spring-2026-sublease-one-room-available-male-only-in-4bed-2bath-2104-jpa-apt-g/ocppbjpsgv,1.0,2.0,"Total Monthly Price
$695 / Bedroom
5 Month Lease",888,,5 Month Lease,"Air Conditioning, Carpet, Dishwasher, High-Speed Internet Available, Smoke-Free, Near Bus Stop, Washer/Dryer in Unit",1,0,695.0,1,1,0,0,1,0,1,0,0,0,1,0,0
Camden Plaza,"224 14th St. N.W., Charlottesville, VA 22903",0.2,https://offgroundshousing.student.virginia.edu/housing/property/camden-plaza/ocp4h5pjkj,1.0,1.0,"$1,849 - $1,949
12 Month Lease",,6/9/26,"12 month lease, 9 month lease","Air Conditioning, Carpet, Disability Accessible, Dishwasher, Hardwood Floors, Patio, Balcony, Porch or Deck, Smoke-Free, Fitness Room, Near Bus Stop, Washer/Dryer in Unit",0,0,1899.0,1,1,1,1,0,0,1,0,0,0,1,0,0
Short term lease /long term house for rent [email removed] 301 10 1/2 Street NW,"301 10 1 / 2 Street NW, Charlottesville, VA 22903",0.8,https://offgroundshousing.student.virginia.edu/housing/property/short-term-lease-long-term-house-for-rent-email-removed-301-10-1-2-street-nw/ocpxjx9mwm,3.0,1.5,"Total Monthly Price
$2,325
9 Month Lease","1,632",Available Now,9 Month Lease,"Air Conditioning, Furnished, Hardwood Floors, Patio, Balcony, Porch or Deck, Smoke-Free, Individual Leases, International Student Friendly, Near Bus Stop, Washer/Dryer in Unit",0,0,2325.0,0,1,1,0,0,0,1,1,0,0,0,1,0
Minutes to UVA Grounds and the Hospital! Now Pre-Leasing for the 2026-2027 school year,"1023 King Street, Charlottesville, VA 22903",0.9,https://offgroundshousing.student.virginia.edu/housing/property/minutes-to-uva-grounds-and-the-hospital-now-pre-leasing-for-the-2026-2027-school-year/ocpcfp8f6d,1.0,1.0,"$2,150
Plus Fees
12 Month Lease",,7/15/26,12 month lease,"Air Conditioning, Dishwasher, Furnished, Hardwood Floors, High-Speed Internet Available, Patio, Balcony, Porch or Deck, Smoke-Free, Washer/Dryer in Unit",0,0,2150.0,1,1,1,0,1,0,0,1,0,0,0,0,0
Spring Semester Room Sublet at Washington Avenue Basement Catholic Guys Apartment,"101 Washington Avenue Apt 1, Charlottesville, VA 22903",0.2,https://offgroundshousing.student.virginia.edu/housing/property/spring-semester-room-sublet-at-washington-avenue-basement-catholic-guys-apartment/ocpd9wex9k,3.0,2.0,"Total Monthly Price
$557 / Bedroom
12 Month Lease",,,12 Month Lease,"Air Conditioning, Carpet, Disability Accessible, Dishwasher, Furnished, High-Speed Internet Available, Patio, Balcony, Porch or Deck, Smoke-Free, Near Bus Stop, Washer/Dryer in Unit",1,0,557.0,1,1,1,0,1,0,1,1,0,0,1,0,0
McIntire Plaza Apartments,"1745 Allied Street, Charlottesville, VA 22903",1.4,https://offgroundshousing.student.virginia.edu/housing/property/mcintire-plaza-apartments/ocpp16321v,1.0,1.5,"$1,625 - $1,699
Plus Fees
12 Month Lease",720,Available Now,12 month lease,"Air Conditioning, Dishwasher, Hardwood Floors, High-Speed Internet Available, Patio, Balcony, Porch or Deck, Smoke-Free, Near Bus Stop, Washer/Dryer in Unit",0,0,1662.0,1,1,1,0,1,0,1,0,0,0,0,0,0
McIntire Plaza Apartments,"1745 Allied Street, Charlottesville, VA 22903",1.4,https://offgroundshousing.student.virginia.edu/housing/property/mcintire-plaza-apartments/ocpp16321v,2.0,2.0,"$1,949
Plus Fees
12 Month Lease",970,Available Now,12 month lease,"Air Conditioning, Dishwasher, Hardwood Floors, High-Speed Internet Available, Patio, Balcony, Porch or Deck, Smoke-Free, Near Bus Stop, Washer/Dryer in Unit",0,0,1949.0,1,1,1,0,1,0,1,0,0,0,0,0,0
Sublet for Spring 2026 (Females only!),"1910 Jefferson Park Avenue, Charlottesville, VA 22903",0.2,https://offgroundshousing.student.virginia.edu/housing/property/sublet-for-spring-2026-females-only/ocp6ng393t,1.0,1.0,"Total Monthly Price
$620 - $630 / Bedroom
5 Month Lease",,,Spring Sublet,"Air Conditioning, Carpet, Dishwasher, Furnished, High-Speed Internet Available, Patio, Balcony, Porch or Deck, Smoke-Free, International Student Friendly, Near Bus Stop, Washer/Dryer in Unit",1,0,625.0,1,1,1,0,1,0,1,1,0,0,1,0,0
1027 Wertland St. - Only 1 Studio Left,"1027 Wertland Street, Charlottesville, VA 22903",0.2,https://offgroundshousing.student.virginia.edu/housing/property/1027-wertland-st-only-1-studio-left/ocpb6vj2d9,,1.0,"$1,450
Plus Fees
12 Month Lease",423,6/1/26,12 month lease,"Air Conditioning, Carpet, Dishwasher, High-Speed Internet Available, Patio, Balcony, Porch or Deck, Smoke-Free, International Student Friendly, Near Bus Stop, Washer/Dryer in Unit",0,0,1450.0,1,1,1,0,1,0,1,0,0,0,1,0,0
New Modern Cottage Overlooking the Meadowcreek,"1279 Kenwood Lane, Charlottesville, VA 22901",2.6,https://offgroundshousing.student.virginia.edu/housing/property/new-modern-cottage-overlooking-the-meadowcreek/ocpwnln23j,1.0,1.0,"Total Monthly Price
$1,900
1 Month Lease",500,Available Now,1 Month Lease,"Air Conditioning, Dishwasher, Furnished, Hardwood Floors, High-Speed Internet Available, Patio, Balcony, Porch or Deck, Smoke-Free, Washer/Dryer in Unit",0,0,1900.0,1,1,1,0,1,0,0,1,0,0,0,0,0
Easy walkable access to UVA Grounds - NOW LEASING FOR THE 2026 2027 TERM,"343 15th Street Northwest, Charlottesville, VA 22903",0.6,https://offgroundshousing.student.virginia.edu/housing/property/easy-walkable-access-to-uva-grounds-now-leasing-for-the-2026-2027-term/ocp0znqyp0,1.0,1.0,"$2,495
12 Month Lease",,Available Now,12 Month Lease,"Furnished, Washer/Dryer in Unit",0,0,2495.0,0,1,0,0,0,0,0,1,0,0,0,0,0
Varsity Park Apartment close to campus,"1534 Virginia Avenue, Charlottesville, VA 22903",0.6,https://offgroundshousing.student.virginia.edu/housing/property/varsity-park-apartment-close-to-campus/ocpgywq4rz,4.0,3.0,"Total Monthly Price
$1,116 - $1,316 / Bedroom
4 Month Lease",,,4 Month Lease,"Air Conditioning, Disability Accessible, Dishwasher, Furnished, Hardwood Floors, High-Speed Internet Available, Patio, Balcony, Porch or Deck, Individual Leases, International Student Friendly, Washer/Dryer in Unit",1,0,1216.0,1,1,1,0,1,0,0,1,0,0,0,1,0
1029 Wertland St. - $1000 rent per bedroom for 3-BR units,"1029 Wertland Street, Charlottesville, VA 22903",0.3,https://offgroundshousing.student.virginia.edu/housing/property/1029-wertland-st-1000-rent-per-bedroom-for-3-br-units/ocpj91stj4,2.0,2.0,"$1,250 - $1,375 / Bedroom
Plus Fees
12 Month Lease",770,7/5/26,12 month lease,"Air Conditioning, Carpet, Dishwasher, Hardwood Floors, High-Speed Internet Available, Smoke-Free, International Student Friendly, Near Bus Stop, Washer/Dryer in Unit",1,0,1312.5,1,1,0,0,1,0,1,0,0,0,1,0,0
1029 Wertland St. - $1000 rent per bedroom for 3-BR units,"1029 Wertland Street, Charlottesville, VA 22903",0.3,https://offgroundshousing.student.virginia.edu/housing/property/1029-wertland-st-1000-rent-per-bedroom-for-3-br-units/ocpj91stj4,3.0,2.0,"$1,000 - $1,250 / Bedroom
Plus Fees
12 Month Lease","1,085",6/1/26,12 month lease,"Air Conditioning, Carpet, Dishwasher, Hardwood Floors, High-Speed Internet Available, Smoke-Free, International Student Friendly, Near Bus Stop, Washer/Dryer in Unit",1,0,1125.0,1,1,0,0,1,0,1,0,0,0,1,0,0
120 Dunova Court#B,"120 Dunova Court #B, Charlottesville, VA 22903",0.0,https://offgroundshousing.student.virginia.edu/housing/property/120-dunova-court-b/ocpq998pkx,2.0,1.0,"Total Monthly Price
$1,500
12 Month Lease",,8/15/26,12 Month Lease,"Near Bus Stop, Patio, Balcony, Porch or Deck, Smoke-Free, Washer/Dryer in Unit",0,0,1500.0,0,1,1,0,0,0,1,0,0,0,0,0,0
Lyndhall Apartments - Only 2 Units Left for 2026-27,"64 University Way, Charlottesville, VA 22903",0.1,https://offgroundshousing.student.virginia.edu/housing/property/lyndhall-apartments-only-2-units-left-for-2026-27/ocpej0w2wp,2.0,2.0,"$1,600 / Bedroom
Plus Fees
12 Month Lease",912,6/1/26,12 month lease,"Air Conditioning, Dishwasher, Fireplace, Hardwood Floors, High-Speed Internet Available, Patio, Balcony, Porch or Deck, Smoke-Free, International Student Friendly, Near Bus Stop, Washer/Dryer in Unit",1,0,1600.0,1,1,1,0,1,0,1,0,0,0,0,0,0
MSC Preston Square,"1111 Preston Avenue, Charlottesville, VA 22903",0.8,https://offgroundshousing.student.virginia.edu/housing/property/msc-preston-square/ocpp6z29gt,1.0,3.0,"Total Monthly Price
$1,054 / Bedroom
5 Month Lease","1,400",,5 Month Lease,"Air Conditioning, Carpet, Dishwasher, Fireplace, Furnished, Hardwood Floors, High-Speed Internet Available, Patio, Balcony, Porch or Deck, Smoke-Free, Fitness Room, International Student Friendly, Near Bus Stop, Outdoor Rec Space, Pool, Washer/Dryer in Unit",1,0,1054.0,1,1,1,1,1,1,1,1,0,0,1,0,0
"3018 Horizon Rd (Charlottesville, VA)","3018 Horizon Rd, Charlottesville, VA 22902",2.3,https://offgroundshousing.student.virginia.edu/housing/property/3018-horizon-rd-charlottesville-va/5v6ds1q,3.0,4.0,"$3,090
Plus Fees","2,595",4/15/26,,"Bike Racks, Secure bike storage, Dishwasher, Garbage Disposal, High-Speed Internet Available, Laminate Floors, Microwave, Refrigerator, Smoke-Free, Stove, Washer/Dryer in Unit",0,0,3090.0,1,1,0,0,1,0,0,0,0,0,0,0,0
Daylight basement efficiency on Elliewood Avenue Summer Sublet,"17 C Elliewood Avenue, Charlottesville, VA 22903",0.3,https://offgroundshousing.student.virginia.edu/housing/property/daylight-basement-efficiency-on-elliewood-avenue-summer-sublet/ocpxc7w00q,1.0,1.0,"Total Monthly Price
$1,000
3 Month Lease",600,,3 Month Lease,"Air Conditioning, High-Speed Internet Available, Smoke-Free, Laundry Access, Near Bus Stop",0,0,1000.0,0,0,0,0,1,0,1,0,0,0,0,0,0
Cardinal Court,"312 13th St. NW, Charlottesville, VA 22903",0.4,https://offgroundshousing.student.virginia.edu/housing/property/cardinal-court/ocps4m16z4,1.0,1.0,"$1,499
Plus Fees
12 Month Lease",,8/3/26,12 month lease,"Air Conditioning, Carpet, Disability Accessible, Dishwasher, Patio, Balcony, Porch or Deck, Smoke-Free, Fitness Room, Near Bus Stop, Laundry Room in Community",0,0,1499.0,1,0,1,1,0,0,1,0,0,1,1,0,0
Cardinal Court,"312 13th St. NW, Charlottesville, VA 22903",0.4,https://offgroundshousing.student.virginia.edu/housing/property/cardinal-court/ocps4m16z4,2.0,1.0,"$950 / Bedroom
Plus Fees
12 Month Lease",,Available Now,12 month lease,"Air Conditioning, Carpet, Disability Accessible, Dishwasher, Patio, Balcony, Porch or Deck, Smoke-Free, Fitness Room, Near Bus Stop, Laundry Room in Community",1,0,950.0,1,0,1,1,0,0,1,0,0,1,1,0,0
Cardinal Court,"312 13th St. NW, Charlottesville, VA 22903",0.4,https://offgroundshousing.student.virginia.edu/housing/property/cardinal-court/ocps4m16z4,2.0,1.0,"$1,799
Plus Fees
12 Month Lease",,8/3/26,12 month lease,"Air Conditioning, Carpet, Disability Accessible, Dishwasher, Patio, Balcony, Porch or Deck, Smoke-Free, Fitness Room, Near Bus Stop, Laundry Room in Community",0,0,1799.0,1,0,1,1,0,0,1,0,0,1,1,0,0
Walk up second story apartment overlooking Elliewood Avenue,"17 B Elliewood Avenue, Charlottesville, VA 22903",0.3,https://offgroundshousing.student.virginia.edu/housing/property/walk-up-second-story-apartment-overlooking-elliewood-avenue/ocp7l80pkz,1.0,1.0,"Total Monthly Price
$1,800
12 Month Lease",900,Available Now,"12 month lease, 9 month lease, Semester","Air Conditioning, Dishwasher, Furnished, High-Speed Internet Available, Patio, Balcony, Porch or Deck, Smoke-Free, International Student Friendly, Near Bus Stop, Outdoor Rec Space, Laundry Access, Laundry Room in Community",0,0,1800.0,1,0,1,0,1,0,1,1,0,1,0,0,0
1121 Wertland St. - Now Leasing for 2026-2027,"1121 Wertland Street, Charlottesville, VA 22903",0.2,https://offgroundshousing.student.virginia.edu/housing/property/1121-wertland-st-now-leasing-for-2026-2027/ocpfeknb8r,,1.0,"$1,550 - $1,750
Plus Fees
12 Month Lease","1,273",8/1/26,12 month lease,"Air Conditioning, Carpet, Dishwasher, Hardwood Floors, High-Speed Internet Available, Smoke-Free, International Student Friendly, Near Bus Stop, Laundry Room in Community",0,0,1650.0,1,0,0,0,1,0,1,0,0,1,1,0,0
"CLEAN, FULLY-FURNISHED, CONVENIENT LOCATION - 4X4 Balcony at the Flats at West Village","852 West Main Street, Charlottesville, VA 22903",0.7,https://offgroundshousing.student.virginia.edu/housing/property/clean-fully-furnished-convenient-location-4x4-balcony-at-the-flats-at-west-village/ocpsff3wx5,1.0,1.0,"Total Monthly Price
$1,162 / Bedroom
12 Month Lease",,5/19/26,12 Month Lease,"Air Conditioning, Carpet, Disability Accessible, Dishwasher, Furnished, Hardwood Floors, High-Speed Internet Available, Patio, Balcony, Porch or Deck, Smoke-Free, Fitness Room, Individual Leases, International Student Friendly, Near Bus Stop, Pool, Roommate Matching, Washer/Dryer in Unit",1,0,1162.0,1,1,1,1,1,1,1,1,0,0,1,1,0
"2347 Abington Dr (Charlottesville, VA)","2347 Abington Dr, Charlottesville, VA 22911",7.6,https://offgroundshousing.student.virginia.edu/housing/property/2347-abington-dr-charlottesville-va/56dr64n,4.0,3.5,"$2,775
Plus Fees","2,070",7/13/26,,"Dishwasher, Garbage Disposal, Hardwood Floors, Microwave, Refrigerator, Stove, Washer/Dryer in Unit",0,0,2775.0,1,1,0,0,0,0,0,0,0,0,0,0,0
316 Carlton Rd Unit A,"316 Carlton Road, Charlottesville, VA 22902",6.7,https://offgroundshousing.student.virginia.edu/housing/property/316-carlton-rd-unit-a/ocpwdxmpfl,2.0,1.0,"Total Monthly Price
$2,390 - $2,445
12 Month Lease",950,Available Now,12 Month Lease,"Air Conditioning, Carpet, Dishwasher, Furnished, Hardwood Floors, Patio, Balcony, Porch or Deck, Smoke-Free, Near Bus Stop, Washer/Dryer in Unit",0,0,2417.5,1,1,1,0,0,0,1,1,0,0,1,0,0
Raleigh Court Apartments - Now Leasing for 2026-2027!,"10 University Circle, Charlottesville, VA 22903",0.2,https://offgroundshousing.student.virginia.edu/housing/property/raleigh-court-apartments-now-leasing-for-2026-2027/ocp3x4br3g,1.0,1.0,"$1,825
Plus Fees
12 Month Lease",855,Available Now,12 month lease,"Air Conditioning, Dishwasher, Fireplace, Hardwood Floors, High-Speed Internet Available, Patio, Balcony, Porch or Deck, Smoke-Free, International Student Friendly, Near Bus Stop, Laundry Room in Community",0,0,1825.0,1,0,1,0,1,0,1,0,0,1,0,0,0
Raleigh Court Apartments - Now Leasing for 2026-2027!,"10 University Circle, Charlottesville, VA 22903",0.2,https://offgroundshousing.student.virginia.edu/housing/property/raleigh-court-apartments-now-leasing-for-2026-2027/ocp3x4br3g,2.0,1.0,"$1,325 / Bedroom
Plus Fees
12 Month Lease",998,7/1/26,12 month lease,"Air Conditioning, Dishwasher, Fireplace, Hardwood Floors, High-Speed Internet Available, Patio, Balcony, Porch or Deck, Smoke-Free, International Student Friendly, Near Bus Stop, Laundry Room in Community",1,0,1325.0,1,0,1,0,1,0,1,0,0,1,0,0,0
Raleigh Court Apartments - Now Leasing for 2026-2027!,"10 University Circle, Charlottesville, VA 22903",0.2,https://offgroundshousing.student.virginia.edu/housing/property/raleigh-court-apartments-now-leasing-for-2026-2027/ocp3x4br3g,4.0,1.0,"$975 / Bedroom
Plus Fees
12 Month Lease","1,346",6/1/26,12 month lease,"Air Conditioning, Dishwasher, Fireplace, Hardwood Floors, High-Speed Internet Available, Patio, Balcony, Porch or Deck, Smoke-Free, International Student Friendly, Near Bus Stop, Laundry Room in Community",1,0,975.0,1,0,1,0,1,0,1,0,0,1,0,0,0
Spring '26 Sublease! Women only,"1910 Jefferson Park Avenue, Charlottesville, VA 22903",0.2,https://offgroundshousing.student.virginia.edu/housing/property/spring-26-sublease-women-only/ocpbt6nz79,1.0,2.0,"$600 / Bedroom
Plus Fees
5 Month Lease",,,5 Month Lease,"Air Conditioning, Carpet, Dishwasher, Fireplace, Furnished, Hardwood Floors, High-Speed Internet Available, Patio, Balcony, Porch or Deck, Smoke-Free, Near Bus Stop, Washer/Dryer in Unit",1,0,600.0,1,1,1,0,1,0,1,1,0,0,1,0,0
The Pavilion at North Grounds,"2101 Arlington Blvd, Charlottesville, VA 22903",0.2,https://offgroundshousing.student.virginia.edu/housing/property/the-pavilion-at-north-grounds/cghy6bg,1.0,1.0,"$2,219
Plus Fees
11 Month Lease",737,8/15/26,"By the Bed Leasing, Flexible/Other lease","Air Conditioning, Carpet, Ceiling Fans, Disability Accessible, Dishwasher, Furnished, Garbage Disposal, Granite Countertops, Hardwood Floors, High-Speed Internet Available, Microwave, Patio, Balcony, Porch or Deck, Refrigerator, Smoke-Free, Stainless Steel Appliances, BBQ/BBQ Area, Building Shuttle to campus, Business Center, Close to Public Transportation, Clubhouse, Coffee Bar, Community Lounge, Elevator, Fitness Room, Full-time Maintenance Staff, Individual Leases, Manager on Site, Near Shuttle to Campus, Pool, Property Manager On-Site, Washer/Dryer in Unit",0,0,2219.0,1,1,1,1,1,1,0,1,0,0,1,1,0
The Pavilion at North Grounds,"2101 Arlington Blvd, Charlottesville, VA 22903",0.2,https://offgroundshousing.student.virginia.edu/housing/property/the-pavilion-at-north-grounds/cghy6bg,1.0,1.0,"$2,229
Plus Fees
11 Month Lease",703,8/15/26,"By the Bed Leasing, Flexible/Other lease","Air Conditioning, Carpet, Ceiling Fans, Disability Accessible, Dishwasher, Furnished, Garbage Disposal, Granite Countertops, Hardwood Floors, High-Speed Internet Available, Microwave, Patio, Balcony, Porch or Deck, Refrigerator, Smoke-Free, Stainless Steel Appliances, BBQ/BBQ Area, Building Shuttle to campus, Business Center, Close to Public Transportation, Clubhouse, Coffee Bar, Community Lounge, Elevator, Fitness Room, Full-time Maintenance Staff, Individual Leases, Manager on Site, Near Shuttle to Campus, Pool, Property Manager On-Site, Washer/Dryer in Unit",0,0,2229.0,1,1,1,1,1,1,0,1,0,0,1,1,0
The Pavilion at North Grounds,"2101 Arlington Blvd, Charlottesville, VA 22903",0.2,https://offgroundshousing.student.virginia.edu/housing/property/the-pavilion-at-north-grounds/cghy6bg,1.0,1.0,"$2,259
Plus Fees
11 Month Lease",636,8/15/26,"By the Bed Leasing, Flexible/Other lease","Air Conditioning, Carpet, Ceiling Fans, Disability Accessible, Dishwasher, Furnished, Garbage Disposal, Granite Countertops, Hardwood Floors, High-Speed Internet Available, Microwave, Patio, Balcony, Porch or Deck, Refrigerator, Smoke-Free, Stainless Steel Appliances, BBQ/BBQ Area, Building Shuttle to campus, Business Center, Close to Public Transportation, Clubhouse, Coffee Bar, Community Lounge, Elevator, Fitness Room, Full-time Maintenance Staff, Individual Leases, Manager on Site, Near Shuttle to Campus, Pool, Property Manager On-Site, Washer/Dryer in Unit",0,0,2259.0,1,1,1,1,1,1,0,1,0,0,1,1,0
The Pavilion at North Grounds,"2101 Arlington Blvd, Charlottesville, VA 22903",0.2,https://offgroundshousing.student.virginia.edu/housing/property/the-pavilion-at-north-grounds/cghy6bg,1.0,1.0,"$2,259
Plus Fees
11 Month Lease",643,8/15/26,"By the Bed Leasing, Flexible/Other lease","Air Conditioning, Carpet, Ceiling Fans, Disability Accessible, Dishwasher, Furnished, Garbage Disposal, Granite Countertops, Hardwood Floors, High-Speed Internet Available, Microwave, Patio, Balcony, Porch or Deck, Refrigerator, Smoke-Free, Stainless Steel Appliances, BBQ/BBQ Area, Building Shuttle to campus, Business Center, Close to Public Transportation, Clubhouse, Coffee Bar, Community Lounge, Elevator, Fitness Room, Full-time Maintenance Staff, Individual Leases, Manager on Site, Near Shuttle to Campus, Pool, Property Manager On-Site, Washer/Dryer in Unit",0,0,2259.0,1,1,1,1,1,1,0,1,0,0,1,1,0
The Pavilion at North Grounds,"2101 Arlington Blvd, Charlottesville, VA 22903",0.2,https://offgroundshousing.student.virginia.edu/housing/property/the-pavilion-at-north-grounds/cghy6bg,1.0,1.0,"$2,199
Plus Fees
11 Month Lease",667,Not Available,"By the Bed Leasing, Flexible/Other lease","Air Conditioning, Carpet, Ceiling Fans, Disability Accessible, Dishwasher, Furnished, Garbage Disposal, Granite Countertops, Hardwood Floors, High-Speed Internet Available, Microwave, Patio, Balcony, Porch or Deck, Refrigerator, Smoke-Free, Stainless Steel Appliances, BBQ/BBQ Area, Building Shuttle to campus, Business Center, Close to Public Transportation, Clubhouse, Coffee Bar, Community Lounge, Elevator, Fitness Room, Full-time Maintenance Staff, Individual Leases, Manager on Site, Near Shuttle to Campus, Pool, Property Manager On-Site, Washer/Dryer in Unit",0,0,2199.0,1,1,1,1,1,1,0,1,0,0,1,1,0
The Pavilion at North Grounds,"2101 Arlington Blvd, Charlottesville, VA 22903",0.2,https://offgroundshousing.student.virginia.edu/housing/property/the-pavilion-at-north-grounds/cghy6bg,1.0,1.0,"$2,239
Plus Fees
11 Month Lease",793,Not Available,"By the Bed Leasing, Flexible/Other lease","Air Conditioning, Carpet, Ceiling Fans, Disability Accessible, Dishwasher, Furnished, Garbage Disposal, Granite Countertops, Hardwood Floors, High-Speed Internet Available, Microwave, Patio, Balcony, Porch or Deck, Refrigerator, Smoke-Free, Stainless Steel Appliances, BBQ/BBQ Area, Building Shuttle to campus, Business Center, Close to Public Transportation, Clubhouse, Coffee Bar, Community Lounge, Elevator, Fitness Room, Full-time Maintenance Staff, Individual Leases, Manager on Site, Near Shuttle to Campus, Pool, Property Manager On-Site, Washer/Dryer in Unit",0,0,2239.0,1,1,1,1,1,1,0,1,0,0,1,1,0
The Pavilion at North Grounds,"2101 Arlington Blvd, Charlottesville, VA 22903",0.2,https://offgroundshousing.student.virginia.edu/housing/property/the-pavilion-at-north-grounds/cghy6bg,1.0,1.0,"$2,239
Plus Fees
11 Month Lease",661,Not Available,"By the Bed Leasing, Flexible/Other lease","Air Conditioning, Carpet, Ceiling Fans, Disability Accessible, Dishwasher, Furnished, Garbage Disposal, Granite Countertops, Hardwood Floors, High-Speed Internet Available, Microwave, Patio, Balcony, Porch or Deck, Refrigerator, Smoke-Free, Stainless Steel Appliances, BBQ/BBQ Area, Building Shuttle to campus, Business Center, Close to Public Transportation, Clubhouse, Coffee Bar, Community Lounge, Elevator, Fitness Room, Full-time Maintenance Staff, Individual Leases, Manager on Site, Near Shuttle to Campus, Pool, Property Manager On-Site, Washer/Dryer in Unit",0,0,2239.0,1,1,1,1,1,1,0,1,0,0,1,1,0
The Pavilion at North Grounds,"2101 Arlington Blvd, Charlottesville, VA 22903",0.2,https://offgroundshousing.student.virginia.edu/housing/property/the-pavilion-at-north-grounds/cghy6bg,1.0,1.0,"$2,239
Plus Fees
11 Month Lease",827,Not Available,"By the Bed Leasing, Flexible/Other lease","Air Conditioning, Carpet, Ceiling Fans, Disability Accessible, Dishwasher, Furnished, Garbage Disposal, Granite Countertops, Hardwood Floors, High-Speed Internet Available, Microwave, Patio, Balcony, Porch or Deck, Refrigerator, Smoke-Free, Stainless Steel Appliances, BBQ/BBQ Area, Building Shuttle to campus, Business Center, Close to Public Transportation, Clubhouse, Coffee Bar, Community Lounge, Elevator, Fitness Room, Full-time Maintenance Staff, Individual Leases, Manager on Site, Near Shuttle to Campus, Pool, Property Manager On-Site, Washer/Dryer in Unit",0,0,2239.0,1,1,1,1,1,1,0,1,0,0,1,1,0
The Pavilion at North Grounds,"2101 Arlington Blvd, Charlottesville, VA 22903",0.2,https://offgroundshousing.student.virginia.edu/housing/property/the-pavilion-at-north-grounds/cghy6bg,2.0,2.0,"$1,449
Plus Fees
11 Month Lease",921,8/15/26,"By the Bed Leasing, Flexible/Other lease","Air Conditioning, Carpet, Ceiling Fans, Disability Accessible, Dishwasher, Furnished, Garbage Disposal, Granite Countertops, Hardwood Floors, High-Speed Internet Available, Microwave, Patio, Balcony, Porch or Deck, Refrigerator, Smoke-Free, Stainless Steel Appliances, BBQ/BBQ Area, Building Shuttle to campus, Business Center, Close to Public Transportation, Clubhouse, Coffee Bar, Community Lounge, Elevator, Fitness Room, Full-time Maintenance Staff, Individual Leases, Manager on Site, Near Shuttle to Campus, Pool, Property Manager On-Site, Washer/Dryer in Unit",0,0,1449.0,1,1,1,1,1,1,0,1,0,0,1,1,0
The Pavilion at North Grounds,"2101 Arlington Blvd, Charlottesville, VA 22903",0.2,https://offgroundshousing.student.virginia.edu/housing/property/the-pavilion-at-north-grounds/cghy6bg,2.0,2.0,"$1,479 / Bedroom
Plus Fees
11 Month Lease",960,8/15/26,"By the Bed Leasing, Flexible/Other lease","Air Conditioning, Carpet, Ceiling Fans, Disability Accessible, Dishwasher, Furnished, Garbage Disposal, Granite Countertops, Hardwood Floors, High-Speed Internet Available, Microwave, Patio, Balcony, Porch or Deck, Refrigerator, Smoke-Free, Stainless Steel Appliances, BBQ/BBQ Area, Building Shuttle to campus, Business Center, Close to Public Transportation, Clubhouse, Coffee Bar, Community Lounge, Elevator, Fitness Room, Full-time Maintenance Staff, Individual Leases, Manager on Site, Near Shuttle to Campus, Pool, Property Manager On-Site, Washer/Dryer in Unit",1,0,1479.0,1,1,1,1,1,1,0,1,0,0,1,1,0
The Flats at West Village,"852 West Main Street, Charlottesville, VA 22903",0.7,https://offgroundshousing.student.virginia.edu/housing/property/the-flats-at-west-village/ocpfpy12wv,1.0,1.0,"$1,249 / Bedroom
Plus Fees
12 Month Lease",,Available Now,12 Month Lease,"Air Conditioning, Carpet, Dishwasher, Furnished, Hardwood Floors, High-Speed Internet Available, Patio, Balcony, Porch or Deck, Smoke-Free, Fitness Room, Individual Leases, International Student Friendly, Near Bus Stop, Outdoor Rec Space, Pool, Roommate Matching, Washer/Dryer in Unit",1,0,1249.0,1,1,1,1,1,1,1,1,0,0,1,1,0
The Kenilworth on JPA - Only 2 Two Bedrooms Left,"1725 Jefferson Park Avenue, Charlottesville, VA 22903",0.3,https://offgroundshousing.student.virginia.edu/housing/property/the-kenilworth-on-jpa-only-2-two-bedrooms-left/ocplm1jbeg,2.0,2.0,"$1,675 / Bedroom
Plus Fees
12 Month Lease","1,020",7/1/26,12 month lease,"Air Conditioning, Carpet, Dishwasher, Hardwood Floors, High-Speed Internet Available, Smoke-Free, International Student Friendly, Near Bus Stop, Washer/Dryer in Unit",1,0,1675.0,1,1,0,0,1,0,1,0,0,0,1,0,0
"Spacious Room Available Now! – Quiet, Friendly Home 3b2b Near UVA and Barracks","202 Georgetown Road, Charlottesville, VA 22901",1.6,https://offgroundshousing.student.virginia.edu/housing/property/spacious-room-available-now-quiet-friendly-home-3b2b-near-uva-and-barracks/ocp7hxq19x,1.0,2.0,"$966 / Bedroom
Plus Fees","2,000",Available Now,"12 month lease, Flexible/Other lease","Air Conditioning, Dishwasher, Hardwood Floors, Patio, Balcony, Porch or Deck, International Student Friendly, Near Bus Stop, Washer/Dryer in Unit",1,0,966.0,1,1,1,0,0,0,1,0,0,0,0,0,0
Oxbridge Courtyard,"314 14th St. NW, Charlottesville, VA 22903",0.4,https://offgroundshousing.student.virginia.edu/housing/property/oxbridge-courtyard/ocpcdplpkd,1.0,1.0,"$1,825
Plus Fees
12 Month Lease",,8/3/26,12 month lease,"Air Conditioning, Dishwasher, Hardwood Floors, Patio, Balcony, Porch or Deck, Smoke-Free, Fitness Room, Near Bus Stop, Washer/Dryer in Unit",0,0,1825.0,1,1,1,1,0,0,1,0,0,0,0,0,0
Oxbridge Courtyard,"314 14th St. NW, Charlottesville, VA 22903",0.4,https://offgroundshousing.student.virginia.edu/housing/property/oxbridge-courtyard/ocpcdplpkd,2.0,2.0,"$1,200 / Bedroom
Plus Fees
12 Month Lease",,Available Now,12 month lease,"Air Conditioning, Dishwasher, Hardwood Floors, Patio, Balcony, Porch or Deck, Smoke-Free, Fitness Room, Near Bus Stop, Washer/Dryer in Unit",1,0,1200.0,1,1,1,1,0,0,1,0,0,0,0,0,0
"1800 JPA Apartment, Single Room Close to Campus","1800 Jefferson Park Avenue, Charlottesville, VA 22903",0.1,https://offgroundshousing.student.virginia.edu/housing/property/1800-jpa-apartment-single-room-close-to-campus/ocpq5d4psy,1.0,1.0,"$775 / Bedroom
Plus Fees
12 Month Lease",,,12 Month Lease,"Air Conditioning, Furnished, Hardwood Floors, High-Speed Internet Available, Patio, Balcony, Porch or Deck, International Student Friendly, Near Bus Stop, Pool, Laundry Room in Community",1,0,775.0,0,0,1,0,1,1,1,1,0,1,0,0,0
University Quad,"1300 Wertland Street, Charlottesville, VA 22903",0.2,https://offgroundshousing.student.virginia.edu/housing/property/university-quad/ocpxnmzx1m,1.0,1.0,"$1,395
Plus Fees
12 Month Lease",641,6/1/26,"12 month lease, Semester","Air Conditioning, Hardwood Floors, Smoke-Free, International Student Friendly, Near Bus Stop, Laundry Access, Laundry Room in Community",0,0,1395.0,0,0,0,0,0,0,1,0,0,1,0,0,0
"The Standard Apartment, One bed, desk space, closet, and full bathroom! (part of a 2bed/2bath)","853 West Main Street Appt 636A, Charlottesville, VA 22903",0.7,https://offgroundshousing.student.virginia.edu/housing/property/the-standard-apartment-one-bed-desk-space-closet-and-full-bathroom-part-of-a-2bed-2bath/ocpsm4wm35,1.0,1.0,"$1,610 / Bedroom
Plus Fees
12 Month Lease",988,,12 Month Lease,"Air Conditioning, Dishwasher, Hardwood Floors, High-Speed Internet Available, Smoke-Free, Fitness Room, Individual Leases, International Student Friendly, Near Bus Stop, Outdoor Rec Space, Pool, Roommate Matching, Washer/Dryer in Unit",1,0,1610.0,1,1,0,1,1,1,1,0,0,0,0,1,0
Minutes to UVA Grounds/Hospital Now Pre-Leasing for the 2026-2027 UVA School Year!,"516 Valley Road Unit B, Charlottesville, VA 22903",0.1,https://offgroundshousing.student.virginia.edu/housing/property/minutes-to-uva-grounds-hospital-now-pre-leasing-for-the-2026-2027-uva-school-year/ocp2lks9v8,1.0,1.0,"$2,195
Plus Fees
12 Month Lease",720,7/15/26,12 month lease,"Air Conditioning, Dishwasher, Furnished, Hardwood Floors, High-Speed Internet Available, Smoke-Free, Washer/Dryer in Unit",0,0,2195.0,1,1,0,0,1,0,0,1,0,0,0,0,0
The Pavilion at North Grounds,"2101 Arlington Boulevard, Charlottesville, VA 22903",0.3,https://offgroundshousing.student.virginia.edu/housing/property/the-pavilion-at-north-grounds/ocp0pzt161,1.0,2.0,"$1,479 / Bedroom
Plus Fees
12 Month Lease",,,12 month lease,"Air Conditioning, Carpet, Disability Accessible, Dishwasher, Fireplace, Furnished, Hardwood Floors, High-Speed Internet Available, Loft, Patio, Balcony, Porch or Deck, Smoke-Free, Fitness Room, Individual Leases, International Student Friendly, Near Bus Stop, Outdoor Rec Space, Pool, Roommate Matching, Tennis Court, Laundry Access",1,0,1479.0,1,0,1,1,1,1,1,1,0,0,1,1,0
1120 Wertland Street,"1120 Wertland Street, Charlottesville, VA 22903",0.2,https://offgroundshousing.student.virginia.edu/housing/property/1120-wertland-street/ocpg65h6bw,1.0,1.0,"$1,349
Plus Fees
12 Month Lease",,8/3/26,12 Month Lease,"Air Conditioning, Smoke-Free, Laundry Room in Community",0,0,1349.0,0,0,0,0,0,0,0,0,0,1,0,0,0
1120 Wertland Street,"1120 Wertland Street, Charlottesville, VA 22903",0.2,https://offgroundshousing.student.virginia.edu/housing/property/1120-wertland-street/ocpg65h6bw,1.0,1.0,"$1,499
Plus Fees
12 Month Lease",,8/3/26,12 Month Lease,"Air Conditioning, Smoke-Free, Laundry Room in Community",0,0,1499.0,0,0,0,0,0,0,0,0,0,1,0,0,0
1120 Wertland Street,"1120 Wertland Street, Charlottesville, VA 22903",0.2,https://offgroundshousing.student.virginia.edu/housing/property/1120-wertland-street/ocpg65h6bw,3.0,1.0,"$2,999
Plus Fees
12 Month Lease",,8/3/26,12 Month Lease,"Air Conditioning, Smoke-Free, Laundry Room in Community",0,0,2999.0,0,0,0,0,0,0,0,0,0,1,0,0,0
Apartment 5 Minutes from grounds,"33 University Circle, Charlottesville, VA 22903",0.6,https://offgroundshousing.student.virginia.edu/housing/property/apartment-5-minutes-from-grounds/ocpwn2482j,2.0,1.0,"$1,200 / Bedroom
Plus Fees
9 Month Lease",,Available Now,9 month lease,"Air Conditioning, Dishwasher, Fireplace, Hardwood Floors, High-Speed Internet Available, Patio, Balcony, Porch or Deck, Smoke-Free, Individual Leases, International Student Friendly, Near Bus Stop, Outdoor Rec Space, Laundry Room in Community",1,0,1200.0,1,0,1,0,1,0,1,0,0,1,0,1,0
Camden Courtyard,"222 14th St. NW, Charlottesville, VA 22903",0.2,https://offgroundshousing.student.virginia.edu/housing/property/camden-courtyard/ocpnj1e32q,3.0,2.0,"$2,999
Plus Fees
12 Month Lease",,6/9/26,12 Month Lease,"Air Conditioning, Carpet, Dishwasher, Fireplace, Patio, Balcony, Porch or Deck, Smoke-Free, Fitness Room, Near Bus Stop, Washer/Dryer in Unit",0,0,2999.0,1,1,1,1,0,0,1,0,0,0,1,0,0
Camden Courtyard,"222 14th St. NW, Charlottesville, VA 22903",0.2,https://offgroundshousing.student.virginia.edu/housing/property/camden-courtyard/ocpnj1e32q,3.0,2.0,"$3,199
Plus Fees
12 Month Lease",,6/9/26,12 Month Lease,"Air Conditioning, Carpet, Dishwasher, Fireplace, Patio, Balcony, Porch or Deck, Smoke-Free, Fitness Room, Near Bus Stop, Washer/Dryer in Unit",0,0,3199.0,1,1,1,1,0,0,1,0,0,0,1,0,0
1745 Allied St McIntire Plaza,,1.9,https://offgroundshousing.student.virginia.edu/housing/property/1745-allied-st-mcintire-plaza/ocpgmbctcz,1.0,1.5,"$1,690
Plus Fees
12 Month Lease",,,12 month lease,"Air Conditioning, Disability Accessible, Dishwasher, Hardwood Floors, High-Speed Internet Available, Patio, Balcony, Porch or Deck, Smoke-Free, Individual Leases, International Student Friendly, Washer/Dryer in Unit",0,0,1690.0,1,1,1,0,1,0,0,0,0,0,0,1,0
Carrollton Ridge Apts,"121 Carrollton Terrace, Charlottesville, VA 22903",0.4,https://offgroundshousing.student.virginia.edu/housing/property/carrollton-ridge-apts/ocp07lwxe3,1.0,1.0,"$1,449 - $1,575
Plus Fees
7 Month Lease",477,8/3/26,"12 month lease, Flexible/Other lease","Air Conditioning, Carpet, High-Speed Internet Available, Smoke-Free, Laundry Room in Community, Near Bus Stop",0,0,1512.0,0,0,0,0,1,0,1,0,0,1,1,0,0
The Standard,"853 West Main Street, Charlottesville, VA 22903",0.7,https://offgroundshousing.student.virginia.edu/housing/property/the-standard/ocpx79nsbp,1.0,1.0,"$1,000 - $1,200 / Bedroom
Plus Fees
6 Month Lease",,Available Now,6 Month Lease,"Air Conditioning, Carpet, Dishwasher, Furnished, Hardwood Floors, High-Speed Internet Available, Fitness Room, Individual Leases, International Student Friendly, Near Bus Stop, Pool, Roommate Matching, Washer/Dryer in Unit",1,0,1100.0,1,1,0,1,1,1,1,1,0,0,1,1,0
Park Lane Apartments,"630 Park Street, Charlottesville, VA 22902",2.0,https://offgroundshousing.student.virginia.edu/housing/property/park-lane-apartments/ocpf43tlgv,2.0,1.0,"$1,995
Plus Fees
12 Month Lease",760,6/1/26,12 Month Lease,"Air Conditioning, Dishwasher, Hardwood Floors, High-Speed Internet Available, Patio, Balcony, Porch or Deck, Smoke-Free, International Student Friendly, Washer/Dryer in Unit",0,0,1995.0,1,1,1,0,1,0,0,0,0,0,0,0,0
Park Lane Apartments,"630 Park Street, Charlottesville, VA 22902",2.0,https://offgroundshousing.student.virginia.edu/housing/property/park-lane-apartments/ocpf43tlgv,2.0,2.0,"$2,345
Plus Fees
12 Month Lease",886,Available Now,12 Month Lease,"Air Conditioning, Dishwasher, Hardwood Floors, High-Speed Internet Available, Patio, Balcony, Porch or Deck, Smoke-Free, International Student Friendly, Washer/Dryer in Unit",0,0,2345.0,1,1,1,0,1,0,0,0,0,0,0,0,0
Flats at West Village,"852 West Main Street, Charlottesville, VA 22903",0.7,https://offgroundshousing.student.virginia.edu/housing/property/flats-at-west-village/ocpfemmssr,1.0,1.0,"$1,200 - $1,300 / Bedroom
Plus Fees
12 Month Lease",,Available Now,12 Month Lease,"Air Conditioning, Carpet, Dishwasher, Furnished, Hardwood Floors, High-Speed Internet Available, Smoke-Free, Fitness Room, Individual Leases, International Student Friendly, Near Bus Stop, Pool, Roommate Matching, Washer/Dryer in Unit",1,0,1250.0,1,1,0,1,1,1,1,1,0,0,1,1,0
Cottage at Graduate Court,"302 14th St. NW, Charlottesville, VA 22903",0.2,https://offgroundshousing.student.virginia.edu/housing/property/cottage-at-graduate-court/ocpb058tm9,1.0,1.0,"$1,449
12 Month Lease",,8/3/26,12 month lease,"Air Conditioning, Carpet, Dishwasher, Hardwood Floors, Patio, Balcony, Porch or Deck, Smoke-Free, Fitness Room, Near Bus Stop, Laundry Room in Community",0,0,1449.0,1,0,1,1,0,0,1,0,0,1,1,0,0
204 Shamrock Road,"204 Shamrock Road, Charlottesville, VA 22903",0.2,https://offgroundshousing.student.virginia.edu/housing/property/204-shamrock-road/ocpfb71tmv,2.0,1.0,"$2,000
Plus Fees
6 Month Lease","1,020",Available Now,6 Month Lease,"Air Conditioning, Hardwood Floors, High-Speed Internet Available, Patio, Balcony, Porch or Deck, Smoke-Free, Near Bus Stop, Washer/Dryer in Unit",0,0,2000.0,0,1,1,0,1,0,1,0,0,0,0,0,0
Fountain Court Apartments,"900 Fountain Court, Charlottesville, VA 22901",3.1,https://offgroundshousing.student.virginia.edu/housing/property/fountain-court-apartments/ocpsn6qbz5,2.0,1.0,"$1,625
Plus Fees",877,Available Now,12 month lease,"Air Conditioning, Carpet, Dishwasher, High-Speed Internet Available, Smoke-Free, International Student Friendly, Washer/Dryer in Unit",0,0,1625.0,1,1,0,0,1,0,0,0,0,0,1,0,0
Walking distance to UVA! NOW PRE-LEASING FOR 2027-2028 school year,"165 Chancellor Street, Charlottesville, VA 22903",0.0,https://offgroundshousing.student.virginia.edu/housing/property/walking-distance-to-uva-now-pre-leasing-for-2027-2028-school-year/ocpn7w37gm,7.0,4.0,"$12,795
Plus Fees","3,413",7/20/27,12 month lease,"Air Conditioning, Dishwasher, Hardwood Floors, Smoke-Free, Washer/Dryer in Unit",0,0,12795.0,1,1,0,0,0,0,0,0,0,0,0,0,0
423 First Street North,"423 1st Street North, Charlottesville, VA 22902",1.0,https://offgroundshousing.student.virginia.edu/housing/property/423-first-street-north/ocpbj5z28c,1.0,1.0,"$1,499
Plus Fees
12 Month Lease",620,Available Now,12 Month Lease,"Air Conditioning, Dishwasher, Hardwood Floors, Patio, Balcony, Porch or Deck, Smoke-Free, Laundry Room in Community, Washer/Dryer in Unit, Near Bus Stop",0,0,1499.0,1,1,1,0,0,0,1,0,0,1,0,0,0
The Pavilion at North Grounds Apartments,"2101 Arlington Boulevard, Charlottesville, VA 22903",0.3,https://offgroundshousing.student.virginia.edu/housing/property/the-pavilion-at-north-grounds-apartments/ocpevssdrp,2.0,2.0,"$1,615
Plus Fees
12 Month Lease","1,332",,12 month lease,"Air Conditioning, Carpet, Disability Accessible, Dishwasher, Fireplace, Furnished, Hardwood Floors, High-Speed Internet Available, Loft, Patio, Balcony, Porch or Deck, Smoke-Free, Fitness Room, Individual Leases, International Student Friendly, Near Bus Stop, Outdoor Rec Space, Pool, Roommate Matching, Washer/Dryer in Unit",0,0,1615.0,1,1,1,1,1,1,1,1,0,0,1,1,0
"2115 Tarleton Dr (Charlottesville, VA)","2115 Tarleton Dr, Charlottesville, VA 22901",2.8,https://offgroundshousing.student.virginia.edu/housing/property/2115-tarleton-dr-charlottesville-va/rw10jl3,6.0,3.0,"$3,200
Plus Fees","2,690",5/1/26,,"Dishwasher, Fireplace, Hardwood Floors, Refrigerator, Stove, Washer/Dryer in Unit",0,0,3200.0,1,1,0,0,0,0,0,0,0,0,0,0,0
"Looking to sublet apartment in apartment building on Shamrock Rd., just steps from UVA!","102 Shamrock Road, Charlottesville, VA 22903",0.2,https://offgroundshousing.student.virginia.edu/housing/property/looking-to-sublet-apartment-in-apartment-building-on-shamrock-rd-just-steps-from-uva/ocpqgq5q1y,1.0,1.0,"$850
Plus Fees
7 Month Lease",,,7 Month Lease,"Air Conditioning, Carpet, High-Speed Internet Available, Smoke-Free, Laundry Access, Near Bus Stop",0,0,850.0,0,0,0,0,1,0,1,0,0,0,1,0,0
Jack Jouett Apartments - Specials on select 2 bedrooms,"68 University Way, Charlottesville, VA 22903",0.1,https://offgroundshousing.student.virginia.edu/housing/property/jack-jouett-apartments-specials-on-select-2-bedrooms/ocp79mfw0w,2.0,2.0,"$1,500 / Bedroom
Plus Fees
12 Month Lease",904,7/1/26,12 month lease,"Air Conditioning, Dishwasher, Fireplace, Hardwood Floors, High-Speed Internet Available, Patio, Balcony, Porch or Deck, Smoke-Free, International Student Friendly, Near Bus Stop, Washer/Dryer in Unit",1,0,1500.0,1,1,1,0,1,0,1,0,0,0,0,0,0
Jack Jouett Apartments - Specials on select 2 bedrooms,"68 University Way, Charlottesville, VA 22903",0.1,https://offgroundshousing.student.virginia.edu/housing/property/jack-jouett-apartments-specials-on-select-2-bedrooms/ocp79mfw0w,2.0,2.0,"$1,675 - $1,800 / Bedroom
Plus Fees
12 Month Lease",983,Available Now,12 month lease,"Air Conditioning, Dishwasher, Fireplace, Hardwood Floors, High-Speed Internet Available, Patio, Balcony, Porch or Deck, Smoke-Free, International Student Friendly, Near Bus Stop, Washer/Dryer in Unit",1,0,1737.5,1,1,1,0,1,0,1,0,0,0,0,0,0
Jack Jouett Apartments - Specials on select 2 bedrooms,"68 University Way, Charlottesville, VA 22903",0.1,https://offgroundshousing.student.virginia.edu/housing/property/jack-jouett-apartments-specials-on-select-2-bedrooms/ocp79mfw0w,2.0,2.0,"$2,000 / Bedroom
Plus Fees
12 Month Lease",983,8/1/26,12 month lease,"Air Conditioning, Dishwasher, Fireplace, Hardwood Floors, High-Speed Internet Available, Patio, Balcony, Porch or Deck, Smoke-Free, International Student Friendly, Near Bus Stop, Washer/Dryer in Unit",1,0,2000.0,1,1,1,0,1,0,1,0,0,0,0,0,0
"Summer 2026 Sublet for Girl at Lark on Main, Close to Campus","1000 West Main Street, Charlottesville, VA 22903",0.6,https://offgroundshousing.student.virginia.edu/housing/property/summer-2026-sublet-for-girl-at-lark-on-main-close-to-campus/ocp7459slw,1.0,1.0,"$1,129 / Bedroom
Plus Fees
3 Month Lease",,,"Flexible/Other lease, Month-to-Month, Short-Term lease, Summer Sublet","Air Conditioning, Carpet, Dishwasher, Furnished, Hardwood Floors, High-Speed Internet Available, Patio, Balcony, Porch or Deck, Smoke-Free, Fitness Room, Individual Leases, International Student Friendly, Near Bus Stop, Roommate Matching, Washer/Dryer in Unit",1,0,1129.0,1,1,1,1,1,0,1,1,0,0,1,1,0
415 2nd Street NE Unit 2,"415 2nd St NE, Charlottesville, VA 22902",1.7,https://offgroundshousing.student.virginia.edu/housing/property/415-2nd-street-ne-unit-2/w8jr88k,1.0,1.0,"Total Monthly Price
$1,625",775,Available Now,,"Air Conditioning, Hardwood Floors, Kitchen, Refrigerator, Stove",0,0,1625.0,0,0,0,0,0,0,0,0,0,0,0,0,0
2723 Silas Jackson Lane,"2723 Silas Jackson Lane, Charlottesville, VA 22901",7.1,https://offgroundshousing.student.virginia.edu/housing/property/2723-silas-jackson-lane/ocpchk35pe,2.0,1.0,"$1,895
12 Month Lease",648,6/1/26,12 Month Lease,"Air Conditioning, Carpet, Hardwood Floors, High-Speed Internet Available, Patio, Balcony, Porch or Deck, Smoke-Free, International Student Friendly, Washer/Dryer in Unit",0,0,1895.0,0,1,1,0,1,0,0,0,0,0,1,0,0
1321 Willow Drive Unit,"1321 Willow Dr, Charlottesville, VA 22902",2.8,https://offgroundshousing.student.virginia.edu/housing/property/1321-willow-drive-unit/plvbmyr,2.0,1.0,"Total Monthly Price
$1,995","1,048",Available Now,,"Air Conditioning, Kitchen, Refrigerator",0,0,1995.0,0,0,0,0,0,0,0,0,0,0,0,0,0
Renovated 3 Bedroom Townhome Close to Downtown,"105A Longwood Drive, Charlottesville, VA 22903",1.2,https://offgroundshousing.student.virginia.edu/housing/property/renovated-3-bedroom-townhome-close-to-downtown/ocprlf9yd3,3.0,1.5,"$2,145
12 Month Lease","1,170",8/1/26,12 Month Lease,"Air Conditioning, Dishwasher, Hardwood Floors, High-Speed Internet Available, Patio, Balcony, Porch or Deck, Smoke-Free, International Student Friendly, Near Bus Stop, Washer/Dryer in Unit",0,0,2145.0,1,1,1,0,1,0,1,0,0,0,0,0,0
270 Albert Court Unit,"270 Albert Ct, Charlottesville, VA 22901",2.7,https://offgroundshousing.student.virginia.edu/housing/property/270-albert-court-unit/n4e682p,3.0,2.0,"Total Monthly Price
$2,000","2,520",Available Now,,"Air Conditioning, Kitchen, Refrigerator",0,0,2000.0,0,0,0,0,0,0,0,0,0,0,0,0,0
"Montebello Circle Spring '26 Sublease–Fully Furnished, 5 min. to E-way, 10 min. to Central Grounds","106 Montebello Circle, Charlottesville, VA 22903",0.0,https://offgroundshousing.student.virginia.edu/housing/property/montebello-circle-spring-26-sublease-fully-furnished-5-min-to-e-way-10-min-to-central-grounds/ocpwzh6xsj,1.0,1.0,"$800 / Bedroom
Plus Fees
6 Month Lease",,,6 Month Lease,"Air Conditioning, Carpet, Dishwasher, Furnished, High-Speed Internet Available, Patio, Balcony, Porch or Deck, Smoke-Free, Individual Leases, International Student Friendly, Near Bus Stop, Washer/Dryer in Unit",1,0,800.0,1,1,1,0,1,0,1,1,0,0,1,1,0
502 Park Hill Unit,"502 Park Hill, Charlottesville, VA 22902",2.3,https://offgroundshousing.student.virginia.edu/housing/property/502-park-hill-unit/9h8fcr4,4.0,3.0,"Total Monthly Price
$4,800","4,032",Available Now,,"Air Conditioning, Basement, Dining Room, Furnished, Hardwood Floors, Heat - Central, Heat - Floor/Wall, Heating, Kitchen, Refrigerator, Washer/Dryer in Unit",0,0,4800.0,0,1,0,0,0,0,0,1,0,0,0,0,0
39 University Circle APT 5,"39 University Circle APT 5, Charlottesville, VA 22903",,https://offgroundshousing.student.virginia.edu/housing/property/39-university-circle-apt-5/ocpe4x3btq,2.0,2.0,"$1,200 / Bedroom
9 Month Lease","1,700",Available Now,9 Month Lease,"Air Conditioning, Dishwasher, Fireplace, Furnished, Hardwood Floors, High-Speed Internet Available, Patio, Balcony, Porch or Deck, Washer/Dryer in Unit",1,0,1200.0,1,1,1,0,1,0,0,1,0,0,0,0,0
5175 Lazy Branch Lane Unit,"5175 Lazy Branch Ln, Keswick, VA 22947",10.1,https://offgroundshousing.student.virginia.edu/housing/property/5175-lazy-branch-lane-unit/g19gqnx,3.0,3.0,"Total Monthly Price
$3,450","3,110",Available Now,,"Air Conditioning, Basement, Carpet, Dishwasher, Garbage Disposal, Heat - Central, Heat - Floor/Wall, Heating, Kitchen, Microwave, Refrigerator, Stove, Washer/Dryer in Unit",0,0,3450.0,1,1,0,0,0,0,0,0,0,0,1,0,0
Lark On Main,"1000 West Main Street, Charlottesville, VA 22903",0.6,https://offgroundshousing.student.virginia.edu/housing/property/lark-on-main/ocpv9v564e,4.0,4.0,"$850 / Bedroom
Plus Fees
6 Month Lease","1,300",,"Month-to-Month, Semester, Short-Term lease, Spring Sublet, Summer Sublet, Winter Sublet","Air Conditioning, Carpet, Disability Accessible, Dishwasher, Furnished, Hardwood Floors, High-Speed Internet Available, Loft, Patio, Balcony, Porch or Deck, Smoke-Free, Fitness Room, Individual Leases, International Student Friendly, Near Bus Stop, Outdoor Rec Space, Pool, Roommate Matching, Washer/Dryer in Unit",1,0,850.0,1,1,1,1,1,1,1,1,0,0,1,1,0
2424 Holkham Drive Unit,"2424 Holkham Dr, Charlottesville, VA 22901",7.1,https://offgroundshousing.student.virginia.edu/housing/property/2424-holkham-drive-unit/qkeqfmw,4.0,3.0,"Total Monthly Price
$3,750","3,705",Available Now,,"Air Conditioning, Basement, Dishwasher, Heat - Central, Heat - Floor/Wall, Heating, Kitchen, Refrigerator, Stove",0,0,3750.0,1,0,0,0,0,0,0,0,0,0,0,0,0
1 bedroom with den $1090 Nice apartment good location,"1000 Linden Avenue 108, Charlottesville, VA 22902",6.4,https://offgroundshousing.student.virginia.edu/housing/property/1-bedroom-with-den-1090-nice-apartment-good-location/ocpgl3vmbz,1.0,1.0,"$1,090
Plus Fees
6 Month Lease",750,Available Now,6 Month Lease,"Air Conditioning, Carpet, Disability Accessible, Dishwasher, High-Speed Internet Available, Smoke-Free, Individual Leases, Near Bus Stop, Laundry Room in Community",0,0,1090.0,1,0,0,0,1,0,1,0,0,1,1,1,0
2508 Naylor Street Unit,"2508 Naylor St, Charlottesville, VA 22903",1.2,https://offgroundshousing.student.virginia.edu/housing/property/2508-naylor-street-unit/qcnrssw,3.0,3.0,"Total Monthly Price
$1,900","1,298",Available Now,,"Air Conditioning, Dining Room, Dishwasher, Heat - Central, Heat - Floor/Wall, Heating, Kitchen, Microwave, Refrigerator, Stove, Washer/Dryer in Unit",0,0,1900.0,1,1,0,0,0,0,0,0,0,0,0,0,0
Just one block from UVA! Now pre-leasing for the 2027-2028 school year,"209 B Chancellor Street, Charlottesville, VA 22903",0.0,https://offgroundshousing.student.virginia.edu/housing/property/just-one-block-from-uva-now-pre-leasing-for-the-2027-2028-school-year/ocpgfvspww,2.0,1.0,"$2,950
Plus Fees
12 Month Lease",675,7/23/26,12 month lease,"Air Conditioning, Dishwasher, Furnished, Smoke-Free, Laundry Room in Community",0,0,2950.0,1,0,0,0,0,0,0,1,0,1,0,0,0
905 Druid Avenue Unit,"905 Druid Ave, Charlottesville, VA 22902",2.0,https://offgroundshousing.student.virginia.edu/housing/property/905-druid-avenue-unit/69eed2v,4.0,2.0,"Total Monthly Price
$2,795","2,112",Available Now,,"Air Conditioning, Basement, Dining Room, Heat - Central, Heat - Floor/Wall, Heating, Kitchen, Refrigerator, Washer/Dryer in Unit",0,0,2795.0,0,1,0,0,0,0,0,0,0,0,0,0,0
"504 14th Street, Close to Corner, Large House w Parking Available","504 14th Street Northwest, Charlottesville, VA 22903",0.6,https://offgroundshousing.student.virginia.edu/housing/property/504-14th-street-close-to-corner-large-house-w-parking-available/ocp2yjem4c,3.0,3.0,"$1,200 / Bedroom
Plus Fees
12 Month Lease",,6/20/26,12 Month Lease,"Air Conditioning, Dishwasher, Fireplace, Hardwood Floors, High-Speed Internet Available, Loft, Patio, Balcony, Porch or Deck, Washer/Dryer in Unit",1,0,1200.0,1,1,1,0,1,0,0,0,0,0,0,0,0
1625 Center Avenue Unit,"1625 Center Ave, Charlottesville, VA 22903",0.6,https://offgroundshousing.student.virginia.edu/housing/property/1625-center-avenue-unit/n3zc30n,3.0,2.0,"Total Monthly Price
$2,400","1,316",Available Now,,"Air Conditioning, Kitchen, Refrigerator",0,0,2400.0,0,0,0,0,0,0,0,0,0,0,0,0,0
3 Story,"107 High Avenue Northeast, Coeburn, VA 24230",200.0,https://offgroundshousing.student.virginia.edu/housing/property/3-story/ocprs10t20,6.0,6.0,"$1,500
Plus Fees",,Available Now,"12 month lease, Flexible/Other lease, Month-to-Month","Hardwood Floors, Smoke-Free, No Laundry in Unit",0,0,1500.0,0,0,0,0,0,0,0,0,0,0,0,0,0
511 N 1st Street Unit 203,"511 1st St N, Charlottesville, VA 22902",1.7,https://offgroundshousing.student.virginia.edu/housing/property/511-n-1st-street-unit-203/gmpg8fy,2.0,1.0,"Total Monthly Price
$1,995",845,Available Now,,"Air Conditioning, Kitchen, Refrigerator",0,0,1995.0,0,0,0,0,0,0,0,0,0,0,0,0,0
Turtle Creek Condos,"143 Turtle Creek Road Apt 12, Charlottesville, VA 22901",2.1,https://offgroundshousing.student.virginia.edu/housing/property/turtle-creek-condos/ocph8n1r12,1.0,1.0,"$1,650
Plus Fees",749,Available Now,12 month lease,"Air Conditioning, Dishwasher, Hardwood Floors, Patio, Balcony, Porch or Deck, Fitness Room, International Student Friendly, Pool, Tennis Court, Washer/Dryer in Unit",0,0,1650.0,1,1,1,1,0,1,0,0,0,0,0,0,0
Turtle Creek Condos,"143 Turtle Creek Road Apt 12, Charlottesville, VA 22901",2.1,https://offgroundshousing.student.virginia.edu/housing/property/turtle-creek-condos/ocph8n1r12,1.0,1.0,"$1,750
Plus Fees",890,Available Now,12 month lease,"Air Conditioning, Dishwasher, Hardwood Floors, Patio, Balcony, Porch or Deck, Fitness Room, International Student Friendly, Pool, Tennis Court, Washer/Dryer in Unit",0,0,1750.0,1,1,1,1,0,1,0,0,0,0,0,0,0
Turtle Creek Condos,"143 Turtle Creek Road Apt 12, Charlottesville, VA 22901",2.1,https://offgroundshousing.student.virginia.edu/housing/property/turtle-creek-condos/ocph8n1r12,2.0,2.0,"$1,895
Plus Fees","1,120",Available Now,12 month lease,"Air Conditioning, Dishwasher, Hardwood Floors, Patio, Balcony, Porch or Deck, Fitness Room, International Student Friendly, Pool, Tennis Court, Washer/Dryer in Unit",0,0,1895.0,1,1,1,1,0,1,0,0,0,0,0,0,0
Turtle Creek Condos,"143 Turtle Creek Road Apt 12, Charlottesville, VA 22901",2.1,https://offgroundshousing.student.virginia.edu/housing/property/turtle-creek-condos/ocph8n1r12,2.0,2.0,"$1,950 - $1,995
Plus Fees",979,Available Now,12 month lease,"Air Conditioning, Dishwasher, Hardwood Floors, Patio, Balcony, Porch or Deck, Fitness Room, International Student Friendly, Pool, Tennis Court, Washer/Dryer in Unit",0,0,1972.5,1,1,1,1,0,1,0,0,0,0,0,0,0
511 1st Street N Unit 203,"511 1st St N, Charlottesville, VA 22902",1.7,https://offgroundshousing.student.virginia.edu/housing/property/511-1st-street-n-unit-203/rx5wel1,2.0,1.0,"Total Monthly Price
$1,995",845,Available Now,,"Kitchen, Refrigerator",0,0,1995.0,0,0,0,0,0,0,0,0,0,0,0,0,0
"Affordable luxury living at Eagles Landing, close to Campus","140 Yellowstone Drive APT 303, Charlottesville, VA 22903",1.0,https://offgroundshousing.student.virginia.edu/housing/property/affordable-luxury-living-at-eagles-landing-close-to-campus/ocpy6h8d9s,2.0,2.0,"$1,770
Plus Fees
12 Month Lease",900,7/1/26,12 Month Lease,"Air Conditioning, Carpet, Dishwasher, Furnished, High-Speed Internet Available, Patio, Balcony, Porch or Deck, Smoke-Free, Fitness Room, Individual Leases, International Student Friendly, Near Bus Stop, Outdoor Rec Space, Pool, Roommate Matching, Tennis Court, Washer/Dryer in Unit",0,0,1770.0,1,1,1,1,1,1,1,1,0,0,1,1,0
975 Greenmurray Hill Unit,"975 Greenmurray Hill, Charlottesville, VA 22903",5.9,https://offgroundshousing.student.virginia.edu/housing/property/975-greenmurray-hill-unit/l05ld7e,3.0,2.0,"Total Monthly Price
$2,250","2,496",Available Now,,"Air Conditioning, Kitchen, Refrigerator",0,0,2250.0,0,0,0,0,0,0,0,0,0,0,0,0,0
2 Bdrm Apartment on West Main St,"625 West Main St., Charlottesville, VA 22903",0.3,https://offgroundshousing.student.virginia.edu/housing/property/2-bdrm-apartment-on-west-main-st/ocp8wbfgb3,2.0,1.0,"$1,000
Plus Fees
12 Month Lease",760,8/1/26,12 Month Lease,"Air Conditioning, Carpet, Smoke-Free, Near Bus Stop, No Laundry in Unit",0,0,1000.0,0,0,0,0,0,0,1,0,0,0,1,0,0
1302 Crozet Avenue Unit,"1302 Crozet Ave, Crozet, VA 22932",10.7,https://offgroundshousing.student.virginia.edu/housing/property/1302-crozet-avenue-unit/9gt9v47,1.0,1.0,"Total Monthly Price
$1,295",700,Available Now,,"Air Conditioning, Kitchen, Refrigerator, Stove",0,0,1295.0,0,0,0,0,0,0,0,0,0,0,0,0,0
Ivy Gardens Apartment - Perfect for Summer Graduate and Undergrad Students & Faculty,"128 Ivy Drive, Charlottesville, VA 22903",0.3,https://offgroundshousing.student.virginia.edu/housing/property/ivy-gardens-apartment-perfect-for-summer-graduate-and-undergrad-students-and-faculty/ocp085h3n3,1.0,1.0,"$1,500
Plus Fees",800,,"Fall Sublet, Month-to-Month, Semester","Air Conditioning, Carpet, Dishwasher, Furnished, High-Speed Internet Available, Patio, Balcony, Porch or Deck, Fitness Room, Near Bus Stop, Pool, Laundry Room in Community, No Laundry in Unit",0,0,1500.0,1,0,1,1,1,1,1,1,0,1,1,0,0
301 7th Street SW Unit A,"301 7th St SW, Charlottesville, VA 22903",1.0,https://offgroundshousing.student.virginia.edu/housing/property/301-7th-street-sw-unit-a/sv4bld4,1.0,1.0,"Total Monthly Price
$1,750",546,Available Now,,"Air Conditioning, Kitchen, Refrigerator",0,0,1750.0,0,0,0,0,0,0,0,0,0,0,0,0,0
"Sublease for June-July 20, 2026 (May start possible) - 3 min from UVA Law, 7 min from Medical Center",,0.4,https://offgroundshousing.student.virginia.edu/housing/property/sublease-for-june-july-20-2026-may-start-possible-3-min-from-uva-law-7-min-from-medical-center/ocpnch9jwm,4.0,2.0,"$3,650
2 Month Lease","1,998",,2 Month Lease,"Air Conditioning, Dishwasher, Hardwood Floors, High-Speed Internet Available, Patio, Balcony, Porch or Deck, Smoke-Free, Near Bus Stop, Washer/Dryer in Unit",0,0,3650.0,1,1,1,0,1,0,1,0,0,0,0,0,0
139 Old Fifth Circle Unit,"139 Old Fifth Cir, Charlottesville, VA 22903",1.7,https://offgroundshousing.student.virginia.edu/housing/property/139-old-fifth-circle-unit/j6x2m64,4.0,4.0,"Total Monthly Price
$2,400","2,100",Available Now,,"Air Conditioning, Basement, Carpet, Dishwasher, Garbage Disposal, Hardwood Floors, Heat - Central, Heat - Floor/Wall, Heating, Kitchen, Microwave, Refrigerator, Stove, Washer/Dryer Hookups",0,0,2400.0,1,0,0,0,0,0,0,0,0,0,1,0,0
"2300 sq. ft. Townhome to Share, 1.4 Miles from Grounds","114 Harvest Drive, Charlottesville, VA 22903",0.3,https://offgroundshousing.student.virginia.edu/housing/property/2300-sq-ft-townhome-to-share-1-4-miles-from-grounds/ocpl7vly2d,2.0,2.5,"$950 / Bedroom
12 Month Lease","2,300",Available Now,12 Month Lease,"Air Conditioning, Carpet, Dishwasher, Furnished, Hardwood Floors, High-Speed Internet Available, Patio, Balcony, Porch or Deck, Smoke-Free, Fitness Room, International Student Friendly, Near Bus Stop, Outdoor Rec Space, Pool, Laundry Access, Washer/Dryer in Unit",1,0,950.0,1,1,1,1,1,1,1,1,0,0,1,0,0
"730 Walker Sq (Charlottesville, VA)","730 Walker Sq, Charlottesville, VA 22903",0.8,https://offgroundshousing.student.virginia.edu/housing/property/730-walker-sq-charlottesville-va/50g1tbm,1.0,1.0,"Total Monthly Price
$1,800
12 Month Lease",785,6/1/26,12 Month Lease,"Air Conditioning, Ceiling Fans, Dishwasher, Kitchen, Microwave, Smoke-Free, Stainless Steel Appliances, Business Center, Clubhouse, Fitness Room, Pool, Washer/Dryer in Unit",0,0,1800.0,1,1,0,1,0,1,0,0,0,0,0,0,0
The Flats at West Village,"The Flats At West Village 852 West Main Street, Charlottesville,, VA 22903",0.7,https://offgroundshousing.student.virginia.edu/housing/property/the-flats-at-west-village/ocp6r93pqv,1.0,1.0,"$1,239 / Bedroom
Plus Fees
7 Month Lease",,,Spring Sublet,"Air Conditioning, Carpet, Disability Accessible, Dishwasher, Furnished, High-Speed Internet Available, Smoke-Free, Fitness Room, Individual Leases, International Student Friendly, Near Bus Stop, Outdoor Rec Space, Pool, Roommate Matching, Washer/Dryer in Unit",1,0,1239.0,1,1,0,1,1,1,1,1,0,0,1,1,0
"956 Huntwood Ln (Charlottesville, VA)","956 Huntwood Ln, Charlottesville, VA 22901",2.0,https://offgroundshousing.student.virginia.edu/housing/property/956-huntwood-ln-charlottesville-va/dxg1sxl,3.0,2.5,"Total Monthly Price
$2,300
12 Month Lease","1,500",7/31/26,12 Month Lease,"Air Conditioning, Basement, Ceiling Fans, Dining Room, Dishwasher, Extra Storage, Fireplace, Furnished, Hardwood Floors, Heat - Central, Heat - Floor/Wall, Heating, Patio, Balcony, Porch or Deck, Smoke-Free, Storage Space Included, Bike Racks, Secure bike storage, Washer/Dryer in Unit",0,0,2300.0,1,1,1,0,0,0,0,1,0,0,0,0,0
1 Bd Apt Walk or Bike to Campus,,1.5,https://offgroundshousing.student.virginia.edu/housing/property/1-bd-apt-walk-or-bike-to-campus/ocpzsdlyxz,1.0,1.0,"$1,200
Plus Fees",800,Available Now,"12 month lease, 9 month lease","Air Conditioning, Carpet, Dishwasher, High-Speed Internet Available, Smoke-Free, Laundry Access, Near Bus Stop",0,0,1200.0,1,0,0,0,1,0,1,0,0,0,1,0,0
2308 Fontaine,"2308 Fontaine Ave Ext, Charlottesville, VA 22903",0.9,https://offgroundshousing.student.virginia.edu/housing/property/2308-fontaine/qwlrrzw,4.0,2.0,"$3,200
Plus Fees","1,530",8/15/26,,,0,0,3200.0,0,0,0,0,0,0,0,0,0,0,0,0,0
Towne Court,"762 King St., Charlottesville, VA 22903",0.2,https://offgroundshousing.student.virginia.edu/housing/property/towne-court/ocppj2mv5s,1.0,1.0,"$899 - $1,175 / Bedroom
12 Month Lease",,8/3/26,12 month lease,"Air Conditioning, Carpet, Disability Accessible, Dishwasher, Loft, Smoke-Free, Individual Leases, Near Bus Stop, Roommate Matching, Washer/Dryer in Unit",1,0,1037.0,1,1,0,0,0,0,1,0,0,0,1,1,0
Towne Court,"762 King St., Charlottesville, VA 22903",0.2,https://offgroundshousing.student.virginia.edu/housing/property/towne-court/ocppj2mv5s,2.0,2.0,"$1,999
12 Month Lease",,8/3/26,12 month lease,"Air Conditioning, Carpet, Disability Accessible, Dishwasher, Loft, Smoke-Free, Individual Leases, Near Bus Stop, Roommate Matching, Washer/Dryer in Unit",0,0,1999.0,1,1,0,0,0,0,1,0,0,0,1,1,0
JB9172 - 104 Stratford Court,"104 Stratford Ct, Charlottesville, VA 22903",0.6,https://offgroundshousing.student.virginia.edu/housing/property/jb9172-104-stratford-court/yllxslv,2.0,1.0,"$2,000
Plus Fees",705,8/14/26,,Dishwasher,0,0,2000.0,1,0,0,0,0,0,0,0,0,0,0,0,0
Easy walkable access to UVA Grounds - NOW LEASING FOR THE 2026 2027 TERM,"343 15th Street Northwest, Charlottesville, VA 22903",0.6,https://offgroundshousing.student.virginia.edu/housing/property/easy-walkable-access-to-uva-grounds-now-leasing-for-the-2026-2027-term/ocpt77sgy9,2.0,2.0,"$3,945
12 Month Lease",,4/13/26,12 Month Lease,"Air Conditioning, Dishwasher, Furnished, Washer/Dryer in Unit",0,0,3945.0,1,1,0,0,0,0,0,1,0,0,0,0,0
Spacious Brookwood Townhome Near UVA Medical Center & Downtown,"215 Brookwood Dr, Charlottesville, VA 22902",1.3,https://offgroundshousing.student.virginia.edu/housing/property/spacious-brookwood-townhome-near-uva-medical-center-and-downtown/ckb7fmd,4.0,4.5,"$2,995
Plus Fees","2,640",7/6/26,,"Dishwasher, Exterior Maintenance, HOA Fees, Street Snow Removal",0,0,2995.0,1,0,0,0,0,0,0,0,0,0,0,0,0
1304 Avon Street,"1304 Avon Street, Charlottesville, VA 22902",,https://offgroundshousing.student.virginia.edu/housing/property/1304-avon-street/ocp1ylevb4,2.0,1.0,"$1,895
12 Month Lease",750,8/1/26,12 Month Lease,"Air Conditioning, Dishwasher, Hardwood Floors, Smoke-Free, International Student Friendly, Washer/Dryer in Unit",0,0,1895.0,1,1,0,0,0,0,0,0,0,0,0,0,0
Brand New Pet-Friendly Crozet Apartment,"2209 Leeham St, Crozet, VA 22932",10.8,https://offgroundshousing.student.virginia.edu/housing/property/brand-new-pet-friendly-crozet-apartment/vwm9zbd,2.0,1.0,"$1,765
Plus Fees",892,5/1/26,,Dishwasher,0,0,1765.0,1,0,0,0,0,0,0,0,0,0,0,0,0
Fully furnished bedroom w/bath in Private Home,"1532 Lake Forest Drive, Charlottesville, VA 22901",2.7,https://offgroundshousing.student.virginia.edu/housing/property/fully-furnished-bedroom-w-bath-in-private-home/ocp6cfejht,1.0,1.0,"$850 / Bedroom
Plus Fees
12 Month Lease",,Available Now,12 month lease,"Air Conditioning, Carpet, Dishwasher, Furnished, High-Speed Internet Available, Smoke-Free, Individual Leases, Near Bus Stop, Washer/Dryer in Unit",1,0,850.0,1,1,0,0,1,0,1,1,0,0,1,1,0
119 Observatory Lane - Close to UVA!,"119 Observatory Ave, Charlottesville, VA 22903",0.7,https://offgroundshousing.student.virginia.edu/housing/property/119-observatory-lane-close-to-uva/6p8fsst,2.0,1.0,"$1,995
Plus Fees","1,052",6/26/26,,"Dishwasher, Attic storage, Cooling (central A/C), Fireplace (1 decorative only), Hardwood flooring, Heating (electric heat pump), Lawn Care Not Provided, No Undergrads, Non-Smoking Unit, None, Pets are NOT permitted, Private Driveway, Screened-in Porch, Stove (electric)",0,0,1995.0,1,0,0,0,0,0,0,0,0,0,1,0,0
Full house near West main for rent,"515 Brown Street, Charlottesville, VA 22903",1.1,https://offgroundshousing.student.virginia.edu/housing/property/full-house-near-west-main-for-rent/ocpgknwmnz,3.0,2.0,"$2,700
Plus Fees
12 Month Lease","2,100",Available Now,12 month lease,"Air Conditioning, Dishwasher, Hardwood Floors, High-Speed Internet Available, Patio, Balcony, Porch or Deck, Smoke-Free, Laundry Access, Washer/Dryer in Unit, Near Bus Stop",0,0,2700.0,1,1,1,0,1,0,1,0,0,0,0,0,0
"1 Kanawha Ct (Palmyra, VA)","1 Kanawha Ct, Palmyra, VA 22963",12.1,https://offgroundshousing.student.virginia.edu/housing/property/1-kanawha-ct-palmyra-va/wk6hfvj,3.0,2.5,"$2,385
Plus Fees","1,976",5/1/26,,Pool,0,0,2385.0,0,0,0,0,0,1,0,0,0,0,0,0,0
"2 Blocks from UVA Hospital, Nursing & Medical School! Now Pre-Leasing for the 2026/27 School Year","1023 King Street, Charlottesville, VA 22903",0.9,https://offgroundshousing.student.virginia.edu/housing/property/2-blocks-from-uva-hospital-nursing-and-medical-school-now-pre-leasing-for-the-2026-27-school-year/ocp2mfsflb,2.0,2.0,"$3,250
Plus Fees
12 Month Lease","1,495",7/15/26,12 month lease,"Air Conditioning, Dishwasher, Furnished, Hardwood Floors, High-Speed Internet Available, Patio, Balcony, Porch or Deck, Smoke-Free, Washer/Dryer in Unit",0,0,3250.0,1,1,1,0,1,0,0,1,0,0,0,0,0
2 Bedroom Condo in Birnam Wood,"1542 Birnam Dr, Charlottesville, VA 22901",3.1,https://offgroundshousing.student.virginia.edu/housing/property/2-bedroom-condo-in-birnam-wood/s59e955,2.0,2.5,"$1,785
Plus Fees","1,500",7/15/26,,"Dishwasher, Carpet & Hardwood flooring, Ceiling fans, Cooling (central A/C), Dual Vanities, Fireplace (1 wood-burning), Garage (1 car), Heat Pump (electric), Lawn care provided by HOA, Pets permitted- Limit 2 (DOGS or CATS): (fees and documents required), Private Driveway, Skylights, Stove (electric), Trash service, Walk-In Closet, Walking trail",0,0,1785.0,1,0,0,0,0,0,0,0,1,0,1,0,0
"Modern 1BR in 3BR/3.5BA Apartment at The Pointe – Steps from UVA, Private Suites, On-Site Gym","230 15th Street Northwest, Charlottesville, VA 22903",0.5,https://offgroundshousing.student.virginia.edu/housing/property/modern-1br-in-3br-3-5ba-apartment-at-the-pointe-steps-from-uva-private-suites-on-site-gym/ocpjpv0y27,3.0,3.5,"$1,465 / Bedroom
Plus Fees","1,465",,"12 month lease, Academic Year, Fall Sublet, Spring Sublet, Summer Sublet, Winter Sublet","Air Conditioning, Dishwasher, Hardwood Floors, Smoke-Free, Fitness Room, Individual Leases, International Student Friendly, Near Bus Stop, Outdoor Rec Space, Pool, Roommate Matching, Washer/Dryer in Unit",1,0,1465.0,1,1,0,1,0,1,1,0,0,0,0,1,0
"102 Berwick Cir (Charlottesville, VA)","102 Berwick Cir, Charlottesville, VA 22901",4.5,https://offgroundshousing.student.virginia.edu/housing/property/102-berwick-cir-charlottesville-va/ygc00vv,1.0,1.0,"$1,300
Plus Fees",850,Available Now,,,0,0,1300.0,0,0,0,0,0,0,0,0,0,0,0,0,0
Timberlake Cottage,"2701 Timberlake Road, Charlottesville, VA 22901",5.4,https://offgroundshousing.student.virginia.edu/housing/property/timberlake-cottage/ocprtsrkk0,2.0,2.0,"$2,050
12 Month Lease","1,200",4/1/26,12 Month Lease,"Air Conditioning, Dishwasher, Fireplace, Hardwood Floors, High-Speed Internet Available, Patio, Balcony, Porch or Deck, Smoke-Free, Washer/Dryer in Unit",0,0,2050.0,1,1,1,0,1,0,0,0,0,0,0,0,0
3 Bedroom Flat Available at the Woodlands ...,"1810 Candlewood Ct, Charlottesville, VA 22903",2.0,https://offgroundshousing.student.virginia.edu/housing/property/3-bedroom-flat-available-at-the-woodlands/rzyvdp3,3.0,3.0,"$2,450
Plus Fees","1,369",8/24/26,,"Dishwasher, Basketball Court, Carpet & Hardwood flooring, Cooling (central A/C), Fitness Center, Heat Pump (electric), Mail Key Needed, Outdoor Fireplace, Pets permitted- Limit 2 (DOGS or CATS): (fees and documents required), Pool (community), Stove (electric), Tennis court, Trash service, Volleyball Court",0,0,2450.0,1,0,0,0,0,1,0,0,0,0,1,0,0
Walking distance to UVA grounds and UVA Hospital - Now Pre-Leasing for the 2027-2028 School year!,"516 Valley Road Unit A, Charlottesville, VA 22903",0.1,https://offgroundshousing.student.virginia.edu/housing/property/walking-distance-to-uva-grounds-and-uva-hospital-now-pre-leasing-for-the-2027-2028-school-year/ocp8wglym2,3.0,2.0,"$4,295
Plus Fees
12 Month Lease","1,538",7/15/27,12 month lease,"Air Conditioning, Dishwasher, Furnished, Hardwood Floors, High-Speed Internet Available, Patio, Balcony, Porch or Deck, Smoke-Free, Washer/Dryer in Unit",0,0,4295.0,1,1,1,0,1,0,0,1,0,0,0,0,0
Student & Dog-Friendly Apartment Near UVA & Downtown,"616 Rockcreek Rd, Charlottesville, VA 22903",0.8,https://offgroundshousing.student.virginia.edu/housing/property/student-and-dog-friendly-apartment-near-uva-and-downtown/dtswevj,2.0,1.0,"$1,495
Plus Fees",,Available Now,,,0,0,1495.0,0,0,0,0,0,0,0,0,0,0,0,0,0
Grandmarc at the Corner,"301 15th Street Northwest, Charlottesville, VA 22903",0.6,https://offgroundshousing.student.virginia.edu/housing/property/grandmarc-at-the-corner/ocp84lf752,1.0,1.0,"$1,330 / Bedroom
Plus Fees
7 Month Lease",,,7 Month Lease,"Air Conditioning, Carpet, Disability Accessible, Dishwasher, Fireplace, Furnished, Hardwood Floors, High-Speed Internet Available, Patio, Balcony, Porch or Deck, Smoke-Free, Fitness Room, Individual Leases, International Student Friendly, Near Bus Stop, Outdoor Rec Space, Pool, Roommate Matching, Tennis Court, Washer/Dryer in Unit",1,0,1330.0,1,1,1,1,1,1,1,1,0,0,1,1,0
Live in the Desirable Western Albemarle School District,"2405 Anlee Rd, Crozet, VA 22932",10.8,https://offgroundshousing.student.virginia.edu/housing/property/live-in-the-desirable-western-albemarle-school-district/fqw2t3t,3.0,2.5,"$2,745
Plus Fees","1,815",6/9/26,,Dishwasher,0,0,2745.0,1,0,0,0,0,0,0,0,0,0,0,0,0
Spring 2026 Sublet: Apartment at the V on the Corner,"201 15th Street Northwest, Charlottesville, VA 22903",0.5,https://offgroundshousing.student.virginia.edu/housing/property/spring-2026-sublet-apartment-at-the-v-on-the-corner/ocpnh5wyfp,1.0,1.0,"$968 / Bedroom
Plus Fees
6 Month Lease",,,6 Month Lease,"Air Conditioning, Carpet, Disability Accessible, Dishwasher, Furnished, Hardwood Floors, High-Speed Internet Available, Patio, Balcony, Porch or Deck, Smoke-Free, International Student Friendly, Washer/Dryer in Unit",1,0,968.0,1,1,1,0,1,0,0,1,0,0,1,0,0
1542 Primrose Ln-,"1542 Primrose Ln, Charlottesville, VA 22902",2.6,https://offgroundshousing.student.virginia.edu/housing/property/1542-primrose-ln/8lx8zx0,3.0,2.5,"$2,500
Plus Fees","1,979",4/15/26,,"Air Conditioning, Dishwasher, Microwave, Refrigerator",0,0,2500.0,1,0,0,0,0,0,0,0,0,0,0,0,0
630 Cabell Ave. Townhomes - Only ONE 2 bedroom left!,"630 Cabell Ave, Charlottesville, VA 22903",0.4,https://offgroundshousing.student.virginia.edu/housing/property/630-cabell-ave-townhomes-only-one-2-bedroom-left/ocptj1ke19,2.0,2.5,"$1,250 / Bedroom
Plus Fees
12 Month Lease","1,299",6/1/26,12 month lease,"Air Conditioning, Carpet, Dishwasher, Hardwood Floors, High-Speed Internet Available, Patio, Balcony, Porch or Deck, Smoke-Free, International Student Friendly, Near Bus Stop, Washer/Dryer in Unit",1,0,1250.0,1,1,1,0,1,0,1,0,0,0,1,0,0
King St.,"1307 King St, Charlottesville, VA 22903",0.5,https://offgroundshousing.student.virginia.edu/housing/property/king-st/h8yf2s2,2.0,1.0,"$1,540
Plus Fees","1,120",Available Now,,,0,0,1540.0,0,0,0,0,0,0,0,0,0,0,0,0,0
Crossroads,"2111 Jefferson Park Avenue, Charlottesville, VA 22903",0.0,https://offgroundshousing.student.virginia.edu/housing/property/crossroads/ocphbbc1t1,1.0,1.0,"$400 / Bedroom
2 Month Lease",,,"Month-to-Month, Summer Sublet","Air Conditioning, Carpet, Dishwasher, Patio, Balcony, Porch or Deck, Laundry Access, Laundry Room in Community, Near Bus Stop",1,0,400.0,1,0,1,0,0,0,1,0,0,1,1,0,0
2383 Austin Drive,"2383 Austin Dr, Charlottesville, VA 22911",10.2,https://offgroundshousing.student.virginia.edu/housing/property/2383-austin-drive/hxs0zm3,3.0,2.5,"$2,250
Plus Fees","1,312",4/1/26,,,0,0,2250.0,0,0,0,0,0,0,0,0,0,0,0,0,0
"Varsity Park Apartments, 10 minute walk to grounds","1534 Virginia Avenue, Charlottesville, VA 22903",0.6,https://offgroundshousing.student.virginia.edu/housing/property/varsity-park-apartments-10-minute-walk-to-grounds/ocpfe4zxsv,4.0,3.0,"$1,300 / Bedroom
Plus Fees
5 Month Lease",,,5 Month Lease,"Air Conditioning, Dishwasher, High-Speed Internet Available, Patio, Balcony, Porch or Deck, International Student Friendly, Near Bus Stop, Washer/Dryer in Unit",1,0,1300.0,1,1,1,0,1,0,1,0,0,0,0,0,0
NPM7241 - 254 Stribling Avenue,"254 Stribling Ave, Charlottesville, VA 22903",1.3,https://offgroundshousing.student.virginia.edu/housing/property/npm7241-254-stribling-avenue/tgrm93c,1.0,1.0,"$1,349
Plus Fees",,7/22/26,,,0,0,1349.0,0,0,0,0,0,0,0,0,0,0,0,0,0
Lease Takeover - $1150 per month for 2bd 1b near UVA campus,"210 Maury Avenue Apt 8, Charlottesville, VA 22903",0.0,https://offgroundshousing.student.virginia.edu/housing/property/lease-takeover-1150-per-month-for-2bd-1b-near-uva-campus/ocpjxpr1g7,2.0,1.0,"$1,150
Plus Fees
6 Month Lease",,,6 Month Lease,"Air Conditioning, Carpet, Individual Leases, International Student Friendly, Near Bus Stop, Laundry Room in Community",0,0,1150.0,0,0,0,0,0,0,1,0,0,1,1,1,0
Spacious Melbourne Park Townhome,"113 Melbourne Park Circle, Charlottesville, VA 22901",2.1,https://offgroundshousing.student.virginia.edu/housing/property/spacious-melbourne-park-townhome/zj3decx,3.0,3.5,"$2,470
Plus Fees","2,120",5/12/27,,"Dishwasher, Exterior Maintenance, HOA Fees, Trash, Water/Sewer",0,0,2470.0,1,0,0,0,0,0,0,0,0,0,0,0,0
Furnished Bedroom in North Grounds Condo,"136 Harvest Drive, Charlottesville, VA 22903",0.3,https://offgroundshousing.student.virginia.edu/housing/property/furnished-bedroom-in-north-grounds-condo/ocpp1fw04s,1.0,1.0,"$733 / Bedroom
12 Month Lease",,7/7/26,12 Month Lease,"Air Conditioning, Dishwasher, Fireplace, Furnished, Hardwood Floors, High-Speed Internet Available, Patio, Balcony, Porch or Deck, International Student Friendly, Near Bus Stop, Pool, Washer/Dryer in Unit",1,0,733.0,1,1,1,0,1,1,1,1,0,0,0,0,0
Great Condo in Huntington Village,"124 Harvest Dr, Charlottesville, VA 22903",1.1,https://offgroundshousing.student.virginia.edu/housing/property/great-condo-in-huntington-village/q8bbj1y,3.0,4.0,"$2,700
Plus Fees","1,660",7/14/26,,Dishwasher,0,0,2700.0,1,0,0,0,0,0,0,0,0,0,0,0,0
"Minutes from UVA Grounds , UVA Hospital - Now Pre-Leasing for the 2026 2027 School Year","231 4th Street Southwest, Charlottesville, VA 22903",1.2,https://offgroundshousing.student.virginia.edu/housing/property/minutes-from-uva-grounds-uva-hospital-now-pre-leasing-for-the-2026-2027-school-year/ocp5byt0jp,1.0,1.0,"$2,795
Plus Fees
12 Month Lease",640,Available Now,12 Month Lease,"Air Conditioning, Furnished, Hardwood Floors, High-Speed Internet Available, Patio, Balcony, Porch or Deck, Smoke-Free, Washer/Dryer in Unit",0,0,2795.0,0,1,1,0,1,0,0,1,0,0,0,0,0
Spacious Fry's Spring Basement Apartment,"2412 Jefferson Park Ave, Charlottesville, VA 22903",0.9,https://offgroundshousing.student.virginia.edu/housing/property/spacious-frys-spring-basement-apartment/3jhd9mf,2.0,1.0,"$1,725
Plus Fees","1,036",6/8/26,,Dishwasher,0,0,1725.0,1,0,0,0,0,0,0,0,0,0,0,0,0
Two Bedroom Apartment Walking Distance to UVA Hospital,,0.8,https://offgroundshousing.student.virginia.edu/housing/property/two-bedroom-apartment-walking-distance-to-uva-hospital/ocpqp9lq8z,2.0,1.0,"$2,100
Plus Fees
12 Month Lease","1,130",Available Now,12 Month Lease,"Air Conditioning, High-Speed Internet Available, Patio, Balcony, Porch or Deck, Smoke-Free, Washer/Dryer in Unit",0,0,2100.0,0,1,1,0,1,0,0,0,0,0,0,0,0
616 Rainier Road,"616 Rainier Rd, Charlottesville, VA 22903",1.0,https://offgroundshousing.student.virginia.edu/housing/property/616-rainier-road/ct7ss1f,4.0,3.5,"$2,995
Plus Fees","3,507",6/11/26,,"Dishwasher, 2 Car Garage, Gas Fireplace, None",0,0,2995.0,1,0,0,0,0,0,0,0,1,0,0,0,0
Apartment behind Rugby Road,"1801 Lambeth Lane, Charlottesville, VA 22903",0.1,https://offgroundshousing.student.virginia.edu/housing/property/apartment-behind-rugby-road/ocprrzbsm0,1.0,1.0,"$1,025 / Bedroom
Plus Fees
12 Month Lease",,,12 Month Lease,"Air Conditioning, Dishwasher, Furnished, Hardwood Floors, Patio, Balcony, Porch or Deck, Smoke-Free, Laundry Access, No Laundry in Unit",1,0,1025.0,1,0,1,0,0,0,0,1,0,0,0,0,0
120 Raymond Ave A-,"120 Raymond Ave, Charlottesville, VA 22903",0.9,https://offgroundshousing.student.virginia.edu/housing/property/120-raymond-ave-a/dm1q6bh,3.0,2.0,"$2,400
Plus Fees","1,690",6/10/26,,"Dishwasher, Microwave, Refrigerator",0,0,2400.0,1,0,0,0,0,0,0,0,0,0,0,0,0
4 bed/2.5 bath house with 2 large bonus rooms on Fontaine Ave,"2300A Fontaine Avenue, Charlottesville, VA 22903",0.4,https://offgroundshousing.student.virginia.edu/housing/property/4-bed-2-5-bath-house-with-2-large-bonus-rooms-on-fontaine-ave/ocprtbhy50,4.0,2.5,"$850 / Bedroom
12 Month Lease",,8/1/26,12 Month Lease,"Air Conditioning, Dishwasher, Hardwood Floors, Patio, Balcony, Porch or Deck, Smoke-Free, International Student Friendly, Near Bus Stop, Washer/Dryer in Unit",1,0,850.0,1,1,1,0,0,0,1,0,0,0,0,0,0
301 Paton St B-,"301 Paton St, Charlottesville, VA 22903",0.4,https://offgroundshousing.student.virginia.edu/housing/property/301-paton-st-b/zn3wzkw,2.0,1.0,"$1,595
Plus Fees",925,7/10/26,,"Air Conditioning, Dishwasher, Refrigerator, Washer/Dryer in Unit",0,0,1595.0,1,1,0,0,0,0,0,0,0,0,0,0,0
"Minutes from UVA Grounds , UVA Hospital - Now Pre-Leasing for the 2026 2027 School Year","231 4th Street Southwest, Charlottesville, VA 22903",1.2,https://offgroundshousing.student.virginia.edu/housing/property/minutes-from-uva-grounds-uva-hospital-now-pre-leasing-for-the-2026-2027-school-year/ocp71krlrz,3.0,2.5,"$4,195
12 Month Lease",,8/5/26,12 Month Lease,"Air Conditioning, Dishwasher, Furnished, Hardwood Floors, Washer/Dryer in Unit",0,0,4195.0,1,1,0,0,0,0,0,1,0,0,0,0,0
Pet-Friendly New Construction in Crozet's Glenbrook Community,"2209 Leeham St, Crozet, VA 22932",10.8,https://offgroundshousing.student.virginia.edu/housing/property/pet-friendly-new-construction-in-crozets-glenbrook-community/pgmc1rs,3.0,2.5,"$2,745
Plus Fees","1,815",5/1/26,,Dishwasher,0,0,2745.0,1,0,0,0,0,0,0,0,0,0,0,0,0
"Cambridge Square, Close to Grounds","822 Cabell Avenue Apt E, Charlottesville, VA 22903",0.7,https://offgroundshousing.student.virginia.edu/housing/property/cambridge-square-close-to-grounds/ocprw5q5p2,3.0,1.5,"$900 / Bedroom
Plus Fees","1,062",,12 month lease,"Air Conditioning, Dishwasher, Hardwood Floors, High-Speed Internet Available, Patio, Balcony, Porch or Deck, Smoke-Free, Fitness Room, Individual Leases, International Student Friendly, Near Bus Stop, Pool, Laundry Access, Laundry Room in Community, Washer/Dryer in Unit",1,0,900.0,1,1,1,1,1,1,1,0,0,1,0,1,0
920 Anderson Street,"920 Anderson St, Charlottesville, VA 22903",0.8,https://offgroundshousing.student.virginia.edu/housing/property/920-anderson-street/w03bmdl,1.0,1.0,"$1,625
Plus Fees",906,7/15/26,,"Cooling (central A/C), Deep yard with alley access to back, Hardwood flooring (heart pine), None, Pets permitted- Limit 1 (CAT or DOG): (fees and documents required), Porches front and back, Two mantels, W/D stacked unit, Washer & Dryer (stackable)",0,0,1625.0,0,0,0,0,0,0,0,0,0,0,1,0,0
Renovated apartment near Football stadium,"Apple Tree Road, Charlottesville, VA 22903",106.6,https://offgroundshousing.student.virginia.edu/housing/property/renovated-apartment-near-football-stadium/ocpxx0wqfm,2.0,1.0,"$2,000
Plus Fees
12 Month Lease",500,8/1/26,12 month lease,"Air Conditioning, Patio, Balcony, Porch or Deck, Smoke-Free, Laundry Room in Community, No Laundry in Unit",0,0,2000.0,0,0,1,0,0,0,0,0,0,1,0,0,0
Student-Friendly 1BR Apartment Near The School of Data Science,"2114 Ivy Rd, Charlottesville, VA 22903",0.7,https://offgroundshousing.student.virginia.edu/housing/property/student-friendly-1br-apartment-near-the-school-of-data-science/1v5xej5,1.0,1.0,"$1,355
Plus Fees",500,7/13/26,,,0,0,1355.0,0,0,0,0,0,0,0,0,0,0,0,0,0
Varsity Park,"1534 Virginia Avenue, Charlottesville, VA 22903",0.6,https://offgroundshousing.student.virginia.edu/housing/property/varsity-park/ocp3btb1gd,1.0,1.0,"$1,000 / Bedroom
Plus Fees
4 Month Lease","1,421",,4 Month Lease,"Air Conditioning, Disability Accessible, Dishwasher, Furnished, Hardwood Floors, High-Speed Internet Available, Patio, Balcony, Porch or Deck, Laundry Access, Washer/Dryer in Unit",1,0,1000.0,1,1,1,0,1,0,0,1,0,0,0,0,0
Conveniently Located Three Bedroom Condo,"1356 Villa Way, Charlottesville, VA 22903",2.2,https://offgroundshousing.student.virginia.edu/housing/property/conveniently-located-three-bedroom-condo/24c4hm8,3.0,2.0,"$1,895
Plus Fees","1,130",Available Now,,"Dishwasher, a club house w/a fitness room, Community Pool and gym, tennis courts & playground",0,0,1895.0,1,0,0,1,0,1,0,0,0,0,0,0,0
Easy walk to UVA Grounds! PRE-LEASING FOR THE 2026-2027 SCHOOL YEAR,"513 Valley Road, Charlottesville, VA 22903",0.4,https://offgroundshousing.student.virginia.edu/housing/property/easy-walk-to-uva-grounds-pre-leasing-for-the-2026-2027-school-year/ocpj7qp9v6,5.0,2.0,"$5,495
Plus Fees
12 Month Lease","1,365",8/15/26,12 Month Lease,"Air Conditioning, Dishwasher, Patio, Balcony, Porch or Deck, Smoke-Free, Washer/Dryer in Unit",0,0,5495.0,1,1,1,0,0,0,0,0,0,0,0,0,0
112 Cleveland Ave,"112 Cleveland Ave, Charlottesville, VA 22903",1.1,https://offgroundshousing.student.virginia.edu/housing/property/112-cleveland-ave/rf9bq30,1.0,1.0,"$1,500
Plus Fees",250,4/1/26,,,0,0,1500.0,0,0,0,0,0,0,0,0,0,0,0,0,0
Master Bedroom Suite in Private Home,"1532 Lake Forest Drive, Charlottesville, VA 22901",2.7,https://offgroundshousing.student.virginia.edu/housing/property/master-bedroom-suite-in-private-home/ocp0lfc1k2,1.0,1.0,"$975 / Bedroom
Plus Fees",,Available Now,12 month lease,"Air Conditioning, Carpet, Dishwasher, Furnished, High-Speed Internet Available, Patio, Balcony, Porch or Deck, Smoke-Free, Individual Leases, Near Bus Stop, Washer/Dryer in Unit",1,0,975.0,1,1,1,0,1,0,1,1,0,0,1,1,0
"115 Hartford Ct (Charlottesville, VA)","115 Hartford Ct, Charlottesville, VA 22902",2.2,https://offgroundshousing.student.virginia.edu/housing/property/115-hartford-ct-charlottesville-va/69qe6jr,3.0,3.5,"$2,300
Plus Fees","1,800",4/28/26,,"Dishwasher, Microwave, Refrigerator, Washer/Dryer in Unit",0,0,2300.0,1,1,0,0,0,0,0,0,0,0,0,0,0
624-626 7 1/2 Street,"624 7 1 / 2 Street Southwest, Charlottesville, VA 22903",0.4,https://offgroundshousing.student.virginia.edu/housing/property/624-626-7-1-2-street/ocpfmjejgt,1.0,1.0,"$750 / Bedroom
Plus Fees
3 Month Lease",,4/5/26,"12 month lease, Short-Term lease","Air Conditioning, Dishwasher, Patio, Balcony, Porch or Deck, Smoke-Free, Individual Leases, Near Bus Stop, Washer/Dryer in Unit",1,0,750.0,1,1,1,0,0,0,1,0,0,0,0,1,0
Charming 2 Bedroom House Downtown,"701 St Clair Ave, Charlottesville, VA 22902",2.1,https://offgroundshousing.student.virginia.edu/housing/property/charming-2-bedroom-house-downtown/4cqx2ql,2.0,1.0,"$1,600
Plus Fees",918,7/22/26,,"Basement (unfinished), Fireplace (electric insert), Garage (1 car), Hardwood flooring, Heating (natural gas), None, Pets permitted- Limit 2 (DOGS or CATS): (fees and documents required), Screened-in Porch, Stove (electric), Window A/C unit (1)",0,0,1600.0,0,0,0,0,0,0,0,0,1,0,1,0,0
Upstairs apt located half a mile from the downtown mall with EV Charging optional,"142 Carlton Road, Charlottesville, VA 22902",2.3,https://offgroundshousing.student.virginia.edu/housing/property/upstairs-apt-located-half-a-mile-from-the-downtown-mall-with-ev-charging-optional/ocp164nrf6,2.0,1.0,"$1,800 - $1,825
Plus Fees
14 Month Lease","1,000",Available Now,14 Month Lease,"Air Conditioning, Carpet, Dishwasher, Hardwood Floors, Smoke-Free, Laundry Access, Washer/Dryer in Unit, Near Bus Stop",0,0,1812.5,1,1,0,0,0,0,1,0,0,0,1,0,0
105 Quince Lane,"105 Quince Ln, Charlottesville, VA 22902",1.6,https://offgroundshousing.student.virginia.edu/housing/property/105-quince-lane/yj8tw6r,3.0,1.5,"$2,250
Plus Fees","1,344",4/1/26,,,0,0,2250.0,0,0,0,0,0,0,0,0,0,0,0,0,0
Just One block from UVA! Now pre-leasing for the 2027-2028 school year,"209 Chancellor Street, Charlottesville, VA 22903",0.1,https://offgroundshousing.student.virginia.edu/housing/property/just-one-block-from-uva-now-pre-leasing-for-the-2027-2028-school-year/ocptkl5lv8,2.0,1.0,"$2,150
Plus Fees
12 Month Lease",675,7/20/26,12 month lease,"Air Conditioning, Smoke-Free, Laundry Room in Community",0,0,2150.0,0,0,0,0,0,0,0,0,0,1,0,0,0
4 Bedroom Townhouse on Abington Drive,"2379 Abington Dr, Charlottesville, VA 22911",7.4,https://offgroundshousing.student.virginia.edu/housing/property/4-bedroom-townhouse-on-abington-drive/g023d7x,4.0,3.5,"$2,685
Plus Fees","2,322",7/29/26,,"Dishwasher, Carpet & Hardwood flooring, Cooling (central A/C), Garage (2 car), Heat Pump (gas), Lawn care provided by HOA (Front yard only), Mail Key Needed, Pets permitted- Limit 2 (DOGS or CATS): (fees and documents required), Stove (electric), Trash service",0,0,2685.0,1,0,0,0,0,0,0,0,1,0,1,0,0
Turtle Creek Condo close to campus and hospital,"132 Turtle Creek Road #8, Charlottesville, VA 22901",2.1,https://offgroundshousing.student.virginia.edu/housing/property/turtle-creek-condo-close-to-campus-and-hospital/ocpdf1d29l,1.0,1.0,"$2,000
Plus Fees",749,Available Now,"12 month lease, 2 Year, 9 month lease, Academic Year, Flexible/Other lease","Air Conditioning, Dishwasher, Fireplace, Furnished, High-Speed Internet Available, Patio, Balcony, Porch or Deck, Smoke-Free, Fitness Room, Near Bus Stop, Pool, Tennis Court, Washer/Dryer in Unit",0,0,2000.0,1,1,1,1,1,1,1,1,0,0,0,0,0
4BR Spring Creek Home with Resort-Style Amenities & Finished Basement,"70 Turkey Trot Ct, Zion Crossroads, VA 22942",16.5,https://offgroundshousing.student.virginia.edu/housing/property/4br-spring-creek-home-with-resort-style-amenities-and-finished-basement/r970tr2,4.0,3.5,"$3,200
Plus Fees","2,945",Available Now,,"Air Conditioning, Carpet, Dishwasher, Fireplace, Garbage Disposal, Refrigerator, Smoke-Free, Laundry Access, Laundry Room in Community",0,0,3200.0,1,0,0,0,0,0,0,0,0,1,1,0,0
2BR/1BA Garden Unit. Completely Remodeled. Flexible Lease Term to July 25th,,0.1,https://offgroundshousing.student.virginia.edu/housing/property/2br-1ba-garden-unit-completely-remodeled-flexible-lease-term-to-july-25th/ocp1qb1lr5,2.0,1.0,"$2,000
Plus Fees
6 Month Lease",805,Available Now,"Academic Year, Flexible/Other lease, Semester, Short-Term lease, Spring Sublet, Summer Sublet","Air Conditioning, Carpet, Dishwasher, Hardwood Floors, Patio, Balcony, Porch or Deck, Smoke-Free, Laundry Room in Community, Washer/Dryer in Unit, Near Bus Stop, Pool",0,0,2000.0,1,1,1,0,0,1,1,0,0,1,1,0,0
109 Piedmont Ave N,"109 Piedmont Ave N, Charlottesville, VA 22903",0.9,https://offgroundshousing.student.virginia.edu/housing/property/109-piedmont-ave-n/tmm81m8,2.0,1.0,"$1,585
Plus Fees",800,7/22/26,,,0,0,1585.0,0,0,0,0,0,0,0,0,0,0,0,0,0
Walk to UVA! Now Pre-leasing for 2027/2028 school year,"126 Maywood Lane, Charlottesville, VA 22903",0.2,https://offgroundshousing.student.virginia.edu/housing/property/walk-to-uva-now-pre-leasing-for-2027-2028-school-year/ocpe8tv5cm,3.0,2.0,"$3,950
Plus Fees
12 Month Lease","1,447",6/3/26,12 month lease,"Air Conditioning, Dishwasher, Furnished, Hardwood Floors, High-Speed Internet Available, Patio, Balcony, Porch or Deck, Smoke-Free, Washer/Dryer in Unit",0,0,3950.0,1,1,1,0,1,0,0,1,0,0,0,0,0
"1002 Linden Ave (Charlottesville, VA)","1002 Linden Ave, Charlottesville, VA 22902",2.4,https://offgroundshousing.student.virginia.edu/housing/property/1002-linden-ave-charlottesville-va/p5stv2t,1.0,1.0,"$1,195
Plus Fees",742,4/1/26,,"Dishwasher, Microwave",0,0,1195.0,1,0,0,0,0,0,0,0,0,0,0,0,0
Steps from The Rotunda! Now Pre-Leasing for the 2028/29 UVA School Year!,"175 Madison Lane, Charlottesville, VA 22903",0.2,https://offgroundshousing.student.virginia.edu/housing/property/steps-from-the-rotunda-now-pre-leasing-for-the-2028-29-uva-school-year/ocph7n2kz2,7.0,2.0,"$11,795
Plus Fees","2,575",7/20/28,12 month lease,"Air Conditioning, Dishwasher, Hardwood Floors, High-Speed Internet Available, Smoke-Free, Washer/Dryer in Unit",0,0,11795.0,1,1,0,0,1,0,0,0,0,0,0,0,0
"2383 Austin Dr (Charlottesville, VA)","2383 Austin Dr, Charlottesville, VA 22911",10.2,https://offgroundshousing.student.virginia.edu/housing/property/2383-austin-dr-charlottesville-va/3qkhxcf,3.0,2.5,"$2,250
Plus Fees","1,312",4/1/26,,,0,0,2250.0,0,0,0,0,0,0,0,0,0,0,0,0,0
Private room with loft & private bathroom in shared suite off of JPA,"222 Stribling Avenue, Charlottesville, VA 22903",0.6,https://offgroundshousing.student.virginia.edu/housing/property/private-room-with-loft-and-private-bathroom-in-shared-suite-off-of-jpa/ocp4wgbkvj,,1.0,"$725
12 Month Lease",249,Available Now,12 month lease,"Air Conditioning, Hardwood Floors, Loft, Patio, Balcony, Porch or Deck, Individual Leases, Near Bus Stop, Laundry Access, Washer/Dryer in Unit",0,0,725.0,0,1,1,0,0,0,1,0,0,0,0,1,0
Student-Friendly Fry's Spring Duplex Near UVA,"2512 Fontaine Ave Ext, Charlottesville, VA 22903",1.0,https://offgroundshousing.student.virginia.edu/housing/property/student-friendly-frys-spring-duplex-near-uva/z96qs1y,2.0,1.5,"$1,750
Plus Fees","1,046",7/10/26,,,0,0,1750.0,0,0,0,0,0,0,0,0,0,0,0,0,0
Prime location - Walking distance to UVA! Pre-leasing for 2027/2028 year!!,"505 Valley Road, Charlottesville, VA 22903",0.3,https://offgroundshousing.student.virginia.edu/housing/property/prime-location-walking-distance-to-uva-pre-leasing-for-2027-2028-year/ocp86bdqp1,6.0,4.0,"$10,395
12 Month Lease","2,170",7/25/27,12 Month Lease,"Air Conditioning, Dishwasher, Hardwood Floors, Washer/Dryer in Unit",0,0,10395.0,1,1,0,0,0,0,0,0,0,0,0,0,0
"1000 Linden Ave (Charlottesville, VA)","1000 Linden Ave, Charlottesville, VA 22902",2.4,https://offgroundshousing.student.virginia.edu/housing/property/1000-linden-ave-charlottesville-va/hx5dfp0,1.0,1.0,"$1,180
Plus Fees",654,5/5/26,,,0,0,1180.0,0,0,0,0,0,0,0,0,0,0,0,0,0
"Spring Creek Golf community, Single Family Home Rental or Sale","29 Wood Duck Lane, Gordonsville, VA 22942",18.2,https://offgroundshousing.student.virginia.edu/housing/property/spring-creek-golf-community-single-family-home-rental-or-sale/ocp32khz3g,4.0,3.5,"$3,000
Plus Fees
6 Month Lease","2,975",Available Now,6 Month Lease,"Air Conditioning, Dishwasher, Fireplace, Hardwood Floors, Patio, Balcony, Porch or Deck, Smoke-Free, Fitness Room, Pool, Tennis Court, Washer/Dryer in Unit",0,0,3000.0,1,1,1,1,0,1,0,0,0,0,0,0,0
605 Shepherds Hill Road,"605 Shepards Hill Rd, Charlottesville, VA 22903",2.6,https://offgroundshousing.student.virginia.edu/housing/property/605-shepherds-hill-road/n2xc5vq,1.0,1.0,"$1,400
Plus Fees",900,5/11/26,,"Dishwasher, Lawn Care, Well and Septic",0,0,1400.0,1,0,0,0,0,0,0,0,0,0,0,0,0
"129 Piedmont Ave N, Charlottesville, VA 22903","129 Piedmont Avenue North, Charlottesville, VA 22903",0.1,https://offgroundshousing.student.virginia.edu/housing/property/129-piedmont-ave-n-charlottesville-va-22903/ocp8f71y90,4.0,2.0,"$900 / Bedroom
Plus Fees",225,Available Now,12 month lease,"Air Conditioning, High-Speed Internet Available, Smoke-Free, Individual Leases, Near Bus Stop, No Laundry in Unit",1,0,900.0,0,0,0,0,1,0,1,0,0,0,0,1,0
509 Valley Rd. Duplex,"509 Valley Rd, Charlottesville, VA 22903",0.7,https://offgroundshousing.student.virginia.edu/housing/property/509-valley-rd-duplex/9xlcq54,4.0,1.0,"$1,545
Plus Fees",900,Available Now,,,0,0,1545.0,0,0,0,0,0,0,0,0,0,0,0,0,0
Charming 2 Bedroom Cottage,"2432 Eastham Hill, Charlottesville, VA 22911",7.8,https://offgroundshousing.student.virginia.edu/housing/property/charming-2-bedroom-cottage/ocppxfsgcr,2.0,1.0,"$1,725
Plus Fees
12 Month Lease",708,Available Now,12 Month Lease,"Air Conditioning, Fireplace, Hardwood Floors, High-Speed Internet Available, Patio, Balcony, Porch or Deck, Smoke-Free, International Student Friendly, Washer/Dryer in Unit",0,0,1725.0,0,1,1,0,1,0,0,0,0,0,0,0,0
? Modern Comfort in a Prime UVA Location – 1800 JPA #610 ?,"1800 Jefferson Park Ave, Charlottesville, VA 22903",0.5,https://offgroundshousing.student.virginia.edu/housing/property/modern-comfort-in-a-prime-uva-location-1800-jpa-610/4lwjs0l,1.0,1.0,"$1,400
Plus Fees",541,6/8/26,,"Community Pool, Trash, Water/Sewer",0,0,1400.0,0,0,0,0,0,1,0,0,0,0,0,0,0
Yugo Crestline Charlottesville,"853 West Main Street, Charlottesville, VA 22903",0.7,https://offgroundshousing.student.virginia.edu/housing/property/yugo-crestline-charlottesville/ocp5w4mdjp,1.0,1.0,"$1,330 / Bedroom
Plus Fees
7 Month Lease",175,,Spring Sublet,"Air Conditioning, Carpet, Disability Accessible, Dishwasher, Furnished, Hardwood Floors, High-Speed Internet Available, Patio, Balcony, Porch or Deck, Fitness Room, Individual Leases, International Student Friendly, Near Bus Stop, Outdoor Rec Space, Pool, Washer/Dryer in Unit",1,0,1330.0,1,1,1,1,1,1,1,1,0,0,1,1,0
Spacious Dog-Friendly Belvedere Apartment,"950 Belvedere Way, Charlottesville, VA 22901",3.5,https://offgroundshousing.student.virginia.edu/housing/property/spacious-dog-friendly-belvedere-apartment/2j23lb8,,,"$1,795",,,,,0,0,1795.0,0,0,0,0,0,0,0,0,0,0,0,0,0
Unfurnished Studio Apartment Close to the Corner,"1203 Wertland Street Apt 13, Charlottesville, VA 22903",0.6,https://offgroundshousing.student.virginia.edu/housing/property/unfurnished-studio-apartment-close-to-the-corner/ocpqmlss3z,,1.0,"$1,575
Plus Fees
7 Month Lease",,,"Semester, Short-Term lease, Spring Sublet","Air Conditioning, Dishwasher, Hardwood Floors, High-Speed Internet Available, Patio, Balcony, Porch or Deck, Washer/Dryer in Unit",0,0,1575.0,1,1,1,0,1,0,0,0,0,0,0,0,0
"Log Home Nestled in the Woods, Albemarle County Location","3126 Martin Kings Rd, Charlottesville, VA 22902",10.0,https://offgroundshousing.student.virginia.edu/housing/property/log-home-nestled-in-the-woods-albemarle-county-location/lqkr1ld,3.0,2.5,"$2,650
Plus Fees","1,995",Available Now,,"Dishwasher, Microwave/exhaust, Well & Septic",0,0,2650.0,1,0,0,0,0,0,0,0,0,0,0,0,0
Bed and Bath for rent at The Standard Charlottesville,"853 West Main Street, Charlottesville, VA 22903",0.7,https://offgroundshousing.student.virginia.edu/housing/property/bed-and-bath-for-rent-at-the-standard-charlottesville/ocpzp0vrqy,2.0,2.0,"$1,000 / Bedroom
Plus Fees
6 Month Lease",,,"Spring Sublet, Summer Sublet","Air Conditioning, Carpet, Disability Accessible, Dishwasher, Furnished, Hardwood Floors, High-Speed Internet Available, Patio, Balcony, Porch or Deck, Fitness Room, Individual Leases, International Student Friendly, Near Bus Stop, Pool, Washer/Dryer in Unit",1,0,1000.0,1,1,1,1,1,1,1,1,0,0,1,1,0
Pet-Friendly! Brand New End-Unit Apartment in Crozet's Glenbrook Neighborhood,"2213 Leeham St, Crozet, VA 22932",10.8,https://offgroundshousing.student.virginia.edu/housing/property/pet-friendly-brand-new-end-unit-apartment-in-crozets-glenbrook-neighborhood/8jkxjn0,2.0,1.0,"$1,885
Plus Fees",892,5/1/26,,Dishwasher,0,0,1885.0,1,0,0,0,0,0,0,0,0,0,0,0,0
1800 Jefferson Park Avenue -1 bedroom available in 2-bedroom apt,"1800 Jefferson Park Avenue, Charlottesville, VA 22903",0.1,https://offgroundshousing.student.virginia.edu/housing/property/1800-jefferson-park-avenue-1-bedroom-available-in-2-bedroom-apt/ocp5d45jwp,1.0,1.0,"$750 / Bedroom
12 Month Lease",,,12 Month Lease,"Air Conditioning, Carpet, Dishwasher, Furnished, Hardwood Floors, High-Speed Internet Available, Patio, Balcony, Porch or Deck, Smoke-Free, International Student Friendly, Near Bus Stop, Pool, Washer/Dryer in Unit",1,0,750.0,1,1,1,0,1,1,1,1,0,0,1,0,0
jb9146-910 Stonehenge Ave,"910 Stonehenge Ave Ext, Charlottesville, VA 22902",1.9,https://offgroundshousing.student.virginia.edu/housing/property/jb9146-910-stonehenge-ave/g7r653x,2.0,1.0,"$1,750
Plus Fees",864,8/10/26,,Dishwasher,0,0,1750.0,1,0,0,0,0,0,0,0,0,0,0,0,0
Cherry Suites,"1001-1003 Cherry Avenue, Charlottesville, VA 22939",0.8,https://offgroundshousing.student.virginia.edu/housing/property/cherry-suites/ocp03edsj0,1.0,1.0,"$899 - $999 / Bedroom
12 Month Lease",,8/3/26,12 month lease,"Air Conditioning, Dishwasher, Furnished, Hardwood Floors, High-Speed Internet Available, Patio, Balcony, Porch or Deck, Smoke-Free, Individual Leases, Near Bus Stop, Washer/Dryer in Unit",1,0,949.0,1,1,1,0,1,0,1,1,0,0,0,1,0
Pet-Friendly Glenbrook Apartment Near Crozet Park,"2409 Anlee Rd, Crozet, VA 22932",10.8,https://offgroundshousing.student.virginia.edu/housing/property/pet-friendly-glenbrook-apartment-near-crozet-park/qjmq5zz,2.0,1.0,"$1,575
Plus Fees",892,5/12/26,,Dishwasher,0,0,1575.0,1,0,0,0,0,0,0,0,0,0,0,0,0
Madison House at UVA,"165 Madison Ln, Charlottesville, VA 22903",0.4,https://offgroundshousing.student.virginia.edu/housing/property/madison-house-at-uva/ryevmr3,1.0,1.0,Call for Rent,325,8/15/26,,,0,1,,0,0,0,0,0,0,0,0,0,0,0,0,0
Pet-Friendly New Construction in Crozet's Glenbrook Community,"2211 Leeham St, Crozet, VA 22932",10.8,https://offgroundshousing.student.virginia.edu/housing/property/pet-friendly-new-construction-in-crozets-glenbrook-community/x04gc8q,2.0,1.0,"$1,765
Plus Fees",892,5/1/26,,Dishwasher,0,0,1765.0,1,0,0,0,0,0,0,0,0,0,0,0,0
"222 Harvest Dr (Charlottesville, VA)","222 Harvest Dr, Charlottesville, VA 22903",1.3,https://offgroundshousing.student.virginia.edu/housing/property/222-harvest-dr-charlottesville-va/8d9rfj3,3.0,2.5,"$2,500
Plus Fees","1,660",6/15/26,,"Air Conditioning, Dishwasher, Extra Storage, Fireplace, Garbage Disposal, Microwave, Refrigerator, Storage for Additional Cost, Washer/Dryer in Unit",0,0,2500.0,1,1,0,0,0,0,0,0,0,0,0,0,0
324 Caroline Ave,"324 Caroline Ave, Charlottesville, VA 22902",2.3,https://offgroundshousing.student.virginia.edu/housing/property/324-caroline-ave/ss2l0e6,2.0,1.0,"$1,560
Plus Fees",,6/10/26,,,0,0,1560.0,0,0,0,0,0,0,0,0,0,0,0,0,0
"44 Sophie Kathryn Dr (Barboursville, VA)","44 Sophie Kathryn Dr, Barboursville, VA 22923",15.4,https://offgroundshousing.student.virginia.edu/housing/property/44-sophie-kathryn-dr-barboursville-va/djmx3xk,3.0,2.5,"$2,295
Plus Fees","1,470",Available Now,,,0,0,2295.0,0,0,0,0,0,0,0,0,0,0,0,0,0
"521 Caddy Aly, Charlottesville, VA 22911","521 Caddy Aly, Charlottesville, VA 22911",7.7,https://offgroundshousing.student.virginia.edu/housing/property/521-caddy-aly-charlottesville-va-22911/zqkbxvy,3.0,2.5,"$2,600
Plus Fees","1,950",5/1/26,,"Carpet, Dishwasher, Extra Storage, Hardwood Floors, Storage for Additional Cost, Washer/Dryer in Unit",0,0,2600.0,1,1,0,0,0,0,0,0,0,0,1,0,0
112 Cleveland Ave,"112 Cleveland Ave, Charlottesville, VA 22903",1.1,https://offgroundshousing.student.virginia.edu/housing/property/112-cleveland-ave/9264d34,2.0,1.0,"$2,200
Plus Fees",,8/1/26,,,0,0,2200.0,0,0,0,0,0,0,0,0,0,0,0,0,0
